ITComponentId,agent,anomalyEnd,anomalyStart,infrastructure,metricType,relevanceScore,timestamp
pythonkoios_koios-worker,docker,1632024380000,1632023840000,6040a96cdcc614001153fc55,prometheus#metrics#process_start_time_seconds-no_subject,0.7077989488834794,1632024560000
pythonkoios_koios-worker,docker,1632025460000,1632024680000,6040a96cdcc614001153fc55,prometheus#metrics#process_start_time_seconds-no_subject,0.8470232605650271,1632025640000
pythonkoios_koios-worker,docker,1632032180000,1632030320000,6040a96cdcc614001153fc55,prometheus#metrics#process_start_time_seconds-no_subject,0.7908110007647563,1632032360000
pythonkoios_koios-worker,docker,1632033020000,1632032600000,6040a96cdcc614001153fc55,prometheus#metrics#process_start_time_seconds-no_subject,0.7702045684146084,1632033200000
nodereservations-service_reservations-service,docker,1632040500000,1632039600000,6040a96cdcc614001153fc55,prometheus#metrics#process_cpu_system_seconds_total-no_subject,0.7384177393888837,1632040680000
nodereservations-service_reservations-service,docker,1632040500000,1632039600000,6040a96cdcc614001153fc55,prometheus#metrics#process_cpu_seconds_total-no_subject,0.7421467523307647,1632040680000
nodereservations-service_reservations-service,docker,1632040500000,1632039600000,6040a96cdcc614001153fc55,prometheus#metrics#process_cpu_user_seconds_total-no_subject,0.7443987608490046,1632040680000
nodereservations-service_reservations-service,docker,1632055020000,1632054000000,6040a96cdcc614001153fc55,prometheus#metrics#process_cpu_seconds_total-no_subject,0.7381719268362744,1632055260000
nodereservations-service_reservations-service,docker,1632055140000,1632054000000,6040a96cdcc614001153fc55,prometheus#metrics#process_cpu_system_seconds_total-no_subject,0.7304165340785344,1632055320000
nodereservations-service_reservations-service,docker,1632055140000,1632054000000,6040a96cdcc614001153fc55,prometheus#metrics#process_cpu_user_seconds_total-no_subject,0.7408554126153578,1632055320000
nodereservations-service_reservations-service,docker,1632064800000,1632064070000,6040a96cdcc614001153fc55,prometheus#metrics#process_start_time_seconds-no_subject,0.72812244148929,1632064980000
apachedocumentation_bookstack,docker,1632072050000,1632071990000,6040a96cdcc614001153fc55,docker#cpu#user#pct-no_subject,0.7058118361153264,1632072230000
nodedisplay_front,docker,1632077270000,1632076490000,6040a96cdcc614001153fc55,docker#memory#rss#pct-no_subject,0.7889822490105103,1632077450000
nodedisplay_front,docker,1632077270000,1632076490000,6040a96cdcc614001153fc55,docker#memory#usage#pct-no_subject,0.7357846274568062,1632077450000
nodedisplay_front,docker,1632078290000,1632077690000,6040a96cdcc614001153fc55,docker#memory#rss#pct-no_subject,0.7385835874865109,1632078470000
nodedisplay_front,docker,1632078290000,1632077690000,6040a96cdcc614001153fc55,docker#memory#usage#pct-no_subject,0.8029199107343317,1632078470000
docker983f275612ba5797,linux60fec228da00c500125f430d,1632089210000,1632088970000,6040a96cdcc614001153fc55,docker#network#in#bytes-no_subject,0.7351791696697046,1632089390000
docker983f275612ba5797,linux60fec228da00c500125f430d,1632089210000,1632088970000,6040a96cdcc614001153fc55,docker#network#in#packets-no_subject,0.7134882396370005,1632089390000
nodereservations-service_reservations-service,docker,1632092060000,1632091580000,6040a96cdcc614001153fc55,prometheus#metrics#nodejs_active_requests-no_subject,0.7910436613174402,1632092240000
pythonkoios_koios-worker,docker,1632092960000,1632089420000,6040a96cdcc614001153fc55,prometheus#metrics#process_cpu_seconds_total-no_subject,0.8060747663551403,1632093140000
nodedisplay_front,docker,1632104930000,1632104510000,6040a96cdcc614001153fc55,docker#memory#rss#pct-no_subject,0.703769607386607,1632105110000
rabbitmqqueue_rabbitmq,docker,1632107410000,1632107110000,6040a96cdcc614001153fc55,rabbitmq#queue#consumers#utilisation#pct-no_subject,0.7047606029670294,1632107590000
nodereservations-service_reservations-service,docker,1632117810000,1632117630000,6040a96cdcc614001153fc55,prometheus#metrics#process_resident_memory_bytes-no_subject,0.7107803748499743,1632117990000
nodereservations-service_reservations-service,docker,1632118230000,1632117630000,6040a96cdcc614001153fc55,prometheus#metrics#nodejs_heap_size_used_bytes-no_subject,0.7240742553797294,1632118470000
mysqlc65d1f2cd07cc218,linux604b83aa4c58ea0011d62211,1632130280000,1632129800000,6040a96cdcc614001153fc55,mysql#status#queries-no_subject,0.7246410848168537,1632130460000
mysqlc65d1f2cd07cc218,linux604b83aa4c58ea0011d62211,1632139940000,1632139640000,6040a96cdcc614001153fc55,mysql#status#innodb#rows#inserted-no_subject,0.7175016809563669,1632140120000
nodereservations-service_reservations-service,docker,1632142920000,1632141950000,6040a96cdcc614001153fc55,prometheus#metrics#process_start_time_seconds-no_subject,0.7121083131614757,1632143160000
nodereservations-service_reservations-service,docker,1632143160000,1632141470000,6040a96cdcc614001153fc55,prometheus#metrics#process_cpu_seconds_total-no_subject,0.7100923838008026,1632143340000
nodereports-service_reports-service,docker,1632151490000,1632151130000,6040a96cdcc614001153fc55,docker#memory#usage#pct-no_subject,0.7046735916857458,1632151670000
nodereservations-service_reservations-service,docker,1632154440000,1632154200000,6040a96cdcc614001153fc55,prometheus#metrics#nodejs_eventloop_lag_max_seconds-no_subject,0.7870461981750717,1632154830000
nodereservations-service_reservations-service,docker,1632154560000,1632154200000,6040a96cdcc614001153fc55,prometheus#metrics#nodejs_eventloop_lag_min_seconds-no_subject,0.7265352150295699,1632154830000
nodereservations-service_reservations-service,docker,1632154560000,1632154200000,6040a96cdcc614001153fc55,prometheus#metrics#nodejs_eventloop_lag_stddev_seconds-no_subject,0.7892193642504449,1632154830000
nodereservations-service_reservations-service,docker,1632163740000,1632163200000,6040a96cdcc614001153fc55,prometheus#metrics#errors_encountered-no_subject,0.7911663866769839,1632163980000
nodereservations-service_reservations-service,docker,1632164850000,1632164540000,6040a96cdcc614001153fc55,prometheus#metrics#nodejs_external_memory_bytes-no_subject,0.7223152493345263,1632165090000
nodereservations-service_reservations-service,docker,1632166290000,1632165810000,6040a96cdcc614001153fc55,prometheus#metrics#errors_encountered-no_subject,0.7080321733784131,1632166650000
pythonkoios_koios-worker,docker,1632180680000,1632176060000,6040a96cdcc614001153fc55,prometheus#metrics#process_cpu_seconds_total-no_subject,0.8009417025735055,1632180860000
nodereservation_reservation,docker,1632193020000,1632192960000,6040a96cdcc614001153fc55,docker#diskio#summary#rate-no_subject,0.7356716417910448,1632193200000
nodereports-service_reports-service,docker,1632197150000,1632196850000,6040a96cdcc614001153fc55,docker#diskio#summary#rate-no_subject,0.895,1632197390000
nodereservations-service_reservations-service,docker,1632205610000,1632204170000,6040a96cdcc614001153fc55,prometheus#metrics#nodejs_active_requests_total-no_subject,0.8669073880185246,1632206090000
nodereservations-service_reservations-service,docker,1632205550000,1632202010000,6040a96cdcc614001153fc55,prometheus#metrics#nodejs_external_memory_bytes-no_subject,0.8256079181815349,1632206090000
nodereservations-service_reservations-service,docker,1632206030000,1632200990000,6040a96cdcc614001153fc55,prometheus#metrics#process_open_fds-no_subject,0.7012532631365737,1632206210000
linux609bdec6b677860011c6e30c,linux609bdec6b677860011c6e30c,1632206740000,1632206680000,6040a96cdcc614001153fc55,system#diskio#iostat#write#per_sec#bytes-sda1,0.7010746064339494,1632206920000
linux609bdec6b677860011c6e30c,linux609bdec6b677860011c6e30c,1632206740000,1632206680000,6040a96cdcc614001153fc55,system#diskio#iostat#write#per_sec#bytes-sda,0.7010746064339494,1632206920000
nodereservations-service_reservations-service,docker,1632211200000,1632206810000,6040a96cdcc614001153fc55,prometheus#metrics#nodejs_gc_duration_seconds_bucket-no_subject,0.7418316883553283,1632211380000
nodereservations-service_reservations-service,docker,1632211140000,1632206810000,6040a96cdcc614001153fc55,prometheus#metrics#nodejs_gc_duration_seconds_sum-no_subject,0.7899716419621704,1632211380000
nodereservations-service_reservations-service,docker,1632211200000,1632206810000,6040a96cdcc614001153fc55,prometheus#metrics#nodejs_gc_duration_seconds_count-no_subject,0.7427929393268032,1632211380000
nodereservations-service_reservations-service,docker,1632213150000,1632212430000,6040a96cdcc614001153fc55,docker#network#out#packets-no_subject,0.7829165486085173,1632213330000
nodereservations-service_reservations-service,docker,1632213150000,1632212430000,6040a96cdcc614001153fc55,docker#network#in#packets-no_subject,0.7694393280223791,1632213330000
nodereservations-service_reservations-service,docker,1632213810000,1632213030000,6040a96cdcc614001153fc55,prometheus#metrics#errors_encountered-no_subject,0.7024584111694518,1632214050000
nodereservations-service_reservations-service,docker,1632213810000,1632213030000,6040a96cdcc614001153fc55,prometheus#metrics#nodejs_gc_duration_seconds_count-no_subject,0.7020486100010359,1632214050000
nodereservations-service_reservations-service,docker,1632213810000,1632213030000,6040a96cdcc614001153fc55,prometheus#metrics#nodejs_gc_duration_seconds_bucket-no_subject,0.7023714099000523,1632214050000
nodereservations-service_reservations-service,docker,1632214830000,1632214350000,6040a96cdcc614001153fc55,prometheus#metrics#nodejs_active_requests-no_subject,0.7152336824033853,1632215010000
nodereports-service_reports-service,docker,1632217130000,1632216350000,6040a96cdcc614001153fc55,docker#memory#usage#pct-no_subject,0.7355089374097346,1632217310000
docker2489ddd64d0996e5,linux60fec22dda00c500125f4313,1632236750000,1632236390000,6040a96cdcc614001153fc55,docker#diskio#summary#rate-no_subject,0.8060421846949813,1632236930000
docker983f275612ba5797,linux60fec228da00c500125f430d,1632238190000,1632238010000,6040a96cdcc614001153fc55,docker#cpu#system#pct-no_subject,0.7849999999999999,1632238490000
docker533eacfa0bebb3ca,linux60fec22ada00c500125f4310,1632238140000,1632237960000,6040a96cdcc614001153fc55,docker#cpu#system#pct-no_subject,0.7849999999999999,1632238320000
docker983f275612ba5797,linux60fec228da00c500125f430d,1632238610000,1632238130000,6040a96cdcc614001153fc55,docker#memory#rss#pct-no_subject,0.8542120507175386,1632238790000
mysqlc65d1f2cd07cc218,linux604b83aa4c58ea0011d62211,1632240140000,1632239960000,6040a96cdcc614001153fc55,mysql#status#handler#write-no_subject,0.7808077017201334,1632240320000
pythonkoios_koios-worker,docker,1632263900000,1632263840000,6040a96cdcc614001153fc55,prometheus#metrics#process_virtual_memory_bytes-no_subject,0.7236912751677852,1632264200000
pythonkoios_koios-worker,docker,1632263900000,1632263840000,6040a96cdcc614001153fc55,prometheus#metrics#process_resident_memory_bytes-no_subject,0.7353225806451613,1632264200000
pythonkoios_koios-worker,docker,1632266480000,1632262220000,6040a96cdcc614001153fc55,prometheus#metrics#process_cpu_seconds_total-no_subject,0.7526168282903019,1632266660000
pythonhyperion_client-plages,docker,1632268960000,1632268840000,6040a96cdcc614001153fc55,docker#cpu#kernel#pct-no_subject,0.7069637959942333,1632269560000
linux60fec22ada00c500125f4310,linux60fec22ada00c500125f4310,1632269400000,1632268860000,6040a96cdcc614001153fc55,system#memory#actual#used#pct-no_subject,0.8710613078002831,1632269580000
linux60fec22ada00c500125f4310,linux60fec22ada00c500125f4310,1632269940000,1632269820000,6040a96cdcc614001153fc55,system#memory#actual#used#pct-no_subject,0.7629359753556125,1632270120000
data-api_data-api,docker,1632279600000,1632279480000,6040a96cdcc614001153fc55,docker#memory#rss#pct-no_subject,0.71,1632279780000
nodereports-service_reports-service,docker,1632283550000,1632283250000,6040a96cdcc614001153fc55,docker#cpu#kernel#pct-no_subject,0.7095635191839853,1632283730000
nodereservation_reservation,docker,1632300060000,1632299520000,6040a96cdcc614001153fc55,docker#network#out#bytes-no_subject,0.7089203766251074,1632300240000
nginxweblate_weblate,docker,1632315360000,1632314820000,6040a96cdcc614001153fc55,docker#cpu#total#pct-no_subject,0.7150196785380492,1632315540000
nginxweblate_weblate,docker,1632315360000,1632314820000,6040a96cdcc614001153fc55,docker#cpu#user#pct-no_subject,0.7294552306796116,1632315540000
packetaibcbf6881c8b51cc6,linux604b83aa4c58ea0011d62211,1632317800000,1632317380000,6040a96cdcc614001153fc55,system#process#memory#share-no_subject,0.7839239266849308,1632317980000
mysqlc65d1f2cd07cc218,linux604b83aa4c58ea0011d62211,1632318560000,1632317240000,6040a96cdcc614001153fc55,mysql#status#innodb#buffer_pool#pool#reads-no_subject,0.7105049670122829,1632318740000
pythonkoios_koios-tasks,docker,1632325590000,1632325230000,6040a96cdcc614001153fc55,docker#memory#rss#pct-no_subject,0.7401585766900891,1632325770000
docker2d4f33a3d22c7833,linux60fec22ada00c500125f430f,1632336120000,1632336060000,6040a96cdcc614001153fc55,docker#cpu#user#pct-no_subject,0.7010160427807487,1632336300000
pythonkoios_koios-worker,docker,1632350480000,1632350300000,6040a96cdcc614001153fc55,prometheus#metrics#process_resident_memory_bytes-no_subject,0.8432438478747203,1632350720000
pythonkoios_koios-worker,docker,1632350660000,1632350360000,6040a96cdcc614001153fc55,prometheus#metrics#python_gc_collections_total-no_subject,0.7207346317772528,1632350840000
pythonkoios_koios-worker,docker,1632352760000,1632348620000,6040a96cdcc614001153fc55,prometheus#metrics#process_cpu_seconds_total-no_subject,0.8208381391772396,1632352940000
nodereports-service_reports-service,docker,1632370010000,1632369650000,6040a96cdcc614001153fc55,docker#cpu#kernel#pct-no_subject,0.7653322617075423,1632370190000
mysql357e569af1d96542,linux608ac1c48e4afc0040b43d19,1632357130000,1632325210000,6040a96cdcc614001153fc55,mysql#status#opened_tables-no_subject,0.7835785951328753,1632375430000
mysql357e569af1d96542,linux608ac1c48e4afc0040b43d19,1632355150000,1632325210000,6040a96cdcc614001153fc55,mysql#status#open#tables-no_subject,0.7716477108838702,1632375430000
mysql357e569af1d96542,linux608ac1c48e4afc0040b43d19,1632375430000,1632325210000,6040a96cdcc614001153fc55,mysql#status#cache#table#open_cache#misses-no_subject,0.9205881971641628,1632375610000
nodereservations-service_reservations-service,docker,1632376160000,1632375620000,6040a96cdcc614001153fc55,prometheus#metrics#process_resident_memory_bytes-no_subject,0.7079004952133247,1632376460000
nodereservations-service_reservations-service,docker,1632379340000,1632379160000,6040a96cdcc614001153fc55,prometheus#metrics#nodejs_external_memory_bytes-no_subject,0.7221089890228396,1632379520000
gateway_caddy_server,docker,1632379650000,1632379470000,6040a96cdcc614001153fc55,docker#cpu#system#pct-no_subject,0.7849999999999999,1632379890000
rubylogs_fluentd,docker,1632380470000,1632380110000,6040a96cdcc614001153fc55,docker#cpu#total#pct-no_subject,0.8064569733197683,1632380650000
rubylogs_fluentd,docker,1632380470000,1632380110000,6040a96cdcc614001153fc55,docker#cpu#user#pct-no_subject,0.7602649140355103,1632380650000
rubylogs_fluentd,docker,1632380470000,1632380110000,6040a96cdcc614001153fc55,docker#cpu#kernel#pct-no_subject,0.8143456708088284,1632380650000
portainer_portainer,docker,1632380430000,1632380070000,6040a96cdcc614001153fc55,docker#cpu#total#pct-no_subject,0.7655302343422035,1632380610000
portainer_portainer,docker,1632380430000,1632380070000,6040a96cdcc614001153fc55,docker#cpu#user#pct-no_subject,0.7617642590617214,1632380610000
nodereservations-service_reservations-service,docker,1632380610000,1632380310000,6040a96cdcc614001153fc55,prometheus#metrics#total_request_time_sum-no_subject,0.8086469901712162,1632380790000
rubylogs_fluentd,docker,1632380770000,1632380110000,6040a96cdcc614001153fc55,docker#memory#usage#pct-no_subject,0.7359233136448027,1632380950000
rubylogs_fluentd,docker,1632380770000,1632380110000,6040a96cdcc614001153fc55,docker#memory#rss#pct-no_subject,0.8214781676811106,1632380950000
apachegaia_worker,docker,1632382070000,1632381830000,6040a96cdcc614001153fc55,docker#memory#usage#pct-no_subject,0.7052602496904291,1632382250000
apachedocumentation_bookstack,docker,1632382370000,1632381950000,6040a96cdcc614001153fc55,docker#memory#usage#pct-no_subject,0.7489582354812132,1632382550000
apachedocumentation_bookstack,docker,1632382550000,1632381950000,6040a96cdcc614001153fc55,docker#diskio#summary#wait_time-no_subject,0.7152188775939928,1632382730000
portainer_portainer,docker,1632382530000,1632381930000,6040a96cdcc614001153fc55,docker#diskio#summary#wait_time-no_subject,0.7132340968343086,1632382710000
docker24929622c71624a6,linux60fec238da00c500125f4314,1632382530000,1632381930000,6040a96cdcc614001153fc55,docker#diskio#summary#ops-no_subject,0.7647070878543953,1632382710000
docker24929622c71624a6,linux60fec238da00c500125f4314,1632382530000,1632381930000,6040a96cdcc614001153fc55,docker#diskio#summary#rate-no_subject,0.7958299299930115,1632382710000
docker24929622c71624a6,linux60fec238da00c500125f4314,1632382530000,1632381930000,6040a96cdcc614001153fc55,docker#diskio#summary#wait_time-no_subject,0.7628898088533846,1632382710000
linux60fec238da00c500125f4314,linux60fec238da00c500125f4314,1632382510000,1632381970000,6040a96cdcc614001153fc55,system#diskio#iostat#read#per_sec#bytes-sda1,0.8045040757736932,1632382690000
linux60fec238da00c500125f4314,linux60fec238da00c500125f4314,1632382510000,1632381970000,6040a96cdcc614001153fc55,system#diskio#iostat#read#per_sec#bytes-sda,0.8045040757736932,1632382690000
mysql357e569af1d96542,linux608ac1c48e4afc0040b43d19,1632382630000,1632382150000,6040a96cdcc614001153fc55,mysql#status#cache#table#open_cache#misses-no_subject,0.8058649148966915,1632382810000
portainer_agent,docker,1632383200000,1632382240000,6040a96cdcc614001153fc55,docker#network#out#bytes-no_subject,0.7268407855959348,1632383380000
portainer_agent,docker,1632384280000,1632383860000,6040a96cdcc614001153fc55,docker#diskio#summary#rate-no_subject,0.9029033047932709,1632384460000
portainer_agent,docker,1632384280000,1632383860000,6040a96cdcc614001153fc55,docker#diskio#summary#service_time-no_subject,0.819607843137255,1632384460000
portainer_agent,docker,1632384280000,1632383860000,6040a96cdcc614001153fc55,docker#diskio#summary#ops-no_subject,0.7826680864595624,1632384460000
noderealtime-status_realtime-tasks,docker,1632386030000,1632385550000,6040a96cdcc614001153fc55,docker#cpu#total#pct-no_subject,0.7888389228390441,1632386210000
noderealtime-status_realtime-tasks,docker,1632385850000,1632385190000,6040a96cdcc614001153fc55,docker#memory#usage#pct-no_subject,0.7430989507555381,1632386210000
noderealtime-status_realtime-tasks,docker,1632386030000,1632385550000,6040a96cdcc614001153fc55,docker#cpu#user#pct-no_subject,0.7484743542892905,1632386210000
noderealtime-status_realtime-worker,docker,1632386080000,1632385900000,6040a96cdcc614001153fc55,docker#cpu#system#pct-no_subject,0.7849999999999999,1632386260000
portainer_agent,docker,1632386380000,1632385900000,6040a96cdcc614001153fc55,docker#diskio#summary#service_time-no_subject,0.7164148236887463,1632386560000
noderealtime-status_realtime-worker,docker,1632386560000,1632385900000,6040a96cdcc614001153fc55,docker#memory#rss#pct-no_subject,0.751232531821557,1632386740000
noderealtime-status_realtime-worker,docker,1632386560000,1632385900000,6040a96cdcc614001153fc55,docker#memory#usage#pct-no_subject,0.7501052905738829,1632386740000
redisgaia_redis,docker,1632386470000,1632386110000,6040a96cdcc614001153fc55,docker#memory#usage#pct-no_subject,0.925,1632386650000
rabbitmqqueue_rabbitmq,docker,1632386490000,1632384680000,6040a96cdcc614001153fc55,rabbitmq#node#fd#used-no_subject,0.7920918549474809,1632386790000
rabbitmqqueue_rabbitmq,docker,1632386490000,1632385890000,6040a96cdcc614001153fc55,rabbitmq#connection#packet_count#received-no_subject,0.747324165117933,1632386790000
apachegaia_scripts,docker,1632386210000,1632386090000,6040a96cdcc614001153fc55,docker#diskio#summary#ops-no_subject,0.71,1632386810000
apachegaia_scripts,docker,1632386450000,1632386090000,6040a96cdcc614001153fc55,docker#cpu#system#pct-no_subject,0.925,1632386810000
apachegaia_scripts,docker,1632386810000,1632386090000,6040a96cdcc614001153fc55,docker#memory#usage#pct-no_subject,1,1632386990000
apachegaia_scripts,docker,1632386810000,1632386090000,6040a96cdcc614001153fc55,docker#memory#rss#pct-no_subject,1,1632386990000
docker4a9851bee76cb07f,linux60fec229da00c500125f430e,1632387040000,1632386680000,6040a96cdcc614001153fc55,docker#network#in#packets-no_subject,0.7376523950493917,1632387220000
linux60fec238da00c500125f4314,linux60fec238da00c500125f4314,1632387190000,1632386890000,6040a96cdcc614001153fc55,system#diskio#iostat#write#per_sec#bytes-sda,0.7209827884373601,1632387370000
linux60fec238da00c500125f4314,linux60fec238da00c500125f4314,1632387190000,1632386890000,6040a96cdcc614001153fc55,system#diskio#iostat#write#per_sec#bytes-sda1,0.7209827884373601,1632387370000
nodesite-service_site-service,docker,1632387100000,1632386440000,6040a96cdcc614001153fc55,docker#memory#usage#pct-no_subject,0.8635429965249385,1632387280000
linux60fec229da00c500125f430e,linux60fec229da00c500125f430e,1632387320000,1632386420000,6040a96cdcc614001153fc55,system#network#out#bytes-no_subject,0.7706060150331816,1632387500000
docker8cd84a50555179ca,linux60fec22cda00c500125f4311,1632387410000,1632387230000,6040a96cdcc614001153fc55,docker#cpu#system#pct-no_subject,0.7849999999999999,1632387710000
docker8cd84a50555179ca,linux60fec22cda00c500125f4311,1632387650000,1632387230000,6040a96cdcc614001153fc55,docker#memory#rss#pct-no_subject,0.7122029831478346,1632387830000
docker2d4f33a3d22c7833,linux60fec22ada00c500125f430f,1632387660000,1632387480000,6040a96cdcc614001153fc55,docker#cpu#system#pct-no_subject,0.7849999999999999,1632387900000
docker2d4f33a3d22c7833,linux60fec22ada00c500125f430f,1632387840000,1632387480000,6040a96cdcc614001153fc55,docker#memory#rss#pct-no_subject,0.7236063858120684,1632388020000
linux60fec229da00c500125f430e,linux60fec229da00c500125f430e,1632387860000,1632387680000,6040a96cdcc614001153fc55,system#diskio#iostat#write#per_sec#bytes-sda,0.7814529914529915,1632388040000
linux60fec229da00c500125f430e,linux60fec229da00c500125f430e,1632387860000,1632387680000,6040a96cdcc614001153fc55,system#diskio#iostat#write#per_sec#bytes-sda1,0.7814529914529915,1632388040000
docker533eacfa0bebb3ca,linux60fec22ada00c500125f4310,1632387660000,1632387480000,6040a96cdcc614001153fc55,docker#cpu#system#pct-no_subject,0.7849999999999999,1632387900000
linux60fec238da00c500125f4314,linux60fec238da00c500125f4314,1632387490000,1632387430000,6040a96cdcc614001153fc55,system#diskio#iostat#write#per_sec#bytes-sda,0.7273218840871234,1632387910000
linux60fec238da00c500125f4314,linux60fec238da00c500125f4314,1632387490000,1632387430000,6040a96cdcc614001153fc55,system#diskio#iostat#write#per_sec#bytes-sda1,0.7273218840871234,1632387910000
docker2838c0afcc7620ff,linux60fec22dda00c500125f4312,1632387650000,1632387470000,6040a96cdcc614001153fc55,docker#cpu#system#pct-no_subject,0.7849999999999999,1632388010000
docker2838c0afcc7620ff,linux60fec22dda00c500125f4312,1632387890000,1632387470000,6040a96cdcc614001153fc55,docker#memory#usage#pct-no_subject,0.801873795080947,1632388070000
docker2838c0afcc7620ff,linux60fec22dda00c500125f4312,1632387890000,1632387470000,6040a96cdcc614001153fc55,docker#memory#rss#pct-no_subject,0.7809484628447203,1632388070000
linux60fec22dda00c500125f4312,linux60fec22dda00c500125f4312,1632387880000,1632387460000,6040a96cdcc614001153fc55,system#diskio#iostat#read#per_sec#bytes-sda,0.913961590572176,1632388060000
linux60fec22dda00c500125f4312,linux60fec22dda00c500125f4312,1632387880000,1632387460000,6040a96cdcc614001153fc55,system#diskio#iostat#read#per_sec#bytes-sda1,0.913961590572176,1632388060000
docker2489ddd64d0996e5,linux60fec22dda00c500125f4313,1632387650000,1632387470000,6040a96cdcc614001153fc55,docker#cpu#system#pct-no_subject,0.7849999999999999,1632387890000
docker2489ddd64d0996e5,linux60fec22dda00c500125f4313,1632387890000,1632387530000,6040a96cdcc614001153fc55,docker#memory#rss#pct-no_subject,0.7641716091801286,1632388070000
rabbitmqqueue_rabbitmq,docker,1632387810000,1632387450000,6040a96cdcc614001153fc55,rabbitmq#node#disk#free#bytes-no_subject,0.7140064194801742,1632388110000
nodereservation_reservation,docker,1632388140000,1632387600000,6040a96cdcc614001153fc55,docker#diskio#summary#wait_time-no_subject,0.7039920582099999,1632388320000
nodescrapers_scrapers,docker,1632388070000,1632387830000,6040a96cdcc614001153fc55,docker#diskio#summary#rate-no_subject,0.8400000000000001,1632388250000
portainer_agent,docker,1632388120000,1632387880000,6040a96cdcc614001153fc55,docker#diskio#summary#rate-no_subject,0.7137490761352039,1632388300000
docker24929622c71624a6,linux60fec238da00c500125f4314,1632388170000,1632387690000,6040a96cdcc614001153fc55,docker#diskio#summary#wait_time-no_subject,0.7018538461171405,1632388350000
docker2838c0afcc7620ff,linux60fec22dda00c500125f4312,1632388010000,1632387470000,6040a96cdcc614001153fc55,docker#diskio#summary#ops-no_subject,0.7850231580993717,1632388190000
apachegaia_worker,docker,1632386890000,1632386230000,6040a96cdcc614001153fc55,docker#memory#usage#pct-no_subject,0.7969317872105766,1632388210000
apachegaia_worker,docker,1632387730000,1632387250000,6040a96cdcc614001153fc55,prometheus#metrics#gaia_worker_execution_bucket-no_subject,0.9650000000000001,1632388210000
apachegaia_worker,docker,1632387730000,1632387250000,6040a96cdcc614001153fc55,prometheus#metrics#gaia_worker_execution_sum-no_subject,0.9650000000000001,1632388210000
apachegaia_worker,docker,1632386710000,1632386230000,6040a96cdcc614001153fc55,docker#memory#rss#pct-no_subject,0.8041943513294002,1632388210000
apachegaia_worker,docker,1632387730000,1632387250000,6040a96cdcc614001153fc55,prometheus#metrics#gaia_worker_execution_count-no_subject,0.9650000000000001,1632388210000
linux60fec238da00c500125f4314,linux60fec238da00c500125f4314,1632388270000,1632387490000,6040a96cdcc614001153fc55,system#cpu#total#pct-no_subject,0.7015530199832738,1632388450000
apachegaia_worker,docker,1632388390000,1632386170000,6040a96cdcc614001153fc55,docker#cpu#system#pct-no_subject,1,1632388570000
monitoring_prometheus,docker,1632389330000,1632389150000,6040a96cdcc614001153fc55,docker#cpu#system#pct-no_subject,0.7849999999999999,1632389690000
monitoring_prometheus,docker,1632389210000,1632389150000,6040a96cdcc614001153fc55,docker#diskio#summary#ops-no_subject,0.7329353233830845,1632389690000
monitoring_prometheus,docker,1632389570000,1632389210000,6040a96cdcc614001153fc55,docker#memory#usage#pct-no_subject,0.925,1632389750000
monitoring_prometheus,docker,1632389690000,1632389270000,6040a96cdcc614001153fc55,docker#memory#rss#pct-no_subject,0.702013935472641,1632389870000
linux60fec229da00c500125f430e,linux60fec229da00c500125f430e,1632389780000,1632389180000,6040a96cdcc614001153fc55,system#memory#actual#used#pct-no_subject,0.7728382825681225,1632389960000
rubylogs_fluentd,docker,1632392290000,1632391810000,6040a96cdcc614001153fc55,docker#network#out#bytes-no_subject,0.7853907138205797,1632392470000
rubylogs_fluentd,docker,1632392290000,1632391810000,6040a96cdcc614001153fc55,docker#network#in#bytes-no_subject,0.7645087522816393,1632392470000
rubylogs_fluentd,docker,1632392290000,1632391810000,6040a96cdcc614001153fc55,docker#network#out#packets-no_subject,0.804005557499806,1632392470000
rubylogs_fluentd,docker,1632392290000,1632391810000,6040a96cdcc614001153fc55,docker#network#in#packets-no_subject,0.7727917491866241,1632392470000
rabbitmqqueue_rabbitmq,docker,1632392320000,1632391960000,6040a96cdcc614001153fc55,rabbitmq#node#disk#free#bytes-no_subject,0.7287458246710905,1632392500000
docker2838c0afcc7620ff,linux60fec22dda00c500125f4312,1632392330000,1632391850000,6040a96cdcc614001153fc55,docker#network#out#packets-no_subject,0.781375308374292,1632392510000
docker2838c0afcc7620ff,linux60fec22dda00c500125f4312,1632392330000,1632391850000,6040a96cdcc614001153fc55,docker#network#in#packets-no_subject,0.7833984058543934,1632392510000
docker2838c0afcc7620ff,linux60fec22dda00c500125f4312,1632393230000,1632392930000,6040a96cdcc614001153fc55,docker#network#out#packets-no_subject,0.7816371059737728,1632393410000
apachedocumentation_bookstack,docker,1632393470000,1632393110000,6040a96cdcc614001153fc55,docker#memory#rss#pct-no_subject,0.7696012636788988,1632393650000
rubylogs_fluentd,docker,1632393310000,1632392650000,6040a96cdcc614001153fc55,docker#network#out#bytes-no_subject,0.889456937905084,1632393490000
rubylogs_fluentd,docker,1632393310000,1632392830000,6040a96cdcc614001153fc55,docker#network#in#bytes-no_subject,0.9097410686283283,1632393490000
rubylogs_fluentd,docker,1632393310000,1632392830000,6040a96cdcc614001153fc55,docker#network#out#packets-no_subject,0.8741142141972955,1632393490000
rubylogs_fluentd,docker,1632393310000,1632392830000,6040a96cdcc614001153fc55,docker#network#in#packets-no_subject,0.9191371323610658,1632393490000
rubylogs_fluentd,docker,1632394090000,1632393730000,6040a96cdcc614001153fc55,docker#network#out#bytes-no_subject,0.805133412744309,1632394330000
rubylogs_fluentd,docker,1632394330000,1632394030000,6040a96cdcc614001153fc55,docker#network#in#packets-no_subject,0.9065935007064244,1632394510000
rubylogs_fluentd,docker,1632394330000,1632393730000,6040a96cdcc614001153fc55,docker#network#out#packets-no_subject,0.8780988429691439,1632394510000
rubylogs_fluentd,docker,1632394330000,1632394030000,6040a96cdcc614001153fc55,docker#network#in#bytes-no_subject,0.8963527010818649,1632394510000
docker2838c0afcc7620ff,linux60fec22dda00c500125f4312,1632394070000,1632393710000,6040a96cdcc614001153fc55,docker#network#in#packets-no_subject,0.7056375048603748,1632394250000
docker2838c0afcc7620ff,linux60fec22dda00c500125f4312,1632394790000,1632394490000,6040a96cdcc614001153fc55,docker#network#in#packets-no_subject,0.7501715331923497,1632394970000
docker8cd84a50555179ca,linux60fec22cda00c500125f4311,1632395510000,1632394610000,6040a96cdcc614001153fc55,docker#network#out#packets-no_subject,0.779996195263914,1632395690000
docker8cd84a50555179ca,linux60fec22cda00c500125f4311,1632395510000,1632394610000,6040a96cdcc614001153fc55,docker#network#in#packets-no_subject,0.7735944465334975,1632395690000
rubylogs_fluentd,docker,1632398890000,1632398590000,6040a96cdcc614001153fc55,docker#network#in#bytes-no_subject,0.70451681090043,1632399070000
rubylogs_fluentd,docker,1632398890000,1632398590000,6040a96cdcc614001153fc55,docker#network#in#packets-no_subject,0.7781588537796674,1632399070000
rubylogs_fluentd,docker,1632398890000,1632398590000,6040a96cdcc614001153fc55,docker#network#out#packets-no_subject,0.725539625536177,1632399070000
rubylogs_fluentd,docker,1632398890000,1632398590000,6040a96cdcc614001153fc55,docker#network#out#bytes-no_subject,0.7328784723735909,1632399070000
docker2838c0afcc7620ff,linux60fec22dda00c500125f4312,1632401750000,1632401330000,6040a96cdcc614001153fc55,docker#network#in#packets-no_subject,0.7326262325329607,1632401930000
nodecollector-api_collector-api,docker,1632402210000,1632401910000,6040a96cdcc614001153fc55,docker#cpu#user#pct-no_subject,0.8823270573078749,1632402390000
nodecollector-api_collector-api,docker,1632402210000,1632401910000,6040a96cdcc614001153fc55,docker#cpu#total#pct-no_subject,0.8754803072060596,1632402390000
koios_koios-api,docker,1632402650000,1632402290000,6040a96cdcc614001153fc55,docker#memory#usage#pct-no_subject,0.7142806498209767,1632402830000
koios_koios-api,docker,1632402650000,1632402290000,6040a96cdcc614001153fc55,docker#memory#rss#pct-no_subject,0.7168044786062006,1632402830000
linux60fec22cda00c500125f4311,linux60fec22cda00c500125f4311,1632402650000,1632402290000,6040a96cdcc614001153fc55,system#memory#actual#used#pct-no_subject,0.7209058336322524,1632402830000
pythonkoios_koios-worker,docker,1632402620000,1632402380000,6040a96cdcc614001153fc55,prometheus#metrics#process_virtual_memory_bytes-no_subject,0.8812689901697945,1632403580000
pythonkoios_koios-worker,docker,1632402800000,1632402440000,6040a96cdcc614001153fc55,prometheus#metrics#process_resident_memory_bytes-no_subject,0.9482126899016979,1632403580000
pythonkoios_koios-worker,docker,1632403520000,1632402380000,6040a96cdcc614001153fc55,prometheus#metrics#python_gc_objects_collected_total-no_subject,0.9850854880980733,1632403700000
pythonkoios_koios-worker,docker,1632403520000,1632402380000,6040a96cdcc614001153fc55,prometheus#metrics#python_gc_collections_total-no_subject,0.7749138720451673,1632403700000
pythonkoios_koios-worker,docker,1632403520000,1632402380000,6040a96cdcc614001153fc55,prometheus#metrics#koios_task_duration_seconds_bucket-no_subject,0.9699424784527282,1632403700000
pythonkoios_koios-worker,docker,1632403520000,1632402380000,6040a96cdcc614001153fc55,prometheus#metrics#koios_task_duration_seconds_count-no_subject,0.9679485779184009,1632403700000
pythonkoios_koios-worker,docker,1632403520000,1632402380000,6040a96cdcc614001153fc55,prometheus#metrics#koios_task_duration_seconds_sum-no_subject,1,1632403700000
pythonkoios_koios-worker,docker,1632403820000,1632403760000,6040a96cdcc614001153fc55,prometheus#metrics#koios_task_duration_seconds_sum-no_subject,0.7345702306079666,1632404060000
pythonkoios_koios-worker,docker,1632403820000,1632403760000,6040a96cdcc614001153fc55,prometheus#metrics#python_gc_objects_collected_total-no_subject,0.7337168141592919,1632404060000
rubylogs_fluentd,docker,1632405130000,1632404830000,6040a96cdcc614001153fc55,docker#network#in#bytes-no_subject,0.7904814241602643,1632405310000
rubylogs_fluentd,docker,1632405130000,1632404830000,6040a96cdcc614001153fc55,docker#network#in#packets-no_subject,0.791476424343195,1632405310000
rubylogs_fluentd,docker,1632405130000,1632404830000,6040a96cdcc614001153fc55,docker#network#out#packets-no_subject,0.7128183726116663,1632405310000
apachegaia_scripts,docker,1632404990000,1632404150000,6040a96cdcc614001153fc55,docker#memory#usage#pct-no_subject,1,1632405170000
apachegaia_scripts,docker,1632404990000,1632404150000,6040a96cdcc614001153fc55,docker#memory#rss#pct-no_subject,1,1632405170000
javaappsmith_appsmith-internal-server,docker,1632405410000,1632404930000,6040a96cdcc614001153fc55,docker#memory#usage#pct-no_subject,0.7011314123463577,1632405590000
javaappsmith_appsmith-internal-server,docker,1632405410000,1632404930000,6040a96cdcc614001153fc55,docker#memory#rss#pct-no_subject,0.7034014662028634,1632405590000
docker8cd84a50555179ca,linux60fec22cda00c500125f4311,1632407450000,1632407150000,6040a96cdcc614001153fc55,docker#network#out#packets-no_subject,0.71541581163425,1632407630000
docker8cd84a50555179ca,linux60fec22cda00c500125f4311,1632407450000,1632407150000,6040a96cdcc614001153fc55,docker#network#in#packets-no_subject,0.722864507173194,1632407630000
apachegaia_scripts,docker,1632413390000,1632412670000,6040a96cdcc614001153fc55,docker#memory#usage#pct-no_subject,0.7095137482130438,1632413570000
apachegaia_scripts,docker,1632413390000,1632412670000,6040a96cdcc614001153fc55,docker#memory#rss#pct-no_subject,0.7095137482130438,1632413570000
mysql357e569af1d96542,linux608ac1c48e4afc0040b43d19,1632398530000,1632392590000,6040a96cdcc614001153fc55,mysql#status#opened_tables-no_subject,0.7078155494737587,1632419590000
mysql357e569af1d96542,linux608ac1c48e4afc0040b43d19,1632410530000,1632392530000,6040a96cdcc614001153fc55,mysql#status#cache#table#open_cache#misses-no_subject,0.9407382435406982,1632419590000
mysql357e569af1d96542,linux608ac1c48e4afc0040b43d19,1632399670000,1632392530000,6040a96cdcc614001153fc55,mysql#status#open#files-no_subject,0.7318176155588803,1632419590000
mysql357e569af1d96542,linux608ac1c48e4afc0040b43d19,1632419590000,1632392590000,6040a96cdcc614001153fc55,mysql#status#cache#table#open_cache#overflows-no_subject,0.9285860802133205,1632419770000
rediskoios_redis_cache,docker,1632437330000,1632436910000,6040a96cdcc614001153fc55,docker#memory#usage#pct-no_subject,0.750149296778056,1632437510000
pythonkoios_koios-worker,docker,1632437180000,1632402320000,6040a96cdcc614001153fc55,prometheus#metrics#process_start_time_seconds-no_subject,0.9984984984984985,1632437600000
pythonkoios_koios-worker,docker,1632437180000,1632436460000,6040a96cdcc614001153fc55,prometheus#metrics#koios_task_duration_seconds_sum-no_subject,0.799151638508869,1632437600000
pythonkoios_koios-worker,docker,1632436640000,1632436520000,6040a96cdcc614001153fc55,prometheus#metrics#process_resident_memory_bytes-no_subject,0.7856938866577421,1632437600000
pythonkoios_koios-worker,docker,1632437960000,1632402320000,6040a96cdcc614001153fc55,prometheus#metrics#koios_task_duration_seconds_created-no_subject,0.9982222222222222,1632438140000
rediskoios_redis_cache,docker,1632438230000,1632437810000,6040a96cdcc614001153fc55,docker#memory#usage#pct-no_subject,0.8486476033921146,1632438410000
rediskoios_redis_cache,docker,1632438230000,1632437810000,6040a96cdcc614001153fc55,docker#memory#rss#pct-no_subject,0.8613696446901681,1632438410000
mysql357e569af1d96542,linux608ac1c48e4afc0040b43d19,1632436450000,1632436210000,6040a96cdcc614001153fc55,mysql#status#threads#running-no_subject,0.8400000000000001,1632439570000
mysql357e569af1d96542,linux608ac1c48e4afc0040b43d19,1632439690000,1632436090000,6040a96cdcc614001153fc55,mysql#status#innodb#buffer_pool#pool#reads-no_subject,0.9369050385073483,1632439870000
mysql357e569af1d96542,linux608ac1c48e4afc0040b43d19,1632440410000,1632439930000,6040a96cdcc614001153fc55,mysql#status#innodb#buffer_pool#pool#reads-no_subject,0.8095525041193822,1632440590000
mysql357e569af1d96542,linux608ac1c48e4afc0040b43d19,1632445270000,1632444910000,6040a96cdcc614001153fc55,mysql#status#cache#table#open_cache#overflows-no_subject,0.7712551846936181,1632445450000
apachegaia_worker,docker,1632448330000,1632447790000,6040a96cdcc614001153fc55,docker#cpu#system#pct-no_subject,0.7140004594018782,1632448510000
nodereports-service_reports-service,docker,1632456410000,1632456110000,6040a96cdcc614001153fc55,docker#cpu#kernel#pct-no_subject,0.734242467683106,1632456590000
nodereservations-service_reservations-service,docker,1632463070000,1632462530000,6040a96cdcc614001153fc55,prometheus#metrics#nodejs_heap_size_used_bytes-no_subject,0.7023334366176618,1632463250000
nodereservations-service_reservations-service,docker,1632463070000,1632462590000,6040a96cdcc614001153fc55,prometheus#metrics#nodejs_heap_space_size_used_bytes-no_subject,0.7027817397681476,1632463250000
nodereservations-service_reservations-service,docker,1632463670000,1632463310000,6040a96cdcc614001153fc55,prometheus#metrics#process_heap_bytes-no_subject,0.7440896776972846,1632463850000
nodereservations-service_reservations-service,docker,1632463670000,1632463310000,6040a96cdcc614001153fc55,prometheus#metrics#nodejs_heap_size_total_bytes-no_subject,0.756421422375081,1632463850000
nodereservations-service_reservations-service,docker,1632463670000,1632463310000,6040a96cdcc614001153fc55,prometheus#metrics#nodejs_heap_space_size_total_bytes-no_subject,0.7690971602856144,1632463850000
nodereservations-service_reservations-service,docker,1632463670000,1632463310000,6040a96cdcc614001153fc55,prometheus#metrics#process_virtual_memory_bytes-no_subject,0.7041049759398675,1632463850000
nodereservations-service_reservations-service,docker,1632464570000,1632464390000,6040a96cdcc614001153fc55,prometheus#metrics#process_resident_memory_bytes-no_subject,0.7194010646278205,1632464750000
nodereservations-service_reservations-service,docker,1632464570000,1632464330000,6040a96cdcc614001153fc55,prometheus#metrics#process_virtual_memory_bytes-no_subject,0.7606945543913479,1632464750000
docker8cd84a50555179ca,linux60fec22cda00c500125f4311,1632469610000,1632469370000,6040a96cdcc614001153fc55,docker#network#out#bytes-no_subject,0.7217924226349406,1632469790000
nodereservations-service_reservations-service,docker,1632470580000,1632469860000,6040a96cdcc614001153fc55,prometheus#metrics#nodejs_active_handles_total-no_subject,0.7116614156271116,1632470760000
nodereservations-service_reservations-service,docker,1632470580000,1632469860000,6040a96cdcc614001153fc55,prometheus#metrics#process_open_fds-no_subject,0.7201765703935719,1632470760000
nodereservations-service_reservations-service,docker,1632470580000,1632470100000,6040a96cdcc614001153fc55,prometheus#metrics#nodejs_active_requests-no_subject,0.7265093688118706,1632470760000
nodereservations-service_reservations-service,docker,1632470640000,1632470040000,6040a96cdcc614001153fc55,prometheus#metrics#nodejs_active_requests_total-no_subject,0.7755044365865582,1632470820000
docker2838c0afcc7620ff,linux60fec22dda00c500125f4312,1632475490000,1632474830000,6040a96cdcc614001153fc55,docker#network#in#packets-no_subject,0.7015547730318791,1632475670000
mysql6d7613c72a46df40,linux604b83a14c58ea0011d6220f,1632476150000,1632475910000,6040a96cdcc614001153fc55,mysql#status#innodb#buffer_pool#write_requests-no_subject,0.7224420614425785,1632476330000
docker2838c0afcc7620ff,linux60fec22dda00c500125f4312,1632476150000,1632475850000,6040a96cdcc614001153fc55,docker#network#in#packets-no_subject,0.7216703821755207,1632476330000
nodedisplay_front,docker,1632476760000,1632476100000,6040a96cdcc614001153fc55,docker#memory#usage#pct-no_subject,0.7557538358535077,1632476940000
nodedisplay_front,docker,1632476820000,1632476100000,6040a96cdcc614001153fc55,docker#memory#rss#pct-no_subject,0.7428710483960984,1632477000000
rubylogs_fluentd,docker,1632481990000,1632481450000,6040a96cdcc614001153fc55,docker#network#in#packets-no_subject,0.7286324511043679,1632482170000
rubylogs_fluentd,docker,1632481990000,1632481450000,6040a96cdcc614001153fc55,docker#network#in#bytes-no_subject,0.7278685112808949,1632482170000
rubylogs_fluentd,docker,1632481990000,1632481450000,6040a96cdcc614001153fc55,docker#network#out#packets-no_subject,0.7117953662724236,1632482170000
pythonkoios_koios-worker,docker,1632483380000,1632462800000,6040a96cdcc614001153fc55,prometheus#metrics#process_start_time_seconds-no_subject,0.7266557796740619,1632483560000
pythonkoios_koios-worker,docker,1632485720000,1632470300000,6040a96cdcc614001153fc55,prometheus#metrics#koios_task_duration_seconds_created-no_subject,0.8397411176156405,1632485900000
nodezoho_zoho-service,docker,1632486120000,1632485520000,6040a96cdcc614001153fc55,docker#cpu#kernel#pct-no_subject,0.793055873683303,1632486600000
nodezoho_zoho-service,docker,1632486120000,1632485520000,6040a96cdcc614001153fc55,docker#cpu#total#pct-no_subject,0.7808786745212029,1632486600000
nodezoho_zoho-service,docker,1632486840000,1632485580000,6040a96cdcc614001153fc55,docker#memory#rss#pct-no_subject,0.7150075841553534,1632487020000
keto_keto,docker,1632487630000,1632487150000,6040a96cdcc614001153fc55,docker#cpu#user#pct-no_subject,0.7495724365437252,1632487810000
nodezoho_zoho-service,docker,1632488160000,1632487140000,6040a96cdcc614001153fc55,docker#cpu#kernel#pct-no_subject,0.9213713742973484,1632488340000
nodezoho_zoho-service,docker,1632488160000,1632487140000,6040a96cdcc614001153fc55,docker#cpu#total#pct-no_subject,0.8986656014059659,1632488340000
nodezoho_zoho-service,docker,1632488160000,1632487140000,6040a96cdcc614001153fc55,docker#cpu#user#pct-no_subject,0.9009045569115154,1632488340000
nodezoho_zoho-service,docker,1632488220000,1632487920000,6040a96cdcc614001153fc55,docker#network#out#packets-no_subject,0.7573658386865368,1632488400000
nodezoho_zoho-service,docker,1632489060000,1632488580000,6040a96cdcc614001153fc55,docker#network#out#bytes-no_subject,0.8568879130078266,1632489240000
nodezoho_zoho-service,docker,1632489060000,1632488580000,6040a96cdcc614001153fc55,docker#network#out#packets-no_subject,0.8433958995934959,1632489240000
nodezoho_zoho-service,docker,1632489060000,1632488580000,6040a96cdcc614001153fc55,docker#network#in#packets-no_subject,0.8347301133584152,1632489240000
nodezoho_zoho-service,docker,1632489060000,1632488760000,6040a96cdcc614001153fc55,docker#cpu#kernel#pct-no_subject,0.7773244006409876,1632489240000
nodezoho_zoho-service,docker,1632489060000,1632488580000,6040a96cdcc614001153fc55,docker#network#in#bytes-no_subject,0.8891702302038836,1632489240000
nodezoho_zoho-service,docker,1632489060000,1632488760000,6040a96cdcc614001153fc55,docker#cpu#total#pct-no_subject,0.7626470575989529,1632489240000
nginxappsmith_appsmith-nginx,docker,1632494690000,1632494330000,6040a96cdcc614001153fc55,docker#network#in#packets-no_subject,0.7480610066802699,1632494870000
nginxappsmith_appsmith-nginx,docker,1632494690000,1632494330000,6040a96cdcc614001153fc55,docker#network#out#packets-no_subject,0.7328930680168444,1632494870000
mysql6d7613c72a46df40,linux604b83a14c58ea0011d6220f,1632507710000,1632506510000,6040a96cdcc614001153fc55,mysql#status#handler#read#next-no_subject,0.8053481493172332,1632507890000
mysql6d7613c72a46df40,linux604b83a14c58ea0011d6220f,1632507710000,1632506510000,6040a96cdcc614001153fc55,mysql#status#innodb#rows#reads-no_subject,0.8150249383001426,1632507890000
pythonkoios_koios-worker,docker,1632523100000,1632523040000,6040a96cdcc614001153fc55,prometheus#metrics#process_resident_memory_bytes-no_subject,0.7353297682709448,1632523280000
pythonkoios_koios-worker,docker,1632523520000,1632523220000,6040a96cdcc614001153fc55,prometheus#metrics#process_open_fds-no_subject,0.8947844705139087,1632523700000
pythonhyperion_client-plages,docker,1632528100000,1632528040000,6040a96cdcc614001153fc55,docker#network#in#packets-no_subject,0.7357963446475196,1632528280000
pythonhyperion_client-plages,docker,1632528100000,1632528040000,6040a96cdcc614001153fc55,docker#network#out#packets-no_subject,0.7358595641646489,1632528280000
portainer_portainer,docker,1632546090000,1632546030000,6040a96cdcc614001153fc55,docker#network#in#bytes-no_subject,0.7147368421052631,1632546270000
packetaie6471dd6a1a09b54,linux604b83a14c58ea0011d6220f,1632603420000,1632603000000,6040a96cdcc614001153fc55,system#process#memory#rss#bytes-no_subject,0.711386039878195,1632603600000
packetaie6471dd6a1a09b54,linux604b83a14c58ea0011d6220f,1632605700000,1632604740000,6040a96cdcc614001153fc55,system#process#memory#size-no_subject,0.7036454393400519,1632605880000
pythonkoios_koios-worker,docker,1632609920000,1632609620000,6040a96cdcc614001153fc55,prometheus#metrics#process_open_fds-no_subject,0.8241823805651789,1632610100000
packetaie6471dd6a1a09b54,linux604b83a14c58ea0011d6220f,1632613380000,1632612720000,6040a96cdcc614001153fc55,system#process#memory#rss#bytes-no_subject,0.7172070879454634,1632613560000
linux609bdef1b677860011c6e30d,linux609bdef1b677860011c6e30d,1632621710000,1632621650000,6040a96cdcc614001153fc55,system#diskio#iostat#read#per_sec#bytes-sda,0.7031994645247658,1632621890000
linux609bdef1b677860011c6e30d,linux609bdef1b677860011c6e30d,1632621710000,1632621650000,6040a96cdcc614001153fc55,system#diskio#iostat#read#per_sec#bytes-sda1,0.7008100929614874,1632621890000
rubylogs_fluentd,docker,1632643870000,1632643450000,6040a96cdcc614001153fc55,docker#network#in#bytes-no_subject,0.7145845434858811,1632644050000
rubylogs_fluentd,docker,1632643870000,1632643450000,6040a96cdcc614001153fc55,docker#network#in#packets-no_subject,0.7079071801061881,1632644050000
pythonkoios_koios-worker,docker,1632695840000,1632695780000,6040a96cdcc614001153fc55,prometheus#metrics#process_virtual_memory_bytes-no_subject,0.7214948683623383,1632696020000
nodereservations-service_reservations-service,docker,1632721440000,1632720960000,6040a96cdcc614001153fc55,prometheus#metrics#nodejs_external_memory_bytes-no_subject,0.764419464516104,1632721620000
nodereservations-service_reservations-service,docker,1632728180000,1632727820000,6040a96cdcc614001153fc55,prometheus#metrics#nodejs_active_requests-no_subject,0.7140228346905494,1632728360000
nodereservations-service_reservations-service,docker,1632744240000,1632743880000,6040a96cdcc614001153fc55,docker#network#in#bytes-no_subject,0.8438501792277925,1632744420000
linux60fec22ada00c500125f430f,linux60fec22ada00c500125f430f,1632749640000,1632749580000,6040a96cdcc614001153fc55,system#network#in#bytes-no_subject,0.7268144499178982,1632749820000
monitoring_blackbox-exporter,docker,1632749730000,1632749610000,6040a96cdcc614001153fc55,docker#memory#rss#total-no_subject,0.71,1632749910000
redisgaia_redis,docker,1632749830000,1632749590000,6040a96cdcc614001153fc55,docker#memory#usage#total-no_subject,0.8400000000000001,1632750010000
consul_consul-server,docker,1632749890000,1632749590000,6040a96cdcc614001153fc55,docker#memory#usage#total-no_subject,0.895,1632750070000
apachedocumentation_bookstack,docker,1632750070000,1632749890000,6040a96cdcc614001153fc55,docker#diskio#write#service_time-no_subject,0.7849999999999999,1632750250000
pythonbackup_dockup-node,docker,1632750490000,1632750370000,6040a96cdcc614001153fc55,docker#memory#usage#total-no_subject,0.71,1632750670000
nodesensor-service_sensor-service,docker,1632750970000,1632750310000,6040a96cdcc614001153fc55,docker#memory#usage#total-no_subject,0.995,1632751150000
docker4a9851bee76cb07f,linux60fec229da00c500125f430e,1632751090000,1632750910000,6040a96cdcc614001153fc55,docker#memory#usage#total-no_subject,0.7849999999999999,1632751270000
pythonkoios_koios-tasks,docker,1632751340000,1632751220000,6040a96cdcc614001153fc55,docker#memory#usage#total-no_subject,0.71,1632751520000
pythonkoios_koios-worker,docker,1632751150000,1632751030000,6040a96cdcc614001153fc55,docker#memory#usage#total-no_subject,0.71,1632751330000
javaappsmith_appsmith-internal-server,docker,1632751570000,1632751390000,6040a96cdcc614001153fc55,docker#memory#usage#total-no_subject,0.7849999999999999,1632751750000
pythonalerts_alerts-engine,docker,1632752260000,1632752140000,6040a96cdcc614001153fc55,docker#memory#rss#total-no_subject,0.71,1632752440000
data-api_data-api,docker,1632751660000,1632751180000,6040a96cdcc614001153fc55,prometheus#metrics#go_memstats_frees_total-no_subject,0.7275175772599008,1632752260000
data-api_data-api,docker,1632751780000,1632751240000,6040a96cdcc614001153fc55,prometheus#metrics#affluences_data_api_response_size_bytes_count-no_subject,0.734464998931033,1632752260000
data-api_data-api,docker,1632751780000,1632751240000,6040a96cdcc614001153fc55,prometheus#metrics#affluences_data_api_request_duration_seconds_sum-no_subject,0.7428133246842833,1632752260000
data-api_data-api,docker,1632751780000,1632751240000,6040a96cdcc614001153fc55,prometheus#metrics#affluences_data_api_request_size_bytes_count-no_subject,0.734464998931033,1632752260000
data-api_data-api,docker,1632751780000,1632751240000,6040a96cdcc614001153fc55,prometheus#metrics#affluences_data_api_request_duration_seconds_count-no_subject,0.734464998931033,1632752260000
data-api_data-api,docker,1632751840000,1632751300000,6040a96cdcc614001153fc55,prometheus#metrics#go_memstats_last_gc_time_seconds-no_subject,0.8087611952785144,1632752260000
data-api_data-api,docker,1632751600000,1632751120000,6040a96cdcc614001153fc55,prometheus#metrics#affluences_data_api_response_size_bytes_sum-no_subject,0.7803101840496552,1632752260000
data-api_data-api,docker,1632751780000,1632751240000,6040a96cdcc614001153fc55,prometheus#metrics#affluences_data_api_request_size_bytes_sum-no_subject,0.7422949952542188,1632752260000
data-api_data-api,docker,1632752080000,1632750400000,6040a96cdcc614001153fc55,docker#memory#usage#total-no_subject,1,1632752260000
data-api_data-api,docker,1632751660000,1632751240000,6040a96cdcc614001153fc55,prometheus#metrics#go_memstats_buck_hash_sys_bytes-no_subject,0.7255773461696702,1632752260000
data-api_data-api,docker,1632751660000,1632751180000,6040a96cdcc614001153fc55,prometheus#metrics#go_memstats_alloc_bytes_total-no_subject,0.7329845554547987,1632752260000
data-api_data-api,docker,1632751660000,1632751180000,6040a96cdcc614001153fc55,prometheus#metrics#go_gc_duration_seconds_count-no_subject,0.7192512792729812,1632752260000
data-api_data-api,docker,1632751780000,1632751240000,6040a96cdcc614001153fc55,prometheus#metrics#affluences_data_api_requests_total-no_subject,0.7166520794850371,1632752260000
data-api_data-api,docker,1632751660000,1632751180000,6040a96cdcc614001153fc55,prometheus#metrics#go_memstats_mallocs_total-no_subject,0.7289488757085713,1632752260000
data-api_data-api,docker,1632752260000,1632751780000,6040a96cdcc614001153fc55,prometheus#metrics#go_gc_duration_seconds_sum-no_subject,0.7729394060830935,1632752500000
nodedisplay_front,docker,1632752350000,1632752230000,6040a96cdcc614001153fc55,docker#memory#usage#total-no_subject,0.71,1632752530000
portainer_portainer,docker,1632752350000,1632752170000,6040a96cdcc614001153fc55,docker#memory#usage#total-no_subject,0.7849999999999999,1632752530000
pythonbackup_dockup-node,docker,1632752410000,1632752230000,6040a96cdcc614001153fc55,docker#memory#usage#total-no_subject,0.7849999999999999,1632752590000
keto_keto,docker,1632752590000,1632752350000,6040a96cdcc614001153fc55,docker#memory#usage#total-no_subject,0.8400000000000001,1632752770000
apachedocumentation_bookstack,docker,1632752830000,1632752710000,6040a96cdcc614001153fc55,docker#diskio#read#wait_time-no_subject,0.71,1632753010000
apachedocumentation_bookstack,docker,1632752830000,1632752710000,6040a96cdcc614001153fc55,docker#diskio#read#service_time-no_subject,0.71,1632753010000
apachedocumentation_bookstack,docker,1632752830000,1632752710000,6040a96cdcc614001153fc55,docker#diskio#write#wait_time-no_subject,0.71,1632753010000
docker8cd84a50555179ca,linux60fec22cda00c500125f4311,1632753640000,1632753460000,6040a96cdcc614001153fc55,docker#memory#usage#total-no_subject,0.7849999999999999,1632753820000
noderealtime-status_realtime-tasks,docker,1632753700000,1632753520000,6040a96cdcc614001153fc55,docker#memory#usage#total-no_subject,0.7849999999999999,1632753880000
pythonkoios_koios-tasks,docker,1632754300000,1632753940000,6040a96cdcc614001153fc55,docker#memory#usage#total-no_subject,0.925,1632754480000
pythonkoios_koios-tasks,docker,1632754300000,1632753940000,6040a96cdcc614001153fc55,docker#memory#rss#total-no_subject,0.925,1632754480000
nodealerts_alerts-service,docker,1632754050000,1632753930000,6040a96cdcc614001153fc55,docker#memory#rss#total-no_subject,0.71,1632754230000
nodealerts_alerts-service,docker,1632754050000,1632753930000,6040a96cdcc614001153fc55,docker#memory#usage#total-no_subject,0.71,1632754230000
mysql357e569af1d96542,linux608ac1c48e4afc0040b43d19,1632756270000,1632754410000,6040a96cdcc614001153fc55,mysql#status#innodb#rows#updated-no_subject,0.8321022184715914,1632756930000
mysql357e569af1d96542,linux608ac1c48e4afc0040b43d19,1632756270000,1632754410000,6040a96cdcc614001153fc55,mysql#status#innodb#rows#inserted-no_subject,0.9218026793221145,1632756930000
mysql357e569af1d96542,linux608ac1c48e4afc0040b43d19,1632756930000,1632754410000,6040a96cdcc614001153fc55,mysql#status#innodb#buffer_pool#pool#reads-no_subject,0.8754687982489049,1632757110000
mysql357e569af1d96542,linux608ac1c48e4afc0040b43d19,1632758910000,1632758670000,6040a96cdcc614001153fc55,mysql#status#innodb#rows#updated-no_subject,0.7711742086707488,1632759090000
mysql357e569af1d96542,linux608ac1c48e4afc0040b43d19,1632762940000,1632761080000,6040a96cdcc614001153fc55,mysql#status#innodb#rows#updated-no_subject,0.818170860410158,1632763120000
mysql357e569af1d96542,linux608ac1c48e4afc0040b43d19,1632762940000,1632761080000,6040a96cdcc614001153fc55,mysql#status#open#tables-no_subject,0.8043318097166456,1632763120000
mysql357e569af1d96542,linux608ac1c48e4afc0040b43d19,1632762940000,1632761080000,6040a96cdcc614001153fc55,mysql#status#innodb#rows#inserted-no_subject,0.7349046391724178,1632763120000
mysql357e569af1d96542,linux608ac1c48e4afc0040b43d19,1632767680000,1632766720000,6040a96cdcc614001153fc55,mysql#status#innodb#rows#updated-no_subject,0.7383700698453722,1632767920000
linux60fec22ada00c500125f430f,linux60fec22ada00c500125f430f,1632793950000,1632793890000,6040a96cdcc614001153fc55,system#network#in#bytes-no_subject,0.726019656019656,1632794130000
packetaibcbf6881c8b51cc6,linux604b83aa4c58ea0011d62211,1632795160000,1632793900000,6040a96cdcc614001153fc55,system#process#fd#open-no_subject,0.8179663139483973,1632795340000
linux60b8d8abaeb6f802698917b1,linux60b8d8abaeb6f802698917b1,1632804820000,1632804700000,6040a96cdcc614001153fc55,system#diskio#iostat#write#per_sec#bytes-sda1,0.7112988192552225,1632805000000
linux60b8d8abaeb6f802698917b1,linux60b8d8abaeb6f802698917b1,1632804820000,1632804700000,6040a96cdcc614001153fc55,system#diskio#iostat#write#per_sec#bytes-sda,0.7112988192552225,1632805000000
mysql357e569af1d96542,linux608ac1c48e4afc0040b43d19,1632816340000,1632815560000,6040a96cdcc614001153fc55,mysql#status#innodb#buffer_pool#pages#misc-no_subject,0.9330262077464185,1632816520000
mysql357e569af1d96542,linux608ac1c48e4afc0040b43d19,1632818020000,1632816700000,6040a96cdcc614001153fc55,mysql#status#innodb#buffer_pool#pages#misc-no_subject,0.8215571638448925,1632818680000
mysql357e569af1d96542,linux608ac1c48e4afc0040b43d19,1632820420000,1632815080000,6040a96cdcc614001153fc55,mysql#status#innodb#buffer_pool#bytes#data-no_subject,0.9488684284615014,1632820660000
mysql357e569af1d96542,linux608ac1c48e4afc0040b43d19,1632820420000,1632815080000,6040a96cdcc614001153fc55,mysql#status#innodb#buffer_pool#pages#data-no_subject,0.9258293551831671,1632820660000
mysql357e569af1d96542,linux608ac1c48e4afc0040b43d19,1632841360000,1632838720000,6040a96cdcc614001153fc55,mysql#status#innodb#buffer_pool#bytes#data-no_subject,0.7013570372527274,1632841540000
mysql357e569af1d96542,linux608ac1c48e4afc0040b43d19,1632841900000,1632841660000,6040a96cdcc614001153fc55,mysql#status#innodb#buffer_pool#pages#misc-no_subject,0.7050681689735376,1632842260000
mysql357e569af1d96542,linux608ac1c48e4afc0040b43d19,1632842740000,1632841660000,6040a96cdcc614001153fc55,mysql#status#innodb#buffer_pool#bytes#data-no_subject,0.8349285697285559,1632842980000
mysql357e569af1d96542,linux608ac1c48e4afc0040b43d19,1632842740000,1632841660000,6040a96cdcc614001153fc55,mysql#status#innodb#buffer_pool#pages#data-no_subject,0.8316135822550939,1632842980000
mysql357e569af1d96542,linux608ac1c48e4afc0040b43d19,1632844060000,1632843100000,6040a96cdcc614001153fc55,mysql#status#innodb#buffer_pool#bytes#data-no_subject,0.8140067193332804,1632844240000
mysql357e569af1d96542,linux608ac1c48e4afc0040b43d19,1632844060000,1632843100000,6040a96cdcc614001153fc55,mysql#status#innodb#buffer_pool#pages#data-no_subject,0.8088883627055591,1632844240000
mysql357e569af1d96542,linux608ac1c48e4afc0040b43d19,1632845140000,1632844840000,6040a96cdcc614001153fc55,mysql#status#innodb#rows#updated-no_subject,0.7038579333361429,1632845320000
mysql357e569af1d96542,linux608ac1c48e4afc0040b43d19,1632903520000,1632903220000,6040a96cdcc614001153fc55,mysql#status#binlog#cache#disk_use-no_subject,0.7144611030072271,1632903700000
mysql357e569af1d96542,linux608ac1c48e4afc0040b43d19,1632932870000,1632930290000,6040a96cdcc614001153fc55,mysql#status#innodb#buffer_pool#pages#misc-no_subject,0.8040000466792804,1632934070000
mysql357e569af1d96542,linux608ac1c48e4afc0040b43d19,1632933950000,1632928010000,6040a96cdcc614001153fc55,mysql#status#innodb#buffer_pool#bytes#data-no_subject,0.7648934607632688,1632934130000
mysql357e569af1d96542,linux608ac1c48e4afc0040b43d19,1632933950000,1632928010000,6040a96cdcc614001153fc55,mysql#status#innodb#buffer_pool#pages#data-no_subject,0.7665262804860351,1632934130000
mysql357e569af1d96542,linux608ac1c48e4afc0040b43d19,1632936110000,1632935810000,6040a96cdcc614001153fc55,mysql#status#innodb#rows#inserted-no_subject,0.7311123748234986,1632936290000
mysql357e569af1d96542,linux608ac1c48e4afc0040b43d19,1632956030000,1632954950000,6040a96cdcc614001153fc55,mysql#status#innodb#buffer_pool#pool#reads-no_subject,0.8503924018765808,1632956210000
linux609bdec6b677860011c6e30c,linux609bdec6b677860011c6e30c,1632984520000,1632984460000,6040a96cdcc614001153fc55,system#diskio#iostat#write#per_sec#bytes-sda1,0.7230214424951266,1632984700000
linux609bdec6b677860011c6e30c,linux609bdec6b677860011c6e30c,1632984520000,1632984460000,6040a96cdcc614001153fc55,system#diskio#iostat#write#per_sec#bytes-sda,0.7230214424951266,1632984700000
pythondynamic-flow_scheduler,docker,1633021020000,1633020960000,6040a96cdcc614001153fc55,docker#network#out#packets-no_subject,0.7366666666666667,1633021200000
pythondynamic-flow_scheduler,docker,1633021020000,1633020960000,6040a96cdcc614001153fc55,docker#network#out#bytes-no_subject,0.7361985018726592,1633021200000
pythondynamic-flow_scheduler,docker,1633021020000,1633020960000,6040a96cdcc614001153fc55,docker#network#in#packets-no_subject,0.7366666666666667,1633021200000
pythondynamic-flow_scheduler,docker,1633021020000,1633020960000,6040a96cdcc614001153fc55,docker#network#in#bytes-no_subject,0.7361988304093567,1633021200000
nodereservations-service_reservations-service,docker,1633023150000,1633022790000,6040a96cdcc614001153fc55,prometheus#metrics#nodejs_heap_space_size_total_bytes-no_subject,0.8549425045637684,1633023330000
nodereservations-service_reservations-service,docker,1633023150000,1633022790000,6040a96cdcc614001153fc55,prometheus#metrics#nodejs_heap_size_total_bytes-no_subject,0.8554051528756413,1633023330000
data-api_data-api,docker,1633030340000,1633029980000,6040a96cdcc614001153fc55,prometheus#metrics#affluences_data_api_response_size_bytes_sum-no_subject,0.7445729308695649,1633030520000
javaappsmith_appsmith-internal-server,docker,1633032650000,1633032290000,6040a96cdcc614001153fc55,docker#memory#rss#total-no_subject,0.925,1633032830000
pythonalerts_alerts-engine,docker,1633033040000,1633032980000,6040a96cdcc614001153fc55,docker#cpu#total#pct-no_subject,0.7023296354992077,1633033220000
nodereservations-service_reservations-service,docker,1633035840000,1633035780000,6040a96cdcc614001153fc55,prometheus#metrics#total_request_time_count-no_subject,0.7009523809523809,1633036020000
nodereservations-service_reservations-service,docker,1633035840000,1633035780000,6040a96cdcc614001153fc55,prometheus#metrics#total_request_time_bucket-no_subject,0.7009523809523809,1633036020000
nodereservations-service_reservations-service,docker,1633035840000,1633035780000,6040a96cdcc614001153fc55,prometheus#metrics#requests_resolved-no_subject,0.7012056737588651,1633036020000
nodereservations-service_reservations-service,docker,1633035840000,1633035780000,6040a96cdcc614001153fc55,prometheus#metrics#errors_encountered-no_subject,0.7015789473684211,1633036020000
linux609bdef1b677860011c6e30d,linux609bdef1b677860011c6e30d,1633036060000,1633035700000,6040a96cdcc614001153fc55,system#memory#actual#used#pct-no_subject,0.7833333333333332,1633036240000
monitoring_prometheus,docker,1633035880000,1633035820000,6040a96cdcc614001153fc55,docker#diskio#summary#ops-no_subject,0.7270048309178744,1633036060000
nodealerts_alerts-service,docker,1633036670000,1633035950000,6040a96cdcc614001153fc55,docker#diskio#summary#ops-no_subject,0.7307173045901183,1633036850000
rabbitmqqueue_rabbitmq,docker,1633038070000,1633038010000,6040a96cdcc614001153fc55,rabbitmq#queue#consumers#utilisation#pct-no_subject,0.7089076957797337,1633038250000
portainer_portainer,docker,1633038660000,1633038360000,6040a96cdcc614001153fc55,docker#diskio#read#wait_time-no_subject,0.895,1633038840000
mysql357e569af1d96542,linux608ac1c48e4afc0040b43d19,1633042610000,1633041410000,6040a96cdcc614001153fc55,mysql#status#innodb#buffer_pool#pool#reads-no_subject,0.8053713063697,1633042790000
mysql6d7613c72a46df40,linux604b83a14c58ea0011d6220f,1633042900000,1633041640000,6040a96cdcc614001153fc55,mysql#status#innodb#buffer_pool#pages#data-no_subject,0.841899132806084,1633043080000
mysql6d7613c72a46df40,linux604b83a14c58ea0011d6220f,1633042900000,1633041640000,6040a96cdcc614001153fc55,mysql#status#innodb#buffer_pool#pages#misc-no_subject,0.8473504106367926,1633043080000
mysql6d7613c72a46df40,linux604b83a14c58ea0011d6220f,1633042900000,1633041640000,6040a96cdcc614001153fc55,mysql#status#innodb#buffer_pool#bytes#data-no_subject,0.841899132806084,1633043080000
nodewebapi_webapi-server,docker,1633042980000,1633042860000,6040a96cdcc614001153fc55,docker#diskio#read#wait_time-no_subject,0.71,1633043160000
rediskoios_redis_cache,docker,1633045320000,1633045260000,6040a96cdcc614001153fc55,docker#cpu#total#pct-no_subject,0.7137754782063342,1633045500000
pythonalerts_alerts-engine,docker,1633046480000,1633046420000,6040a96cdcc614001153fc55,docker#cpu#kernel#pct-no_subject,0.7109135082604471,1633046660000
nodenotifications_notifications-service,docker,1633046460000,1633045980000,6040a96cdcc614001153fc55,docker#memory#usage#total-no_subject,0.9650000000000001,1633046640000
nodenotifications_notifications-service,docker,1633046520000,1633045980000,6040a96cdcc614001153fc55,docker#memory#rss#total-no_subject,0.985,1633046700000
linux604b83aa4c58ea0011d62211,linux604b83aa4c58ea0011d62211,1633046980000,1633046620000,6040a96cdcc614001153fc55,system#network#out#bytes-no_subject,0.7623114609577476,1633047160000
docker2489ddd64d0996e5,linux60fec22dda00c500125f4313,1633047060000,1633046520000,6040a96cdcc614001153fc55,docker#memory#usage#total-no_subject,0.7492575720121621,1633047240000
nodewebapi_webapi-server,docker,1633048020000,1633047840000,6040a96cdcc614001153fc55,docker#diskio#read#service_time-no_subject,0.7849999999999999,1633048200000
nodewebapi_webapi-server,docker,1633048020000,1633047840000,6040a96cdcc614001153fc55,docker#diskio#read#wait_time-no_subject,0.7849999999999999,1633048200000
mysqlc65d1f2cd07cc218,linux604b83aa4c58ea0011d62211,1633048180000,1633047820000,6040a96cdcc614001153fc55,mysql#status#open#tables-no_subject,0.7805149645061275,1633048360000
consul_consul-server,docker,1633053530000,1633040390000,6040a96cdcc614001153fc55,docker#diskio#read#wait_time-no_subject,1,1633053710000
consul_consul-server,docker,1633054190000,1633053830000,6040a96cdcc614001153fc55,docker#diskio#read#wait_time-no_subject,0.925,1633054370000
consul_consul-server,docker,1633054790000,1633054430000,6040a96cdcc614001153fc55,docker#diskio#read#wait_time-no_subject,0.925,1633054970000
rabbitmqqueue_rabbitmq,docker,1633055950000,1633055830000,6040a96cdcc614001153fc55,rabbitmq#connection#peer#port-no_subject,0.805532879818594,1633056130000
nodewebapi_webapi-server,docker,1633056720000,1633056480000,6040a96cdcc614001153fc55,docker#diskio#read#service_time-no_subject,0.8400000000000001,1633056900000
consul_consul-server,docker,1633057010000,1633055090000,6040a96cdcc614001153fc55,docker#diskio#read#wait_time-no_subject,1,1633057190000
rediskoios_redis_cache,docker,1633057320000,1633057260000,6040a96cdcc614001153fc55,docker#cpu#kernel#pct-no_subject,0.7104387219837864,1633057500000
pythonkoios_koios-worker,docker,1633041620000,1633041320000,6040a96cdcc614001153fc55,docker#memory#rss#total-no_subject,0.895,1633058120000
pythonkoios_koios-worker,docker,1633041980000,1633041800000,6040a96cdcc614001153fc55,prometheus#metrics#python_gc_collections_total-no_subject,0.7673814202761635,1633058120000
pythonkoios_koios-worker,docker,1633041680000,1633041320000,6040a96cdcc614001153fc55,docker#cpu#user#pct-no_subject,0.7726104790788405,1633058120000
pythonkoios_koios-worker,docker,1633041620000,1633041260000,6040a96cdcc614001153fc55,docker#cpu#kernel#pct-no_subject,0.867605292334701,1633058120000
pythonkoios_koios-worker,docker,1633043480000,1633040180000,6040a96cdcc614001153fc55,prometheus#metrics#process_cpu_seconds_total-no_subject,0.8449789996181748,1633058120000
pythonkoios_koios-worker,docker,1633041620000,1633041320000,6040a96cdcc614001153fc55,prometheus#metrics#process_virtual_memory_bytes-no_subject,0.9170766488413546,1633058120000
pythonkoios_koios-worker,docker,1633041680000,1633041320000,6040a96cdcc614001153fc55,docker#cpu#total#pct-no_subject,0.7944855358070478,1633058120000
pythonkoios_koios-worker,docker,1633041620000,1633041320000,6040a96cdcc614001153fc55,prometheus#metrics#process_resident_memory_bytes-no_subject,0.9255496217178459,1633058120000
pythonkoios_koios-worker,docker,1633041620000,1633041320000,6040a96cdcc614001153fc55,docker#memory#usage#total-no_subject,0.8154429054073523,1633058120000
consul_consul-server,docker,1633059410000,1633058510000,6040a96cdcc614001153fc55,docker#diskio#read#wait_time-no_subject,0.8617933776027967,1633059590000
nginxweblate_weblate,docker,1633059660000,1633059120000,6040a96cdcc614001153fc55,docker#diskio#summary#ops-no_subject,0.7685197565183931,1633059840000
consul_consul-server,docker,1633060130000,1633059650000,6040a96cdcc614001153fc55,docker#diskio#read#wait_time-no_subject,0.7405971447784104,1633060310000
javaappsmith_appsmith-internal-server,docker,1633061150000,1633061030000,6040a96cdcc614001153fc55,docker#memory#usage#total-no_subject,0.71,1633061330000
nodestats-service_stats-service,docker,1633061270000,1633060970000,6040a96cdcc614001153fc55,docker#memory#rss#total-no_subject,0.895,1633061510000
nodereports-service_reports-service,docker,1633061290000,1633060930000,6040a96cdcc614001153fc55,docker#network#out#bytes-no_subject,0.7022664008959051,1633061590000
nodereports-service_reports-service,docker,1633061290000,1633060930000,6040a96cdcc614001153fc55,docker#network#out#packets-no_subject,0.7230138088377812,1633061590000
nodereports-service_reports-service,docker,1633061590000,1633060870000,6040a96cdcc614001153fc55,docker#cpu#kernel#pct-no_subject,0.912316013751684,1633061770000
nodestats-service_stats-service,docker,1633061630000,1633060970000,6040a96cdcc614001153fc55,docker#memory#usage#total-no_subject,0.995,1633061810000
nodereports-service_reports-service,docker,1633061710000,1633060870000,6040a96cdcc614001153fc55,docker#cpu#total#pct-no_subject,0.7311094901918503,1633061890000
nodereports-service_reports-service,docker,1633061710000,1633061470000,6040a96cdcc614001153fc55,docker#cpu#user#pct-no_subject,0.7798235558602943,1633061890000
consul_consul-server,docker,1633061810000,1633060970000,6040a96cdcc614001153fc55,docker#diskio#read#wait_time-no_subject,0.8196467242218204,1633061990000
monitoring_blackbox-exporter,docker,1633061780000,1633061600000,6040a96cdcc614001153fc55,docker#memory#usage#total-no_subject,0.7849999999999999,1633062260000
monitoring_blackbox-exporter,docker,1633062260000,1633061780000,6040a96cdcc614001153fc55,docker#memory#rss#pct-no_subject,0.9650000000000001,1633062440000
monitoring_blackbox-exporter,docker,1633062260000,1633061780000,6040a96cdcc614001153fc55,docker#memory#rss#total-no_subject,0.9650000000000001,1633062440000
mysqlc65d1f2cd07cc218,linux604b83aa4c58ea0011d62211,1633063240000,1633062820000,6040a96cdcc614001153fc55,mysql#status#innodb#buffer_pool#pages#dirty-no_subject,0.7916063502930756,1633063420000
mysqlc65d1f2cd07cc218,linux604b83aa4c58ea0011d62211,1633063240000,1633062820000,6040a96cdcc614001153fc55,mysql#status#innodb#buffer_pool#bytes#dirty-no_subject,0.7916063502930756,1633063420000
monitoring_blackbox-exporter,docker,1633064130000,1633063710000,6040a96cdcc614001153fc55,docker#memory#rss#pct-no_subject,0.95,1633064430000
pythonbackup_dockup-node,docker,1633064690000,1633064450000,6040a96cdcc614001153fc55,docker#memory#usage#total-no_subject,0.8400000000000001,1633064870000
pythonbackup_dockup-node,docker,1633064690000,1633064450000,6040a96cdcc614001153fc55,docker#memory#rss#total-no_subject,0.8400000000000001,1633064870000
monitoring_blackbox-exporter,docker,1633064430000,1633063710000,6040a96cdcc614001153fc55,docker#memory#rss#total-no_subject,1,1633064610000
consul_consul-server,docker,1633064930000,1633064270000,6040a96cdcc614001153fc55,docker#diskio#read#service_time-no_subject,0.995,1633065110000
consul_consul-server,docker,1633065950000,1633065830000,6040a96cdcc614001153fc55,docker#diskio#read#service_time-no_subject,0.71,1633066130000
nodereservations-service_reservations-service,docker,1633067390000,1633066910000,6040a96cdcc614001153fc55,prometheus#metrics#nodejs_heap_space_size_available_bytes-no_subject,0.7009055860438136,1633067690000
pythonpost-processing_post-processing-worker,docker,1633068050000,1633067510000,6040a96cdcc614001153fc55,docker#memory#rss#total-no_subject,0.985,1633068230000
nodereservations-service_reservations-service,docker,1633068170000,1633067570000,6040a96cdcc614001153fc55,prometheus#metrics#process_resident_memory_bytes-no_subject,0.7161034345721536,1633068350000
javaappsmith_appsmith-internal-server,docker,1633068350000,1633068230000,6040a96cdcc614001153fc55,docker#memory#usage#total-no_subject,0.71,1633068530000
nodereservations-service_reservations-service,docker,1633068470000,1633067570000,6040a96cdcc614001153fc55,prometheus#metrics#process_virtual_memory_bytes-no_subject,0.7363871133294042,1633068650000
consul_consul-server,docker,1633069370000,1633069070000,6040a96cdcc614001153fc55,docker#diskio#read#service_time-no_subject,0.7919903695267437,1633069550000
consul_consul-agent,docker,1633070810000,1633070690000,6040a96cdcc614001153fc55,docker#memory#usage#total-no_subject,0.71,1633071410000
consul_consul-agent,docker,1633070810000,1633070690000,6040a96cdcc614001153fc55,docker#memory#rss#total-no_subject,0.71,1633071410000
monitoring_blackbox-exporter,docker,1633072860000,1633072620000,6040a96cdcc614001153fc55,docker#cpu#user#pct-no_subject,0.7409809823339685,1633073040000
nodereservation_reservation,docker,1633073450000,1633073210000,6040a96cdcc614001153fc55,docker#network#out#bytes-no_subject,0.828199181146715,1633073630000
docker4a9851bee76cb07f,linux60fec229da00c500125f430e,1633074470000,1633074170000,6040a96cdcc614001153fc55,docker#memory#usage#total-no_subject,0.7848006269580385,1633074650000
docker4a9851bee76cb07f,linux60fec229da00c500125f430e,1633074470000,1633074170000,6040a96cdcc614001153fc55,docker#memory#rss#total-no_subject,0.895,1633074650000
linux609bdec6b677860011c6e30c,linux609bdec6b677860011c6e30c,1633075180000,1633074640000,6040a96cdcc614001153fc55,system#memory#actual#used#pct-no_subject,0.767948669308585,1633075360000
docker4a9851bee76cb07f,linux60fec229da00c500125f430e,1633075010000,1633074890000,6040a96cdcc614001153fc55,docker#memory#rss#total-no_subject,0.71,1633075190000
javaappsmith_appsmith-internal-server,docker,1633076450000,1633075850000,6040a96cdcc614001153fc55,docker#memory#rss#total-no_subject,0.99,1633076630000
docker533eacfa0bebb3ca,linux60fec22ada00c500125f4310,1633080290000,1633080050000,6040a96cdcc614001153fc55,docker#info#containers#running-no_subject,0.8400000000000001,1633080470000
nodereservations-service_reservations-service,docker,1633080530000,1633079990000,6040a96cdcc614001153fc55,prometheus#metrics#nodejs_heap_space_size_total_bytes-no_subject,0.7253147164701005,1633080770000
nodereservations-service_reservations-service,docker,1633080530000,1633079990000,6040a96cdcc614001153fc55,prometheus#metrics#nodejs_heap_space_size_used_bytes-no_subject,0.708017512546708,1633080770000
nodereservations-service_reservations-service,docker,1633080530000,1633079990000,6040a96cdcc614001153fc55,prometheus#metrics#process_resident_memory_bytes-no_subject,0.7551491356247221,1633080770000
nodereservations-service_reservations-service,docker,1633080530000,1633079990000,6040a96cdcc614001153fc55,prometheus#metrics#nodejs_heap_size_used_bytes-no_subject,0.7119852409250694,1633080770000
nodereservations-service_reservations-service,docker,1633080530000,1633079990000,6040a96cdcc614001153fc55,prometheus#metrics#nodejs_heap_size_total_bytes-no_subject,0.7287318390993122,1633080770000
nodereservations-service_reservations-service,docker,1633080530000,1633079990000,6040a96cdcc614001153fc55,prometheus#metrics#nodejs_external_memory_bytes-no_subject,0.7543230411134227,1633080770000
nodereservations-service_reservations-service,docker,1633080530000,1633079990000,6040a96cdcc614001153fc55,docker#memory#rss#total-no_subject,0.985,1633080770000
nodereservations-service_reservations-service,docker,1633080530000,1633079990000,6040a96cdcc614001153fc55,docker#memory#usage#total-no_subject,0.985,1633080770000
nodereservations-service_reservations-service,docker,1633080530000,1633079990000,6040a96cdcc614001153fc55,prometheus#metrics#process_heap_bytes-no_subject,0.735520433168601,1633080770000
nodereservations-service_reservations-service,docker,1633080530000,1633080050000,6040a96cdcc614001153fc55,prometheus#metrics#nodejs_eventloop_lag_p99_seconds-no_subject,0.8257404254714734,1633080770000
nodereservations-service_reservations-service,docker,1633080530000,1633079990000,6040a96cdcc614001153fc55,prometheus#metrics#process_virtual_memory_bytes-no_subject,0.7547338021304414,1633080770000
nodereservations-service_reservations-service,docker,1633080650000,1633080050000,6040a96cdcc614001153fc55,prometheus#metrics#nodejs_eventloop_lag_min_seconds-no_subject,0.7385973762695642,1633080890000
nodereservations-service_reservations-service,docker,1633080650000,1633080230000,6040a96cdcc614001153fc55,prometheus#metrics#process_cpu_system_seconds_total-no_subject,0.733446232490314,1633080890000
nodereservations-service_reservations-service,docker,1633080650000,1633080170000,6040a96cdcc614001153fc55,prometheus#metrics#nodejs_eventloop_lag_stddev_seconds-no_subject,0.808161561567598,1633080890000
nodereservations-service_reservations-service,docker,1633080650000,1633080230000,6040a96cdcc614001153fc55,prometheus#metrics#process_cpu_user_seconds_total-no_subject,0.7309416593553918,1633080890000
nodereservations-service_reservations-service,docker,1633080650000,1633080230000,6040a96cdcc614001153fc55,prometheus#metrics#process_cpu_seconds_total-no_subject,0.7329137408697423,1633080890000
nodereservations-service_reservations-service,docker,1633080770000,1633080170000,6040a96cdcc614001153fc55,prometheus#metrics#process_start_time_seconds-no_subject,0.9866331658291457,1633080950000
apachedocumentation_bookstack,docker,1633083110000,1633082450000,6040a96cdcc614001153fc55,docker#diskio#read#wait_time-no_subject,0.995,1633083290000
apachedocumentation_bookstack,docker,1633083170000,1633082450000,6040a96cdcc614001153fc55,docker#diskio#read#service_time-no_subject,1,1633083350000
apachegaia_scripts,docker,1633081080000,1633069200000,6040a96cdcc614001153fc55,docker#memory#usage#total-no_subject,1,1633084560000
apachegaia_scripts,docker,1633084560000,1633074420000,6040a96cdcc614001153fc55,docker#memory#rss#total-no_subject,1,1633084740000
apachegaia_scripts,docker,1633085220000,1633084800000,6040a96cdcc614001153fc55,docker#memory#rss#total-no_subject,0.95,1633085400000
nodenotifications_notifications-service,docker,1633086720000,1633086180000,6040a96cdcc614001153fc55,docker#memory#usage#total-no_subject,0.985,1633086900000
nodenotifications_notifications-service,docker,1633086720000,1633086060000,6040a96cdcc614001153fc55,docker#memory#rss#total-no_subject,0.995,1633086900000
apachegaia_scripts,docker,1633092660000,1633092180000,6040a96cdcc614001153fc55,docker#memory#usage#total-no_subject,0.9650000000000001,1633092840000
packetaibcbf6881c8b51cc6,linux604b83aa4c58ea0011d62211,1633092820000,1633091800000,6040a96cdcc614001153fc55,system#process#memory#size-no_subject,0.7354110247177424,1633093000000
nginxweblate_weblate,docker,1633095540000,1633095180000,6040a96cdcc614001153fc55,docker#memory#usage#total-no_subject,0.7265267645550552,1633095720000
data-api_data-api,docker,1633097300000,1633071260000,6040a96cdcc614001153fc55,docker#diskio#read#service_time-no_subject,1,1633097480000
data-api_data-api,docker,1633097300000,1633071260000,6040a96cdcc614001153fc55,docker#diskio#read#wait_time-no_subject,1,1633097480000
apachedocumentation_bookstack,docker,1633098290000,1633098170000,6040a96cdcc614001153fc55,docker#diskio#read#wait_time-no_subject,0.71,1633098470000
pythonkoios_koios-tasks,docker,1633100520000,1633100460000,6040a96cdcc614001153fc55,docker#cpu#total#pct-no_subject,0.7150617283950617,1633100700000
nodewebapi_webapi-server,docker,1633098240000,1633097460000,6040a96cdcc614001153fc55,docker#diskio#read#wait_time-no_subject,1,1633105500000
nodewebapi_webapi-server,docker,1633098300000,1633097460000,6040a96cdcc614001153fc55,docker#diskio#read#service_time-no_subject,1,1633105500000
nodesensinglabs-mqtt_sensinglabs-mqtt,docker,1633106270000,1633085330000,6040a96cdcc614001153fc55,docker#memory#usage#total-no_subject,0.7104343834589665,1633112750000
nodesensinglabs-mqtt_sensinglabs-mqtt,docker,1633112750000,1633085510000,6040a96cdcc614001153fc55,docker#diskio#read#service_time-no_subject,1,1633112930000
nodesensinglabs-mqtt_sensinglabs-mqtt,docker,1633112750000,1633085510000,6040a96cdcc614001153fc55,docker#diskio#read#wait_time-no_subject,1,1633112930000
consul_consul-agent,docker,1633124930000,1633096730000,6040a96cdcc614001153fc55,docker#diskio#read#wait_time-no_subject,1,1633125110000
consul_consul-agent,docker,1633124930000,1633096730000,6040a96cdcc614001153fc55,docker#diskio#read#service_time-no_subject,1,1633125110000
rediskoios_redis_cache,docker,1633128120000,1633128060000,6040a96cdcc614001153fc55,docker#cpu#total#pct-no_subject,0.7252944597167388,1633128300000
pythonkoios_koios-worker,docker,1633128140000,1633127660000,6040a96cdcc614001153fc55,docker#memory#rss#total-no_subject,0.9650000000000001,1633128440000
pythonkoios_koios-worker,docker,1633128140000,1633127780000,6040a96cdcc614001153fc55,prometheus#metrics#process_virtual_memory_bytes-no_subject,0.9286381842456608,1633128440000
pythonkoios_koios-worker,docker,1633128140000,1633127780000,6040a96cdcc614001153fc55,prometheus#metrics#process_resident_memory_bytes-no_subject,0.9468888888888888,1633128440000
pythonkoios_koios-worker,docker,1633128140000,1633127660000,6040a96cdcc614001153fc55,docker#memory#usage#total-no_subject,0.7170821564704228,1633128440000
pythonkoios_koios-worker,docker,1633128440000,1633128260000,6040a96cdcc614001153fc55,prometheus#metrics#process_open_fds-no_subject,0.7963267413121837,1633128680000
pythonkoios_koios-worker,docker,1633129520000,1633127660000,6040a96cdcc614001153fc55,prometheus#metrics#process_cpu_seconds_total-no_subject,0.7910287411820162,1633129700000
docker2489ddd64d0996e5,linux60fec22dda00c500125f4313,1633133280000,1633132920000,6040a96cdcc614001153fc55,docker#memory#usage#total-no_subject,0.7831535151207621,1633133460000
redisweblate_cache,docker,1633133640000,1633132920000,6040a96cdcc614001153fc55,docker#memory#rss#total-no_subject,1,1633133820000
packetaiab4704e4d9d6263b,linux608ac1c48e4afc0040b43d19,1633133620000,1633133140000,6040a96cdcc614001153fc55,system#process#memory#share-no_subject,0.7477280966280823,1633133800000
pythonbackup_dockup-master,docker,1633144250000,1633144130000,6040a96cdcc614001153fc55,docker#memory#usage#total-no_subject,0.71,1633144430000
pythonbackup_dockup-master,docker,1633144790000,1633144550000,6040a96cdcc614001153fc55,docker#memory#usage#total-no_subject,0.8400000000000001,1633145030000
data-api_data-api,docker,1633139360000,1633129880000,6040a96cdcc614001153fc55,docker#diskio#read#wait_time-no_subject,1,1633145240000
data-api_data-api,docker,1633145420000,1633132280000,6040a96cdcc614001153fc55,docker#diskio#read#service_time-no_subject,1,1633145600000
nodeapp_app-web,docker,1633151030000,1633150850000,6040a96cdcc614001153fc55,docker#memory#usage#total-no_subject,0.7849999999999999,1633151210000
nodeapp_app-web,docker,1633151090000,1633150850000,6040a96cdcc614001153fc55,docker#memory#rss#total-no_subject,0.8400000000000001,1633151270000
nodereservations-service_reservations-service,docker,1633157150000,1633156430000,6040a96cdcc614001153fc55,prometheus#metrics#process_resident_memory_bytes-no_subject,0.7425630070618155,1633157330000
nodereservations-service_reservations-service,docker,1633157150000,1633156430000,6040a96cdcc614001153fc55,prometheus#metrics#process_virtual_memory_bytes-no_subject,0.7441931227922786,1633157330000
nodereservations-service_reservations-service,docker,1633158170000,1633157630000,6040a96cdcc614001153fc55,prometheus#metrics#process_resident_memory_bytes-no_subject,0.7235963108342194,1633158410000
nodereservations-service_reservations-service,docker,1633158170000,1633157630000,6040a96cdcc614001153fc55,prometheus#metrics#process_virtual_memory_bytes-no_subject,0.7221378312361982,1633158410000
mysql6d7613c72a46df40,linux604b83a14c58ea0011d6220f,1633131820000,1633127620000,6040a96cdcc614001153fc55,mysql#status#innodb#buffer_pool#pool#reads-no_subject,0.7949535949531832,1633158940000
apachegaia_scripts,docker,1633157460000,1633155540000,6040a96cdcc614001153fc55,docker#cpu#user#pct-no_subject,0.829683698296837,1633158960000
apachegaia_scripts,docker,1633158960000,1633147620000,6040a96cdcc614001153fc55,docker#memory#usage#total-no_subject,1,1633159140000
nodewebapi_webapi-server,docker,1633162200000,1633161660000,6040a96cdcc614001153fc55,docker#diskio#read#wait_time-no_subject,0.985,1633162380000
pythonkoios_koios-tasks,docker,1633162920000,1633162860000,6040a96cdcc614001153fc55,docker#cpu#total#pct-no_subject,0.7151383960255501,1633163100000
monitoring_prometheus,docker,1633165960000,1633165300000,6040a96cdcc614001153fc55,docker#diskio#summary#ops-no_subject,0.8964096640786979,1633166140000
consul_consul-agent,docker,1633162970000,1633137230000,6040a96cdcc614001153fc55,docker#diskio#read#wait_time-no_subject,1,1633167470000
consul_consul-agent,docker,1633157210000,1633157090000,6040a96cdcc614001153fc55,docker#memory#rss#total-no_subject,0.71,1633167470000
consul_consul-agent,docker,1633167470000,1633152170000,6040a96cdcc614001153fc55,docker#diskio#read#service_time-no_subject,1,1633167650000
nodesensinglabs-mqtt_sensinglabs-mqtt,docker,1633163090000,1633148990000,6040a96cdcc614001153fc55,docker#diskio#read#wait_time-no_subject,1,1633168670000
nodesensinglabs-mqtt_sensinglabs-mqtt,docker,1633168910000,1633158050000,6040a96cdcc614001153fc55,docker#diskio#read#service_time-no_subject,1,1633169090000
mysql_router,docker,1633169340000,1633169160000,6040a96cdcc614001153fc55,docker#diskio#read#wait_time-no_subject,0.7849999999999999,1633169520000
mysql_router,docker,1633169460000,1633169160000,6040a96cdcc614001153fc55,docker#diskio#read#service_time-no_subject,0.895,1633169640000
nodeapp_app-web,docker,1633169810000,1633169570000,6040a96cdcc614001153fc55,docker#memory#rss#total-no_subject,0.8400000000000001,1633169990000
monitoring_blackbox-exporter,docker,1633181720000,1633181540000,6040a96cdcc614001153fc55,docker#memory#usage#total-no_subject,0.7849999999999999,1633181900000
nodedisplay_front,docker,1633182230000,1633181510000,6040a96cdcc614001153fc55,docker#memory#usage#total-no_subject,1,1633182410000
consul_consul-server,docker,1633194830000,1633194410000,6040a96cdcc614001153fc55,docker#diskio#read#wait_time-no_subject,0.9554740276123908,1633195010000
nodereservation_reservation,docker,1633201310000,1633201250000,6040a96cdcc614001153fc55,docker#diskio#summary#rate-no_subject,0.7299033816425121,1633201490000
gateway_caddy_server,docker,1633206950000,1633175930000,6040a96cdcc614001153fc55,docker#diskio#read#service_time-no_subject,1,1633209710000
gateway_caddy_server,docker,1633209710000,1633175930000,6040a96cdcc614001153fc55,docker#diskio#read#wait_time-no_subject,1,1633209890000
pythonkoios_koios-worker,docker,1633214480000,1633214240000,6040a96cdcc614001153fc55,docker#memory#rss#total-no_subject,0.8400000000000001,1633214840000
pythonkoios_koios-worker,docker,1633216520000,1633214060000,6040a96cdcc614001153fc55,prometheus#metrics#process_cpu_seconds_total-no_subject,0.83846446218168,1633216700000
pythonbackup_dockup-node,docker,1633209650000,1633150910000,6040a96cdcc614001153fc55,docker#diskio#read#wait_time-no_subject,1,1633217210000
pythonbackup_dockup-node,docker,1633150970000,1633150850000,6040a96cdcc614001153fc55,docker#memory#rss#total-no_subject,0.71,1633217210000
pythonbackup_dockup-node,docker,1633217210000,1633150910000,6040a96cdcc614001153fc55,docker#diskio#read#service_time-no_subject,1,1633217390000
rediskoios_redis_cache,docker,1633218120000,1633218060000,6040a96cdcc614001153fc55,docker#cpu#total#pct-no_subject,0.7151746910872698,1633218300000
linux604b83aa4c58ea0011d62211,linux604b83aa4c58ea0011d62211,1633220080000,1633219300000,6040a96cdcc614001153fc55,system#memory#actual#used#pct-no_subject,0.729790136393235,1633220260000
pythonbackup_dockup-master,docker,1633231190000,1633230950000,6040a96cdcc614001153fc55,docker#memory#usage#total-no_subject,0.8400000000000001,1633232330000
pythonbackup_dockup-master,docker,1633232330000,1633231130000,6040a96cdcc614001153fc55,docker#diskio#summary#ops-no_subject,0.7869314613108108,1633232510000
gateway_caddy_server,docker,1633244450000,1633225130000,6040a96cdcc614001153fc55,docker#diskio#read#wait_time-no_subject,1,1633244630000
nodedisplay_front,docker,1633244510000,1633244330000,6040a96cdcc614001153fc55,docker#memory#usage#total-no_subject,0.7849999999999999,1633244690000
nodereservations-service_reservations-service,docker,1633245270000,1633244790000,6040a96cdcc614001153fc55,prometheus#metrics#process_resident_memory_bytes-no_subject,0.777453352763569,1633245510000
nodereservations-service_reservations-service,docker,1633245270000,1633244790000,6040a96cdcc614001153fc55,prometheus#metrics#process_virtual_memory_bytes-no_subject,0.7737926701904897,1633245510000
portainer_agent,docker,1633246430000,1633246010000,6040a96cdcc614001153fc55,docker#memory#usage#total-no_subject,0.7211814909700477,1633246610000
nodesensinglabs-mqtt_sensinglabs-mqtt,docker,1633248110000,1633247570000,6040a96cdcc614001153fc55,docker#diskio#read#service_time-no_subject,0.985,1633248290000
nodesensinglabs-mqtt_sensinglabs-mqtt,docker,1633248170000,1633247570000,6040a96cdcc614001153fc55,docker#diskio#read#wait_time-no_subject,0.99,1633248350000
nodedisplay_front,docker,1633253570000,1633244930000,6040a96cdcc614001153fc55,docker#memory#usage#total-no_subject,1,1633253750000
gateway_caddy_server,docker,1633260230000,1633259690000,6040a96cdcc614001153fc55,docker#diskio#read#service_time-no_subject,0.985,1633260410000
gateway_caddy_server,docker,1633260230000,1633259690000,6040a96cdcc614001153fc55,docker#diskio#read#wait_time-no_subject,0.7549371650526241,1633260410000
monitoring_prometheus,docker,1633267360000,1633267060000,6040a96cdcc614001153fc55,docker#memory#rss#total-no_subject,0.895,1633267540000
packetaipacketai_packetai-agent,docker,1633273610000,1633273310000,6040a96cdcc614001153fc55,docker#memory#usage#total-no_subject,0.895,1633273790000
packetaipacketai_packetai-agent,docker,1633273790000,1633273310000,6040a96cdcc614001153fc55,docker#memory#rss#total-no_subject,0.9650000000000001,1633273970000
packetaipacketai_packetai-agent,docker,1633273790000,1633273310000,6040a96cdcc614001153fc55,docker#memory#rss#pct-no_subject,0.7088600364795715,1633273970000
docker2d4f33a3d22c7833,linux60fec22ada00c500125f430f,1633279020000,1633278420000,6040a96cdcc614001153fc55,docker#diskio#summary#ops-no_subject,0.7035261374465382,1633279200000
packetaipacketai_packetai-agent,docker,1633282490000,1633282130000,6040a96cdcc614001153fc55,docker#memory#rss#total-no_subject,0.925,1633282670000
packetaipacketai_packetai-agent,docker,1633282610000,1633282130000,6040a96cdcc614001153fc55,docker#memory#usage#total-no_subject,0.9650000000000001,1633282790000
nodesensinglabs-mqtt_sensinglabs-mqtt,docker,1633284650000,1633284290000,6040a96cdcc614001153fc55,docker#diskio#read#service_time-no_subject,0.925,1633284830000
nodesensinglabs-mqtt_sensinglabs-mqtt,docker,1633284650000,1633284290000,6040a96cdcc614001153fc55,docker#diskio#read#wait_time-no_subject,0.925,1633284830000
rediskoios_redis_cache,docker,1633286520000,1633286460000,6040a96cdcc614001153fc55,docker#cpu#total#pct-no_subject,0.703644164912324,1633286700000
pythonkoios_koios-worker,docker,1633301060000,1633300700000,6040a96cdcc614001153fc55,prometheus#metrics#process_resident_memory_bytes-no_subject,0.9473368841544607,1633301240000
pythonkoios_koios-worker,docker,1633301060000,1633300760000,6040a96cdcc614001153fc55,prometheus#metrics#process_virtual_memory_bytes-no_subject,0.9153333333333333,1633301240000
pythonkoios_koios-tasks,docker,1633301460000,1633300860000,6040a96cdcc614001153fc55,docker#memory#rss#total-no_subject,0.99,1633301640000
pythonkoios_koios-tasks,docker,1633301460000,1633300860000,6040a96cdcc614001153fc55,docker#memory#usage#total-no_subject,0.7760921805423505,1633301640000
gateway_caddy_server,docker,1633301690000,1633272110000,6040a96cdcc614001153fc55,docker#diskio#read#service_time-no_subject,1,1633301870000
pythonkoios_koios-worker,docker,1633302200000,1633300340000,6040a96cdcc614001153fc55,prometheus#metrics#process_cpu_seconds_total-no_subject,0.8507972665148064,1633302380000
docker2489ddd64d0996e5,linux60fec22dda00c500125f4313,1633306080000,1633305720000,6040a96cdcc614001153fc55,docker#memory#usage#total-no_subject,0.7350184792115879,1633306260000
docker2d4f33a3d22c7833,linux60fec22ada00c500125f430f,1633308000000,1633307700000,6040a96cdcc614001153fc55,docker#memory#usage#total-no_subject,0.7071919035540025,1633308180000
nodereports-service_reports-service,docker,1633320730000,1633320370000,6040a96cdcc614001153fc55,docker#cpu#kernel#pct-no_subject,0.8487117597544414,1633320910000
nodereports-service_reports-service,docker,1633320730000,1633320130000,6040a96cdcc614001153fc55,docker#cpu#user#pct-no_subject,0.7097984643904668,1633320910000
pythonkoios_koios-tasks,docker,1633321320000,1633321260000,6040a96cdcc614001153fc55,docker#cpu#total#pct-no_subject,0.7080817387195842,1633321500000
nodereservations-service_reservations-service,docker,1633328280000,1633327800000,6040a96cdcc614001153fc55,prometheus#metrics#nodejs_active_requests_total-no_subject,0.7005021001400253,1633328460000
redisgaia_redis,docker,1633330790000,1633330670000,6040a96cdcc614001153fc55,docker#memory#rss#total-no_subject,0.71,1633330970000
pythondynamic-flow_scheduler,docker,1633321320000,1633296360000,6040a96cdcc614001153fc55,docker#network#out#bytes-no_subject,0.7480373251482165,1633332120000
pythondynamic-flow_scheduler,docker,1633322520000,1633296360000,6040a96cdcc614001153fc55,docker#network#in#packets-no_subject,0.7574829524090311,1633332120000
pythondynamic-flow_scheduler,docker,1633321320000,1633296360000,6040a96cdcc614001153fc55,docker#network#in#bytes-no_subject,0.7542379567090985,1633332120000
data-api_data-api,docker,1633331840000,1633331600000,6040a96cdcc614001153fc55,docker#network#out#bytes-no_subject,0.7460132069079549,1633332020000
apachegaia_scripts,docker,1633339320000,1633338960000,6040a96cdcc614001153fc55,docker#memory#usage#total-no_subject,0.925,1633339500000
gateway_caddy_server,docker,1633340570000,1633336490000,6040a96cdcc614001153fc55,docker#network#in#packets-no_subject,0.7992488437910934,1633340810000
gateway_caddy_server,docker,1633339670000,1633336490000,6040a96cdcc614001153fc55,docker#network#out#packets-no_subject,0.8453979531751689,1633340810000
gateway_caddy_server,docker,1633340450000,1633334570000,6040a96cdcc614001153fc55,docker#cpu#total#pct-no_subject,0.7136228396565416,1633340810000
gateway_caddy_server,docker,1633335950000,1633333070000,6040a96cdcc614001153fc55,docker#network#in#bytes-no_subject,0.8229494905074657,1633340810000
gateway_caddy_server,docker,1633340450000,1633336310000,6040a96cdcc614001153fc55,docker#cpu#kernel#pct-no_subject,0.8400352298513846,1633340810000
gateway_caddy_server,docker,1633342010000,1633341590000,6040a96cdcc614001153fc55,docker#memory#usage#total-no_subject,0.95,1633342190000
gateway_caddy_server,docker,1633342010000,1633341530000,6040a96cdcc614001153fc55,docker#memory#rss#total-no_subject,0.9650000000000001,1633342190000
rediskoios_redis_cache,docker,1633342440000,1633342260000,6040a96cdcc614001153fc55,docker#memory#rss#total-no_subject,0.7849999999999999,1633342620000
linux60fec22dda00c500125f4313,linux60fec22dda00c500125f4313,1633346190000,1633345890000,6040a96cdcc614001153fc55,system#network#out#bytes-no_subject,0.7080459619099773,1633346370000
gateway_caddy_server,docker,1633349450000,1633348790000,6040a96cdcc614001153fc55,docker#network#in#packets-no_subject,0.7228982262631721,1633349630000
gateway_caddy_server,docker,1633349450000,1633348790000,6040a96cdcc614001153fc55,docker#network#out#packets-no_subject,0.7241488796742576,1633349630000
gateway_caddy_server,docker,1633349450000,1633349150000,6040a96cdcc614001153fc55,docker#network#out#bytes-no_subject,0.7526752120538861,1633349630000
gateway_caddy_server,docker,1633349750000,1633349150000,6040a96cdcc614001153fc55,docker#memory#rss#total-no_subject,0.99,1633349930000
mysql_router,docker,1633352280000,1633351560000,6040a96cdcc614001153fc55,docker#diskio#read#wait_time-no_subject,1,1633352460000
mysql_router,docker,1633352340000,1633351560000,6040a96cdcc614001153fc55,docker#diskio#read#service_time-no_subject,1,1633352520000
nodereservation_reservation,docker,1633353230000,1633353110000,6040a96cdcc614001153fc55,docker#diskio#summary#rate-no_subject,0.7728959370284136,1633353410000
docker2489ddd64d0996e5,linux60fec22dda00c500125f4313,1633354200000,1633353120000,6040a96cdcc614001153fc55,docker#info#containers#running-no_subject,1,1633354380000
nodereservations-service_reservations-service,docker,1633355540000,1633355120000,6040a96cdcc614001153fc55,prometheus#metrics#nodejs_eventloop_lag_p99_seconds-no_subject,0.7440721853740918,1633355720000
nodereservations-service_reservations-service,docker,1633355600000,1633355180000,6040a96cdcc614001153fc55,prometheus#metrics#process_start_time_seconds-no_subject,0.9515151515151515,1633355780000
nodereservations-service_reservations-service,docker,1633355720000,1633355300000,6040a96cdcc614001153fc55,prometheus#metrics#errors_encountered-no_subject,0.9024995008737565,1633355900000
nodereservations-service_reservations-service,docker,1633355720000,1633355180000,6040a96cdcc614001153fc55,prometheus#metrics#nodejs_gc_duration_seconds_bucket-no_subject,0.9586479871299138,1633355900000
nodereservations-service_reservations-service,docker,1633355720000,1633355300000,6040a96cdcc614001153fc55,prometheus#metrics#nodejs_gc_duration_seconds_sum-no_subject,0.9026969680007618,1633355900000
nodereservations-service_reservations-service,docker,1633355720000,1633355180000,6040a96cdcc614001153fc55,prometheus#metrics#total_request_time_count-no_subject,0.9404387677088134,1633355900000
nodereservations-service_reservations-service,docker,1633355720000,1633355180000,6040a96cdcc614001153fc55,prometheus#metrics#requests_resolved-no_subject,0.9407290919146409,1633355900000
nodereservations-service_reservations-service,docker,1633355720000,1633355180000,6040a96cdcc614001153fc55,prometheus#metrics#nodejs_gc_duration_seconds_count-no_subject,0.9571403406980538,1633355900000
nodereservations-service_reservations-service,docker,1633355720000,1633355180000,6040a96cdcc614001153fc55,prometheus#metrics#total_request_time_sum-no_subject,0.92365210944586,1633355900000
nodereservations-service_reservations-service,docker,1633355720000,1633355180000,6040a96cdcc614001153fc55,prometheus#metrics#total_request_time_bucket-no_subject,0.9386133305047782,1633355900000
gateway_caddy_server,docker,1633357070000,1633356050000,6040a96cdcc614001153fc55,docker#network#in#packets-no_subject,0.7412690040020496,1633358390000
gateway_caddy_server,docker,1633357070000,1633356170000,6040a96cdcc614001153fc55,docker#network#out#packets-no_subject,0.7202870335593078,1633358390000
monitoring_prometheus,docker,1633360360000,1633359760000,6040a96cdcc614001153fc55,docker#diskio#summary#ops-no_subject,0.8911833725880407,1633360540000
nodeportal_portal,docker,1633366310000,1633366070000,6040a96cdcc614001153fc55,docker#diskio#read#wait_time-no_subject,0.8400000000000001,1633366550000
nodeportal_portal,docker,1633366310000,1633366070000,6040a96cdcc614001153fc55,docker#diskio#read#service_time-no_subject,0.8400000000000001,1633366550000
docker24929622c71624a6,linux60fec238da00c500125f4314,1633366320000,1633366020000,6040a96cdcc614001153fc55,docker#info#containers#running-no_subject,0.895,1633366500000
nodeportal_portal,docker,1633366550000,1633366070000,6040a96cdcc614001153fc55,docker#diskio#summary#ops-no_subject,0.791894288088994,1633366730000
nodezoho_zoho-service,docker,1633366990000,1633366450000,6040a96cdcc614001153fc55,docker#cpu#total#pct-no_subject,0.8057264023927792,1633367170000
docker2838c0afcc7620ff,linux60fec22dda00c500125f4312,1633367520000,1633367160000,6040a96cdcc614001153fc55,docker#info#containers#running-no_subject,0.925,1633367700000
rediskoios_redis_cache,docker,1633384920000,1633384860000,6040a96cdcc614001153fc55,docker#cpu#total#pct-no_subject,0.7207351900727385,1633385100000
rabbitmqqueue_rabbitmq,docker,1633385790000,1633385430000,6040a96cdcc614001153fc55,docker#diskio#write#wait_time-no_subject,0.925,1633385970000
docker2489ddd64d0996e5,linux60fec22dda00c500125f4313,1633386840000,1633386300000,6040a96cdcc614001153fc55,docker#info#containers#running-no_subject,0.985,1633387020000
pythonkoios_koios-worker,docker,1633387100000,1633386920000,6040a96cdcc614001153fc55,prometheus#metrics#process_virtual_memory_bytes-no_subject,0.8424633821571238,1633387280000
pythonkoios_koios-worker,docker,1633387040000,1633386920000,6040a96cdcc614001153fc55,prometheus#metrics#process_resident_memory_bytes-no_subject,0.8053368794326241,1633387280000
portainer_portainer,docker,1633387920000,1633357920000,6040a96cdcc614001153fc55,docker#diskio#read#service_time-no_subject,1,1633388100000
pythonkoios_koios-worker,docker,1633388480000,1633386500000,6040a96cdcc614001153fc55,prometheus#metrics#process_cpu_seconds_total-no_subject,0.8502085703450891,1633388660000
pythonhyperion_client-plages,docker,1633392140000,1633392080000,6040a96cdcc614001153fc55,docker#cpu#total#pct-no_subject,0.7292877767083734,1633392320000
docker2489ddd64d0996e5,linux60fec22dda00c500125f4313,1633392660000,1633392180000,6040a96cdcc614001153fc55,docker#info#containers#running-no_subject,0.9650000000000001,1633392840000
consul_consul-agent,docker,1633386590000,1633329890000,6040a96cdcc614001153fc55,docker#diskio#read#service_time-no_subject,1,1633394510000
consul_consul-agent,docker,1633394510000,1633329890000,6040a96cdcc614001153fc55,docker#diskio#read#wait_time-no_subject,1,1633394690000
pythonalerts_alerts-engine,docker,1633396640000,1633396580000,6040a96cdcc614001153fc55,docker#cpu#user#pct-no_subject,0.7018145588646756,1633396820000
packetaipacketai_packetai-agent,docker,1633397150000,1633396790000,6040a96cdcc614001153fc55,docker#diskio#read#service_time-no_subject,0.925,1633397330000
packetaipacketai_packetai-agent,docker,1633397930000,1633397450000,6040a96cdcc614001153fc55,docker#diskio#read#service_time-no_subject,0.9650000000000001,1633398110000
packetaipacketai_packetai-agent,docker,1633399250000,1633398710000,6040a96cdcc614001153fc55,docker#diskio#read#service_time-no_subject,0.985,1633399430000
mysqlc65d1f2cd07cc218,linux604b83aa4c58ea0011d62211,1633382140000,1633366960000,6040a96cdcc614001153fc55,mysql#status#innodb#buffer_pool#bytes#data-no_subject,0.8641105632151574,1633399480000
mysqlc65d1f2cd07cc218,linux604b83aa4c58ea0011d62211,1633382140000,1633365940000,6040a96cdcc614001153fc55,mysql#status#open#files-no_subject,0.8560021499673759,1633399480000
mysqlc65d1f2cd07cc218,linux604b83aa4c58ea0011d62211,1633382140000,1633366960000,6040a96cdcc614001153fc55,mysql#status#innodb#buffer_pool#pages#data-no_subject,0.8641105632151574,1633399480000
mysqlc65d1f2cd07cc218,linux604b83aa4c58ea0011d62211,1633382140000,1633366960000,6040a96cdcc614001153fc55,mysql#status#innodb#buffer_pool#pages#misc-no_subject,0.8681956230078312,1633399480000
mysqlc65d1f2cd07cc218,linux604b83aa4c58ea0011d62211,1633399480000,1633366660000,6040a96cdcc614001153fc55,mysql#status#innodb#buffer_pool#pool#reads-no_subject,0.9031323686108778,1633399660000
nodeportal_portal,docker,1633401350000,1633367270000,6040a96cdcc614001153fc55,docker#diskio#write#wait_time-no_subject,1,1633401530000
pythonbackup_dockup-master,docker,1633404050000,1633403870000,6040a96cdcc614001153fc55,docker#memory#rss#total-no_subject,0.7849999999999999,1633404230000
nodestats-service_stats-service,docker,1633360340000,1633353080000,6040a96cdcc614001153fc55,docker#memory#usage#pct-no_subject,0.7221012991710899,1633404860000
nodestats-service_stats-service,docker,1633360760000,1633353080000,6040a96cdcc614001153fc55,docker#memory#usage#total-no_subject,0.7760387644538813,1633404860000
nodealerts_alerts-service,docker,1633386710000,1633366850000,6040a96cdcc614001153fc55,docker#cpu#total#pct-no_subject,0.8172011714521128,1633405610000
nodealerts_alerts-service,docker,1633384070000,1633363310000,6040a96cdcc614001153fc55,docker#memory#usage#total-no_subject,0.7356075698638048,1633405610000
mysql_router,docker,1633406640000,1633406400000,6040a96cdcc614001153fc55,docker#diskio#read#wait_time-no_subject,0.8400000000000001,1633406820000
mysqlc65d1f2cd07cc218,linux604b83aa4c58ea0011d62211,1633407520000,1633406440000,6040a96cdcc614001153fc55,mysql#status#innodb#buffer_pool#pool#reads-no_subject,0.7460261672252638,1633407700000
apachedocumentation_bookstack,docker,1633355810000,1633331990000,6040a96cdcc614001153fc55,docker#memory#rss#total-no_subject,1,1633408790000
apachedocumentation_bookstack,docker,1633381790000,1633331930000,6040a96cdcc614001153fc55,docker#cpu#total#pct-no_subject,0.7771118721461187,1633408790000
apachedocumentation_bookstack,docker,1633381790000,1633331930000,6040a96cdcc614001153fc55,docker#cpu#user#pct-no_subject,0.9372048624844451,1633408790000
apachedocumentation_bookstack,docker,1633408790000,1633331990000,6040a96cdcc614001153fc55,docker#diskio#read#wait_time-no_subject,0.8207170670802165,1633408970000
mysql_router,docker,1633409160000,1633407060000,6040a96cdcc614001153fc55,docker#diskio#read#wait_time-no_subject,1,1633409400000
nodereservation_reservation,docker,1633410410000,1633410110000,6040a96cdcc614001153fc55,docker#diskio#summary#rate-no_subject,0.8098174443771495,1633410590000
docker2489ddd64d0996e5,linux60fec22dda00c500125f4313,1633410720000,1633410180000,6040a96cdcc614001153fc55,docker#info#containers#running-no_subject,0.985,1633410900000
mysql_router,docker,1633412400000,1633410660000,6040a96cdcc614001153fc55,docker#diskio#read#service_time-no_subject,1,1633412580000
nodereservations-service_reservations-service,docker,1633413060000,1633412700000,6040a96cdcc614001153fc55,prometheus#metrics#process_virtual_memory_bytes-no_subject,0.7324162038413279,1633413240000
nodereservations-service_reservations-service,docker,1633413240000,1633412700000,6040a96cdcc614001153fc55,prometheus#metrics#process_resident_memory_bytes-no_subject,0.765235346923273,1633413420000
data-api_data-api,docker,1633359200000,1633358480000,6040a96cdcc614001153fc55,docker#cpu#user#pct-no_subject,0.8340524749988713,1633413920000
data-api_data-api,docker,1633372700000,1633360160000,6040a96cdcc614001153fc55,docker#network#out#bytes-no_subject,0.7054525869139865,1633413920000
data-api_data-api,docker,1633412780000,1633362800000,6040a96cdcc614001153fc55,prometheus#metrics#process_cpu_seconds_total-no_subject,0.7274154453323738,1633413920000
data-api_data-api,docker,1633386500000,1633370960000,6040a96cdcc614001153fc55,prometheus#metrics#go_memstats_gc_sys_bytes-no_subject,0.7539135623270806,1633413920000
data-api_data-api,docker,1633378460000,1633355960000,6040a96cdcc614001153fc55,docker#diskio#summary#rate-no_subject,0.8121585978308973,1633413920000
data-api_data-api,docker,1633413920000,1633356200000,6040a96cdcc614001153fc55,docker#diskio#summary#ops-no_subject,0.8749082494922761,1633414220000
nodereservation_reservation,docker,1633414490000,1633414190000,6040a96cdcc614001153fc55,docker#network#out#bytes-no_subject,0.755915962058192,1633414670000
mysql_router,docker,1633415340000,1633412940000,6040a96cdcc614001153fc55,docker#diskio#read#service_time-no_subject,1,1633415520000
portainer_portainer,docker,1633417560000,1633416960000,6040a96cdcc614001153fc55,docker#diskio#read#service_time-no_subject,0.99,1633417740000
pythonpost-processing_post-processing-worker,docker,1633417250000,1633416650000,6040a96cdcc614001153fc55,docker#memory#usage#total-no_subject,0.8263086912721178,1633417430000
pythonpost-processing_post-processing-worker,docker,1633417250000,1633416650000,6040a96cdcc614001153fc55,docker#memory#rss#total-no_subject,0.799484520061038,1633417430000
data-api_data-api,docker,1633417700000,1633416980000,6040a96cdcc614001153fc55,docker#diskio#summary#ops-no_subject,0.7171613583663777,1633417880000
redisappsmith_redis,docker,1633418700000,1633417980000,6040a96cdcc614001153fc55,docker#memory#usage#total-no_subject,1,1633418880000
nginxappsmith_appsmith-nginx,docker,1633419780000,1633419240000,6040a96cdcc614001153fc55,docker#memory#rss#total-no_subject,0.985,1633419960000
packetaipacketai_packetai-agent,docker,1633420130000,1633419830000,6040a96cdcc614001153fc55,docker#diskio#read#wait_time-no_subject,0.895,1633420310000
consul_consul-agent,docker,1633420550000,1633407830000,6040a96cdcc614001153fc55,docker#diskio#read#service_time-no_subject,1,1633420730000
redisappsmith_redis,docker,1633427220000,1633426980000,6040a96cdcc614001153fc55,docker#memory#usage#total-no_subject,0.8400000000000001,1633427400000
consul_consul-agent,docker,1633430090000,1633426910000,6040a96cdcc614001153fc55,docker#diskio#read#wait_time-no_subject,1,1633430270000
nodezoho_zoho-service,docker,1633436830000,1633436710000,6040a96cdcc614001153fc55,docker#memory#rss#total-no_subject,0.71,1633437010000
docker2838c0afcc7620ff,linux60fec22dda00c500125f4312,1633440240000,1633440120000,6040a96cdcc614001153fc55,docker#memory#rss#total-no_subject,0.7032183908045977,1633440420000
packetaipacketai_packetai-agent,docker,1633442810000,1633436810000,6040a96cdcc614001153fc55,docker#diskio#read#service_time-no_subject,0.9530874223767722,1633442990000
packetaipacketai_packetai-agent,docker,1633443590000,1633443110000,6040a96cdcc614001153fc55,docker#diskio#read#service_time-no_subject,0.7168910737820386,1633443770000
packetaipacketai_packetai-agent,docker,1633444490000,1633443890000,6040a96cdcc614001153fc55,docker#diskio#read#service_time-no_subject,0.7308263787617283,1633444730000
nodezoho_zoho-service,docker,1633446910000,1633446670000,6040a96cdcc614001153fc55,docker#memory#rss#total-no_subject,0.8400000000000001,1633447090000
nodezoho_zoho-service,docker,1633446910000,1633446730000,6040a96cdcc614001153fc55,docker#memory#usage#total-no_subject,0.7849999999999999,1633447090000
mysqlc65d1f2cd07cc218,linux604b83aa4c58ea0011d62211,1633441420000,1633434280000,6040a96cdcc614001153fc55,mysql#status#queries-no_subject,0.7413040378334722,1633447240000
mysqlc65d1f2cd07cc218,linux604b83aa4c58ea0011d62211,1633441360000,1633434280000,6040a96cdcc614001153fc55,mysql#status#binlog#cache#disk_use-no_subject,0.7262361125314302,1633447240000
mysqlc65d1f2cd07cc218,linux604b83aa4c58ea0011d62211,1633444720000,1633417960000,6040a96cdcc614001153fc55,mysql#status#handler#write-no_subject,0.7532691109889255,1633447240000
mysqlc65d1f2cd07cc218,linux604b83aa4c58ea0011d62211,1633424020000,1633420360000,6040a96cdcc614001153fc55,mysql#status#innodb#buffer_pool#bytes#data-no_subject,0.70657704367808,1633447240000
mysqlc65d1f2cd07cc218,linux604b83aa4c58ea0011d62211,1633424020000,1633420360000,6040a96cdcc614001153fc55,mysql#status#innodb#buffer_pool#pages#data-no_subject,0.70657704367808,1633447240000
mysqlc65d1f2cd07cc218,linux604b83aa4c58ea0011d62211,1633422640000,1633419820000,6040a96cdcc614001153fc55,mysql#status#innodb#buffer_pool#read#ahead_evicted-no_subject,0.7691619697538581,1633447240000
mysqlc65d1f2cd07cc218,linux604b83aa4c58ea0011d62211,1633447240000,1633418260000,6040a96cdcc614001153fc55,mysql#status#innodb#buffer_pool#pool#reads-no_subject,0.733788555452877,1633447420000
rediskoios_redis_cache,docker,1633447680000,1633447320000,6040a96cdcc614001153fc55,docker#memory#usage#total-no_subject,0.7221596605110118,1633447860000
nodedisplay_front,docker,1633445810000,1633414370000,6040a96cdcc614001153fc55,docker#network#in#packets-no_subject,0.7156711080532153,1633450490000
nodedisplay_front,docker,1633419230000,1633397570000,6040a96cdcc614001153fc55,docker#diskio#summary#rate-no_subject,1,1633450490000
nodedisplay_front,docker,1633425890000,1633419170000,6040a96cdcc614001153fc55,docker#memory#rss#total-no_subject,1,1633450490000
nodedisplay_front,docker,1633425770000,1633397570000,6040a96cdcc614001153fc55,docker#memory#usage#total-no_subject,0.7251383923743848,1633450490000
mysqlc65d1f2cd07cc218,linux604b83aa4c58ea0011d62211,1633450960000,1633450600000,6040a96cdcc614001153fc55,mysql#status#innodb#buffer_pool#pool#reads-no_subject,0.7517989354413009,1633451140000
nodedisplay_front,docker,1633454510000,1633453490000,6040a96cdcc614001153fc55,docker#memory#rss#total-no_subject,1,1633454690000
apachedocumentation_bookstack,docker,1633439930000,1633420490000,6040a96cdcc614001153fc55,docker#cpu#user#pct-no_subject,0.7143341544067124,1633456250000
apachedocumentation_bookstack,docker,1633456250000,1633420550000,6040a96cdcc614001153fc55,docker#diskio#read#wait_time-no_subject,0.7668653723527276,1633456430000
mysqlc65d1f2cd07cc218,linux604b83aa4c58ea0011d62211,1633461700000,1633455280000,6040a96cdcc614001153fc55,mysql#status#innodb#buffer_pool#pool#reads-no_subject,0.7169605545831179,1633461880000
data-api_data-api,docker,1633440380000,1633439900000,6040a96cdcc614001153fc55,docker#diskio#summary#service_time-no_subject,0.7128970587771276,1633464620000
data-api_data-api,docker,1633440380000,1633439900000,6040a96cdcc614001153fc55,docker#diskio#read#service_time-no_subject,0.9650000000000001,1633464620000
data-api_data-api,docker,1633464620000,1633439900000,6040a96cdcc614001153fc55,docker#diskio#read#wait_time-no_subject,1,1633464800000
mysql357e569af1d96542,linux608ac1c48e4afc0040b43d19,1633465250000,1633463690000,6040a96cdcc614001153fc55,mysql#status#innodb#buffer_pool#pages#dirty-no_subject,0.8259126715886218,1633465430000
mysql357e569af1d96542,linux608ac1c48e4afc0040b43d19,1633465250000,1633463690000,6040a96cdcc614001153fc55,mysql#status#innodb#buffer_pool#bytes#dirty-no_subject,0.8259126715886218,1633465430000
data-api_data-api,docker,1633466840000,1633466720000,6040a96cdcc614001153fc55,docker#memory#usage#total-no_subject,0.71,1633467020000
nodecollector-api_collector-api,docker,1633468730000,1633467590000,6040a96cdcc614001153fc55,docker#diskio#summary#ops-no_subject,1,1633468910000
nodesite-service_site-service,docker,1633471130000,1633470110000,6040a96cdcc614001153fc55,docker#diskio#summary#ops-no_subject,0.7857964693767645,1633471310000
nodecollector-api_collector-api,docker,1633471790000,1633471490000,6040a96cdcc614001153fc55,docker#diskio#summary#ops-no_subject,0.895,1633471970000
nodedisplay_front,docker,1633473710000,1633472930000,6040a96cdcc614001153fc55,docker#diskio#summary#ops-no_subject,0.8995859730104536,1633473890000
mysql6d7613c72a46df40,linux604b83a14c58ea0011d6220f,1633474610000,1633473470000,6040a96cdcc614001153fc55,mysql#status#innodb#buffer_pool#pool#reads-no_subject,0.7602529724493974,1633474790000
linux604b83aa4c58ea0011d62211,linux604b83aa4c58ea0011d62211,1633479220000,1633478620000,6040a96cdcc614001153fc55,system#network#out#bytes-no_subject,0.7463187997479345,1633479400000
pythonalerts_alerts-engine,docker,1633478480000,1633446020000,6040a96cdcc614001153fc55,docker#cpu#total#pct-no_subject,0.7507079285229602,1633483820000
monitoring_blackbox-exporter,docker,1633483950000,1633483770000,6040a96cdcc614001153fc55,docker#memory#usage#total-no_subject,0.7849999999999999,1633484130000
pythonbackup_dockup-master,docker,1633489850000,1633489670000,6040a96cdcc614001153fc55,docker#memory#rss#total-no_subject,0.7849999999999999,1633490030000
pythonbackup_dockup-master,docker,1633490270000,1633490090000,6040a96cdcc614001153fc55,docker#memory#rss#total-no_subject,0.7849999999999999,1633490510000
pythonbackup_dockup-master,docker,1633491230000,1633490630000,6040a96cdcc614001153fc55,docker#diskio#summary#ops-no_subject,0.7645430121858366,1633491410000
nodereports-service_reports-service,docker,1633493110000,1633492930000,6040a96cdcc614001153fc55,docker#cpu#kernel#pct-no_subject,0.7244801188596698,1633493290000
data-api_data-api,docker,1633495460000,1633494500000,6040a96cdcc614001153fc55,prometheus#metrics#go_gc_duration_seconds-no_subject,0.9492360739223694,1633495640000
nodereservation_reservation,docker,1633496930000,1633496450000,6040a96cdcc614001153fc55,docker#diskio#summary#ops-no_subject,0.9545578231292517,1633497110000
pythondynamic-flow_scheduler,docker,1633497420000,1633497060000,6040a96cdcc614001153fc55,docker#network#in#bytes-no_subject,0.8515202746054408,1633497600000
pythondynamic-flow_scheduler,docker,1633497420000,1633497060000,6040a96cdcc614001153fc55,docker#network#out#packets-no_subject,0.8307600913091822,1633497600000
pythondynamic-flow_scheduler,docker,1633497420000,1633497060000,6040a96cdcc614001153fc55,docker#network#out#bytes-no_subject,0.8470741728148589,1633497600000
nodereservation_reservation,docker,1633504370000,1633504010000,6040a96cdcc614001153fc55,docker#network#out#bytes-no_subject,0.794373741089193,1633504550000
nodestats-service_stats-service,docker,1633506590000,1633506290000,6040a96cdcc614001153fc55,docker#network#in#bytes-no_subject,0.8015244077974922,1633506770000
nodestats-service_stats-service,docker,1633506590000,1633506290000,6040a96cdcc614001153fc55,docker#network#in#packets-no_subject,0.7341970318720582,1633506770000
redisappsmith_redis,docker,1633507260000,1633506600000,6040a96cdcc614001153fc55,docker#diskio#summary#ops-no_subject,0.8897316885886727,1633507440000
data-api_data-api,docker,1633507820000,1633501400000,6040a96cdcc614001153fc55,docker#diskio#read#wait_time-no_subject,1,1633508000000
docker4a9851bee76cb07f,linux60fec229da00c500125f430e,1633511750000,1633511210000,6040a96cdcc614001153fc55,docker#diskio#summary#ops-no_subject,0.7245890787489738,1633511930000
portainer_portainer,docker,1633513260000,1633512900000,6040a96cdcc614001153fc55,docker#memory#rss#total-no_subject,0.925,1633513560000
portainer_agent,docker,1633513250000,1633512890000,6040a96cdcc614001153fc55,docker#memory#rss#pct-no_subject,0.7098432796814521,1633513550000
portainer_agent,docker,1633513490000,1633512890000,6040a96cdcc614001153fc55,docker#diskio#summary#service_time-no_subject,0.8361361933530259,1633513670000
portainer_agent,docker,1633513490000,1633512890000,6040a96cdcc614001153fc55,docker#diskio#read#service_time-no_subject,0.99,1633513670000
portainer_agent,docker,1633513490000,1633512890000,6040a96cdcc614001153fc55,docker#diskio#read#wait_time-no_subject,0.99,1633513670000
portainer_agent,docker,1633513490000,1633512890000,6040a96cdcc614001153fc55,docker#diskio#summary#wait_time-no_subject,0.7737035794106201,1633513670000
portainer_portainer,docker,1633513560000,1633512900000,6040a96cdcc614001153fc55,docker#diskio#summary#ops-no_subject,0.7964189677242675,1633513740000
portainer_portainer,docker,1633513560000,1633512900000,6040a96cdcc614001153fc55,docker#diskio#summary#wait_time-no_subject,0.8294274459174847,1633513740000
portainer_portainer,docker,1633513560000,1633512900000,6040a96cdcc614001153fc55,docker#diskio#write#service_time-no_subject,0.995,1633513740000
portainer_portainer,docker,1633513560000,1633512900000,6040a96cdcc614001153fc55,docker#diskio#write#wait_time-no_subject,0.995,1633513740000
portainer_portainer,docker,1633513560000,1633512900000,6040a96cdcc614001153fc55,docker#diskio#summary#service_time-no_subject,0.7377003196032424,1633513740000
linux609bdec6b677860011c6e30c,linux609bdec6b677860011c6e30c,1633516430000,1633515950000,6040a96cdcc614001153fc55,system#memory#actual#used#pct-no_subject,0.7261988953847612,1633516610000
linux609bdec6b677860011c6e30c,linux609bdec6b677860011c6e30c,1633516730000,1633515650000,6040a96cdcc614001153fc55,system#diskio#iostat#read#per_sec#bytes-sda,0.9699945533963525,1633516910000
linux609bdec6b677860011c6e30c,linux609bdec6b677860011c6e30c,1633516730000,1633515650000,6040a96cdcc614001153fc55,system#diskio#iostat#read#per_sec#bytes-sda1,0.9699945533963525,1633516910000
linux609bdec6b677860011c6e30c,linux609bdec6b677860011c6e30c,1633516790000,1633516670000,6040a96cdcc614001153fc55,system#memory#actual#used#pct-no_subject,0.7409355696851253,1633516970000
pythonhyperion_client-plages,docker,1633521800000,1633521740000,6040a96cdcc614001153fc55,docker#cpu#total#pct-no_subject,0.7124303621914813,1633521980000
nodereservation_reservation,docker,1633523870000,1633523630000,6040a96cdcc614001153fc55,docker#memory#usage#total-no_subject,0.8400000000000001,1633524050000
mysqlc65d1f2cd07cc218,linux604b83aa4c58ea0011d62211,1633523980000,1633523440000,6040a96cdcc614001153fc55,mysql#status#innodb#buffer_pool#pool#reads-no_subject,0.714645316673943,1633524160000
pythonhyperion_client-plages,docker,1633525400000,1633525340000,6040a96cdcc614001153fc55,docker#cpu#kernel#pct-no_subject,0.7302052451539339,1633525580000
portainer_agent,docker,1633533230000,1633532030000,6040a96cdcc614001153fc55,docker#network#out#bytes-no_subject,0.714398219402293,1633533410000
portainer_agent,docker,1633533410000,1633532030000,6040a96cdcc614001153fc55,docker#network#in#bytes-no_subject,0.7093025439603459,1633533590000
linux60fec238da00c500125f4314,linux60fec238da00c500125f4314,1633533640000,1633533220000,6040a96cdcc614001153fc55,system#memory#actual#used#pct-no_subject,0.7099151167694903,1633533820000
linux60fec22cda00c500125f4311,linux60fec22cda00c500125f4311,1633534060000,1633533280000,6040a96cdcc614001153fc55,system#memory#actual#used#pct-no_subject,0.8048578279574726,1633534240000
apachedocumentation_bookstack,docker,1633535270000,1633534490000,6040a96cdcc614001153fc55,docker#diskio#read#wait_time-no_subject,0.7705521500095637,1633535450000
gateway_caddy_server,docker,1633538570000,1633537910000,6040a96cdcc614001153fc55,docker#diskio#summary#service_time-no_subject,0.7312608976698388,1633538750000
gateway_caddy_server,docker,1633538390000,1633537910000,6040a96cdcc614001153fc55,docker#diskio#write#wait_time-no_subject,0.9650000000000001,1633538750000
gateway_caddy_server,docker,1633538390000,1633538210000,6040a96cdcc614001153fc55,docker#cpu#system#pct-no_subject,0.7849999999999999,1633538750000
gateway_caddy_server,docker,1633538570000,1633537910000,6040a96cdcc614001153fc55,docker#diskio#write#service_time-no_subject,0.995,1633538750000
gateway_caddy_server,docker,1633538570000,1633537910000,6040a96cdcc614001153fc55,docker#diskio#read#service_time-no_subject,0.995,1633538750000
gateway_caddy_server,docker,1633538390000,1633537970000,6040a96cdcc614001153fc55,docker#memory#usage#total-no_subject,0.787893938504891,1633538750000
gateway_caddy_server,docker,1633538570000,1633537910000,6040a96cdcc614001153fc55,docker#diskio#read#wait_time-no_subject,0.8672146600906249,1633538750000
gateway_caddy_server,docker,1633538570000,1633537910000,6040a96cdcc614001153fc55,docker#diskio#summary#ops-no_subject,0.7349603453459684,1633538750000
gateway_caddy_server,docker,1633538570000,1633537910000,6040a96cdcc614001153fc55,docker#diskio#summary#wait_time-no_subject,0.7054059658297489,1633538750000
gateway_caddy_server,docker,1633538390000,1633537970000,6040a96cdcc614001153fc55,docker#memory#rss#total-no_subject,0.7403289656870152,1633538750000
gateway_caddy_server,docker,1633538690000,1633538090000,6040a96cdcc614001153fc55,docker#cpu#total#pct-no_subject,0.7749285073113713,1633538870000
gateway_caddy_server,docker,1633538750000,1633538090000,6040a96cdcc614001153fc55,docker#cpu#user#pct-no_subject,0.7706590769346531,1633538930000
gateway_caddy_server,docker,1633539170000,1633539050000,6040a96cdcc614001153fc55,docker#diskio#write#service_time-no_subject,0.71,1633539350000
gateway_caddy_server,docker,1633539230000,1633539050000,6040a96cdcc614001153fc55,docker#cpu#system#pct-no_subject,0.7849999999999999,1633539410000
packetaipacketai_packetai-agent,docker,1633548410000,1633528550000,6040a96cdcc614001153fc55,docker#diskio#read#service_time-no_subject,0.9876543209876543,1633548590000
pythonalerts_alerts-engine,docker,1633556840000,1633556780000,6040a96cdcc614001153fc55,docker#network#in#bytes-no_subject,0.7065260102701497,1633557020000
pythonkoios_koios-worker,docker,1633562240000,1633559660000,6040a96cdcc614001153fc55,prometheus#metrics#process_cpu_seconds_total-no_subject,0.8495842781557067,1633562420000
nodenotifications_notifications-service,docker,1633563730000,1633563430000,6040a96cdcc614001153fc55,docker#memory#rss#total-no_subject,0.895,1633563910000
nodedisplay_front,docker,1633566950000,1633566890000,6040a96cdcc614001153fc55,docker#network#in#packets-no_subject,0.7193679308050566,1633567130000
packetaipacketai_packetai-agent,docker,1633571990000,1633571570000,6040a96cdcc614001153fc55,docker#diskio#read#wait_time-no_subject,0.7093276205297862,1633572170000
data-api_data-api,docker,1633544300000,1633530320000,6040a96cdcc614001153fc55,prometheus#metrics#go_memstats_gc_sys_bytes-no_subject,0.7367533409721371,1633574240000
data-api_data-api,docker,1633574240000,1633527500000,6040a96cdcc614001153fc55,prometheus#metrics#go_memstats_sys_bytes-no_subject,1,1633574420000
nodereservations-service_reservations-service,docker,1633582950000,1633582530000,6040a96cdcc614001153fc55,prometheus#metrics#process_resident_memory_bytes-no_subject,0.7201043975355264,1633583130000
nodereservation_reservation,docker,1633583330000,1633582850000,6040a96cdcc614001153fc55,docker#diskio#summary#ops-no_subject,0.7230108559734871,1633583510000
docker24929622c71624a6,linux60fec238da00c500125f4314,1633575720000,1633557600000,6040a96cdcc614001153fc55,docker#cpu#user#pct-no_subject,0.7119547507242219,1633584060000
docker24929622c71624a6,linux60fec238da00c500125f4314,1633584060000,1633537920000,6040a96cdcc614001153fc55,docker#diskio#read#wait_time-no_subject,1,1633584240000
consul_consul-agent,docker,1633549130000,1633539050000,6040a96cdcc614001153fc55,docker#diskio#read#service_time-no_subject,0.7562818268549769,1633584110000
consul_consul-agent,docker,1633539110000,1633537970000,6040a96cdcc614001153fc55,docker#memory#usage#total-no_subject,0.7661814069247829,1633584110000
nodereservations-service_reservations-service,docker,1633584690000,1633584210000,6040a96cdcc614001153fc55,prometheus#metrics#process_resident_memory_bytes-no_subject,0.7947923225306188,1633584930000
pythondynamic-flow_scheduler,docker,1633589460000,1633588860000,6040a96cdcc614001153fc55,docker#memory#usage#total-no_subject,0.7576081980080036,1633589640000
gateway_caddy_server,docker,1633592150000,1633591910000,6040a96cdcc614001153fc55,docker#cpu#user#pct-no_subject,0.71876754177686,1633592390000
redisappsmith_redis,docker,1633593000000,1633592400000,6040a96cdcc614001153fc55,docker#diskio#summary#ops-no_subject,0.7261216662776048,1633593180000
gateway_caddy_server,docker,1633594130000,1633593710000,6040a96cdcc614001153fc55,docker#cpu#total#pct-no_subject,0.7549135465081718,1633594310000
gateway_caddy_server,docker,1633594130000,1633593710000,6040a96cdcc614001153fc55,docker#cpu#user#pct-no_subject,0.716850688560665,1633594310000
packetaipacketai_packetai-agent,docker,1633594730000,1633586690000,6040a96cdcc614001153fc55,docker#diskio#read#service_time-no_subject,0.9070090870248709,1633594910000
packetaipacketai_packetai-agent,docker,1633596830000,1633595150000,6040a96cdcc614001153fc55,docker#diskio#read#service_time-no_subject,0.7041228854076719,1633597010000
nodereservations-service_reservations-service,docker,1633597250000,1633596890000,6040a96cdcc614001153fc55,docker#network#in#bytes-no_subject,0.8072109131507395,1633597430000
nodereservations-service_reservations-service,docker,1633597250000,1633597010000,6040a96cdcc614001153fc55,docker#network#out#packets-no_subject,0.7612127431559687,1633597430000
nodereservations-service_reservations-service,docker,1633597250000,1633597010000,6040a96cdcc614001153fc55,docker#network#in#packets-no_subject,0.7568613390335878,1633597430000
packetaipacketai_packetai-agent,docker,1633598090000,1633597610000,6040a96cdcc614001153fc55,docker#diskio#read#service_time-no_subject,0.7194709729759564,1633598270000
pythonhyperion_client-plages,docker,1633601000000,1633600940000,6040a96cdcc614001153fc55,docker#cpu#kernel#pct-no_subject,0.7163586433024703,1633601180000
pythondynamic-flow_scheduler,docker,1633605720000,1633602960000,6040a96cdcc614001153fc55,docker#network#in#bytes-no_subject,0.7106979267698331,1633606200000
pythondynamic-flow_scheduler,docker,1633605720000,1633602960000,6040a96cdcc614001153fc55,docker#network#in#packets-no_subject,0.7181080262637347,1633606200000
pythondynamic-flow_scheduler,docker,1633605720000,1633602960000,6040a96cdcc614001153fc55,docker#network#out#bytes-no_subject,0.7084978273796199,1633606200000
pythondynamic-flow_scheduler,docker,1633605720000,1633602960000,6040a96cdcc614001153fc55,docker#network#out#packets-no_subject,0.7079648447604775,1633606200000
nodereservations-service_reservations-service,docker,1633610630000,1633610270000,6040a96cdcc614001153fc55,prometheus#metrics#nodejs_eventloop_lag_p99_seconds-no_subject,0.7527051220832623,1633610810000
mysqlc65d1f2cd07cc218,linux604b83aa4c58ea0011d62211,1633610500000,1633610260000,6040a96cdcc614001153fc55,mysql#status#bytes#sent-no_subject,0.7184171053923162,1633610680000
nodereservations-service_reservations-service,docker,1633610810000,1633610450000,6040a96cdcc614001153fc55,docker#diskio#summary#ops-no_subject,0.824435448006767,1633610990000
nodereservations-service_reservations-service,docker,1633610810000,1633610330000,6040a96cdcc614001153fc55,prometheus#metrics#nodejs_eventloop_lag_stddev_seconds-no_subject,0.754013923541569,1633610990000
nodereservations-service_reservations-service,docker,1633610930000,1633610450000,6040a96cdcc614001153fc55,prometheus#metrics#process_start_time_seconds-no_subject,0.9655231928871748,1633611110000
docker24929622c71624a6,linux60fec238da00c500125f4314,1633612920000,1633593660000,6040a96cdcc614001153fc55,docker#diskio#read#wait_time-no_subject,1,1633613100000
docker24929622c71624a6,linux60fec238da00c500125f4314,1633613700000,1633613580000,6040a96cdcc614001153fc55,docker#diskio#read#wait_time-no_subject,0.71,1633613880000
nodereservations-service_reservations-service,docker,1633617330000,1633616850000,6040a96cdcc614001153fc55,prometheus#metrics#total_request_time_sum-no_subject,0.7778273309906615,1633617990000
nodereservations-service_reservations-service,docker,1633617390000,1633616850000,6040a96cdcc614001153fc55,prometheus#metrics#total_request_time_count-no_subject,0.807742890754703,1633617990000
nodereservations-service_reservations-service,docker,1633616790000,1633616250000,6040a96cdcc614001153fc55,prometheus#metrics#errors_encountered-no_subject,0.716359810588953,1633617990000
nodereservations-service_reservations-service,docker,1633617750000,1633616850000,6040a96cdcc614001153fc55,prometheus#metrics#nodejs_gc_duration_seconds_bucket-no_subject,0.8317195970679783,1633617990000
nodereservations-service_reservations-service,docker,1633617510000,1633616850000,6040a96cdcc614001153fc55,prometheus#metrics#nodejs_gc_duration_seconds_sum-no_subject,0.7666181912509278,1633617990000
nodereservations-service_reservations-service,docker,1633617390000,1633616850000,6040a96cdcc614001153fc55,prometheus#metrics#requests_resolved-no_subject,0.807742890754703,1633617990000
nodereservations-service_reservations-service,docker,1633617750000,1633616850000,6040a96cdcc614001153fc55,prometheus#metrics#nodejs_gc_duration_seconds_count-no_subject,0.8353216757098259,1633617990000
nodereservations-service_reservations-service,docker,1633617390000,1633616850000,6040a96cdcc614001153fc55,prometheus#metrics#total_request_time_bucket-no_subject,0.807742890754703,1633617990000
docker8cd84a50555179ca,linux60fec22cda00c500125f4311,1633618320000,1633617600000,6040a96cdcc614001153fc55,docker#memory#rss#total-no_subject,1,1633618500000
docker8cd84a50555179ca,linux60fec22cda00c500125f4311,1633618320000,1633617600000,6040a96cdcc614001153fc55,docker#memory#rss#pct-no_subject,0.8924465632389729,1633618500000
javaappsmith_appsmith-internal-server,docker,1633620780000,1633620060000,6040a96cdcc614001153fc55,docker#memory#rss#total-no_subject,1,1633621020000
javaappsmith_appsmith-internal-server,docker,1633621020000,1633620120000,6040a96cdcc614001153fc55,docker#memory#usage#total-no_subject,0.8129778109249642,1633621200000
javaappsmith_appsmith-internal-server,docker,1633621020000,1633620120000,6040a96cdcc614001153fc55,docker#memory#usage#pct-no_subject,0.7522519908106426,1633621200000
javaappsmith_appsmith-internal-server,docker,1633621020000,1633620120000,6040a96cdcc614001153fc55,docker#memory#rss#pct-no_subject,0.7472631089680232,1633621200000
javaappsmith_appsmith-internal-server,docker,1633621620000,1633621440000,6040a96cdcc614001153fc55,docker#cpu#user#pct-no_subject,0.7413954241522953,1633621800000
javaappsmith_appsmith-internal-server,docker,1633621620000,1633621440000,6040a96cdcc614001153fc55,docker#cpu#total#pct-no_subject,0.7604796569777431,1633621800000
nodereservation_reservation,docker,1633621730000,1633621370000,6040a96cdcc614001153fc55,docker#memory#usage#total-no_subject,0.925,1633622030000
nodereservation_reservation,docker,1633621790000,1633621430000,6040a96cdcc614001153fc55,docker#memory#rss#total-no_subject,0.925,1633622030000
nodereservation_reservation,docker,1633622030000,1633621370000,6040a96cdcc614001153fc55,docker#diskio#summary#ops-no_subject,0.7937590933257758,1633622210000
docker8cd84a50555179ca,linux60fec22cda00c500125f4311,1633622400000,1633621380000,6040a96cdcc614001153fc55,docker#info#containers#running-no_subject,1,1633622580000
nodereservations-service_reservations-service,docker,1633622330000,1633621310000,6040a96cdcc614001153fc55,prometheus#metrics#nodejs_eventloop_lag_seconds-no_subject,0.7730929023351639,1633622810000
nodereservations-service_reservations-service,docker,1633623530000,1633622990000,6040a96cdcc614001153fc55,prometheus#metrics#nodejs_eventloop_lag_stddev_seconds-no_subject,0.7063885656006837,1633623660000
pythonalerts_alerts-engine,docker,1633627040000,1633626980000,6040a96cdcc614001153fc55,docker#network#in#bytes-no_subject,0.7163499715262525,1633627220000
apachedocumentation_bookstack,docker,1633629170000,1633628990000,6040a96cdcc614001153fc55,docker#diskio#write#wait_time-no_subject,0.7428923130616506,1633629350000
data-api_data-api,docker,1633628480000,1633596620000,6040a96cdcc614001153fc55,docker#cpu#user#pct-no_subject,0.7026201302383148,1633641860000
data-api_data-api,docker,1633626080000,1633620560000,6040a96cdcc614001153fc55,docker#network#out#bytes-no_subject,0.8351903359926736,1633641860000
data-api_data-api,docker,1633639100000,1633583300000,6040a96cdcc614001153fc55,prometheus#metrics#go_memstats_mspan_sys_bytes-no_subject,1,1633641860000
data-api_data-api,docker,1633619720000,1633582760000,6040a96cdcc614001153fc55,docker#diskio#read#wait_time-no_subject,0.7580162180918161,1633641860000
data-api_data-api,docker,1633641860000,1633579520000,6040a96cdcc614001153fc55,prometheus#metrics#go_memstats_sys_bytes-no_subject,1,1633642040000
docker4a9851bee76cb07f,linux60fec229da00c500125f430e,1633644530000,1633644290000,6040a96cdcc614001153fc55,docker#cpu#total#pct-no_subject,0.7523365749671798,1633644710000
docker4a9851bee76cb07f,linux60fec229da00c500125f430e,1633644530000,1633644290000,6040a96cdcc614001153fc55,docker#cpu#user#pct-no_subject,0.7743381065610887,1633644710000
nodeapp_app-api,docker,1633600700000,1633593800000,6040a96cdcc614001153fc55,docker#cpu#kernel#pct-no_subject,0.7125600384483125,1633645220000
nodeapp_app-api,docker,1633645220000,1633598480000,6040a96cdcc614001153fc55,docker#diskio#read#service_time-no_subject,1,1633645400000
nodeapp_app-api,docker,1633645220000,1633598480000,6040a96cdcc614001153fc55,docker#diskio#read#wait_time-no_subject,1,1633645400000
pythonkoios_koios-worker,docker,1633646300000,1633646240000,6040a96cdcc614001153fc55,prometheus#metrics#process_resident_memory_bytes-no_subject,0.73622399291722,1633646480000
pythonkoios_koios-worker,docker,1633646300000,1633646240000,6040a96cdcc614001153fc55,prometheus#metrics#process_virtual_memory_bytes-no_subject,0.7255851063829787,1633646480000
docker533eacfa0bebb3ca,linux60fec22ada00c500125f4310,1633646750000,1633646270000,6040a96cdcc614001153fc55,docker#memory#rss#total-no_subject,0.7376688689432439,1633646930000
mysql357e569af1d96542,linux608ac1c48e4afc0040b43d19,1633648850000,1633646210000,6040a96cdcc614001153fc55,mysql#status#innodb#buffer_pool#pool#reads-no_subject,0.9070025467916532,1633649030000
mysql357e569af1d96542,linux608ac1c48e4afc0040b43d19,1633649750000,1633649450000,6040a96cdcc614001153fc55,mysql#status#innodb#buffer_pool#pool#reads-no_subject,0.7537912559246748,1633649930000
data-api_data-api,docker,1633653380000,1633651820000,6040a96cdcc614001153fc55,prometheus#metrics#process_cpu_seconds_total-no_subject,0.7057074739316755,1633653800000
rediskoios_redis_cache,docker,1633654920000,1633654860000,6040a96cdcc614001153fc55,docker#cpu#kernel#pct-no_subject,0.7096396396396396,1633655100000
docker8cd84a50555179ca,linux60fec22cda00c500125f4311,1633658700000,1633658160000,6040a96cdcc614001153fc55,docker#info#containers#running-no_subject,0.985,1633658880000
nodecollector-api_collector-api,docker,1633659110000,1633658930000,6040a96cdcc614001153fc55,docker#cpu#user#pct-no_subject,0.7379252884042664,1633659290000
apachegaia_worker,docker,1633663120000,1633661980000,6040a96cdcc614001153fc55,docker#memory#rss#total-no_subject,1,1633663300000
apachegaia_worker,docker,1633664980000,1633664140000,6040a96cdcc614001153fc55,docker#memory#rss#total-no_subject,1,1633665160000
apachegaia_worker,docker,1633665160000,1633664200000,6040a96cdcc614001153fc55,docker#memory#usage#total-no_subject,1,1633665340000
packetaipacketai_packetai-agent,docker,1633658870000,1633658570000,6040a96cdcc614001153fc55,docker#diskio#read#service_time-no_subject,0.8659496808234706,1633665890000
packetaipacketai_packetai-agent,docker,1633671530000,1633658510000,6040a96cdcc614001153fc55,docker#diskio#read#wait_time-no_subject,0.9432113559923606,1633671710000
packetaipacketai_packetai-agent,docker,1633672430000,1633671770000,6040a96cdcc614001153fc55,docker#diskio#read#wait_time-no_subject,0.7823225892776607,1633672610000
nodereservations-service_reservations-service,docker,1633672860000,1633672620000,6040a96cdcc614001153fc55,prometheus#metrics#process_resident_memory_bytes-no_subject,0.7260380080435932,1633673100000
nodereservations-service_reservations-service,docker,1633672860000,1633672620000,6040a96cdcc614001153fc55,prometheus#metrics#process_virtual_memory_bytes-no_subject,0.7302961123068682,1633673100000
packetaipacketai_packetai-agent,docker,1633673270000,1633672670000,6040a96cdcc614001153fc55,docker#diskio#read#wait_time-no_subject,0.7735320698733278,1633673450000
nodeapp_app-api,docker,1633673960000,1633673720000,6040a96cdcc614001153fc55,docker#diskio#read#wait_time-no_subject,0.8400000000000001,1633674140000
packetaipacketai_packetai-agent,docker,1633674290000,1633673510000,6040a96cdcc614001153fc55,docker#diskio#read#wait_time-no_subject,0.7754449436533402,1633674470000
nodeapp_app-api,docker,1633675160000,1633674980000,6040a96cdcc614001153fc55,docker#diskio#read#service_time-no_subject,0.7849999999999999,1633675340000
packetaipacketai_packetai-agent,docker,1633675250000,1633674530000,6040a96cdcc614001153fc55,docker#diskio#read#wait_time-no_subject,0.7712568659734299,1633675430000
pythonalerts_alerts-engine,docker,1633681880000,1633681820000,6040a96cdcc614001153fc55,docker#cpu#kernel#pct-no_subject,0.7156946516563828,1633682060000
nodereservations-service_reservations-service,docker,1633685240000,1633684820000,6040a96cdcc614001153fc55,prometheus#metrics#process_start_time_seconds-no_subject,0.8166233758950675,1633685420000
nodereservations-service_reservations-service,docker,1633685240000,1633684940000,6040a96cdcc614001153fc55,prometheus#metrics#nodejs_gc_duration_seconds_bucket-no_subject,0.7185441495573744,1633685420000
nodereservations-service_reservations-service,docker,1633685240000,1633684820000,6040a96cdcc614001153fc55,prometheus#metrics#process_cpu_user_seconds_total-no_subject,0.7193759762651232,1633685420000
nodereservations-service_reservations-service,docker,1633685240000,1633684820000,6040a96cdcc614001153fc55,prometheus#metrics#process_cpu_system_seconds_total-no_subject,0.7153190914111002,1633685420000
nodereservations-service_reservations-service,docker,1633685240000,1633684940000,6040a96cdcc614001153fc55,prometheus#metrics#nodejs_gc_duration_seconds_count-no_subject,0.72054412033825,1633685420000
nodereservations-service_reservations-service,docker,1633685240000,1633684940000,6040a96cdcc614001153fc55,prometheus#metrics#total_request_time_sum-no_subject,0.7307419266452083,1633685420000
nodereservations-service_reservations-service,docker,1633685240000,1633684820000,6040a96cdcc614001153fc55,prometheus#metrics#process_cpu_seconds_total-no_subject,0.7222939171109353,1633685420000
nodereservations-service_reservations-service,docker,1633685360000,1633685060000,6040a96cdcc614001153fc55,prometheus#metrics#total_request_time_count-no_subject,0.7202643700022519,1633685540000
nodereservations-service_reservations-service,docker,1633685360000,1633685060000,6040a96cdcc614001153fc55,prometheus#metrics#requests_resolved-no_subject,0.7202643700022519,1633685540000
nodereservations-service_reservations-service,docker,1633685360000,1633685060000,6040a96cdcc614001153fc55,prometheus#metrics#total_request_time_bucket-no_subject,0.7202643700022519,1633685540000
javaappsmith_appsmith-internal-server,docker,1633685820000,1633685460000,6040a96cdcc614001153fc55,docker#memory#rss#pct-no_subject,0.7019328738401874,1633686000000
nodereservations-service_reservations-service,docker,1633686560000,1633686020000,6040a96cdcc614001153fc55,prometheus#metrics#nodejs_eventloop_lag_stddev_seconds-no_subject,0.7026876371629176,1633686740000
javaappsmith_appsmith-internal-server,docker,1633688640000,1633688160000,6040a96cdcc614001153fc55,docker#memory#usage#total-no_subject,0.7062123074203547,1633688820000
docker2838c0afcc7620ff,linux60fec22dda00c500125f4312,1633688460000,1633688340000,6040a96cdcc614001153fc55,docker#memory#usage#total-no_subject,0.7658210195187386,1633688640000
javaappsmith_appsmith-internal-server,docker,1633688760000,1633688160000,6040a96cdcc614001153fc55,docker#memory#rss#pct-no_subject,0.7134971796579309,1633688940000
docker533eacfa0bebb3ca,linux60fec22ada00c500125f4310,1633695410000,1633695110000,6040a96cdcc614001153fc55,docker#info#containers#running-no_subject,0.895,1633695590000
docker533eacfa0bebb3ca,linux60fec22ada00c500125f4310,1633697630000,1633696910000,6040a96cdcc614001153fc55,docker#info#containers#running-no_subject,0.8180522308993847,1633698050000
packetaipacketai_packetai-agent,docker,1633702250000,1633696790000,6040a96cdcc614001153fc55,docker#diskio#read#wait_time-no_subject,0.8499994273515786,1633702430000
nodestats-service_stats-service,docker,1633701980000,1633697960000,6040a96cdcc614001153fc55,docker#diskio#read#service_time-no_subject,1,1633702230000
nodestats-service_stats-service,docker,1633701980000,1633697960000,6040a96cdcc614001153fc55,docker#diskio#read#wait_time-no_subject,1,1633702230000
linux60fec238da00c500125f4314,linux60fec238da00c500125f4314,1633702360000,1633702000000,6040a96cdcc614001153fc55,system#diskio#iostat#write#per_sec#bytes-sda1,0.7231898219325684,1633702540000
linux60fec238da00c500125f4314,linux60fec238da00c500125f4314,1633702360000,1633702000000,6040a96cdcc614001153fc55,system#diskio#iostat#write#per_sec#bytes-sda,0.7231898219325684,1633702540000
apachegaia_scripts,docker,1633705800000,1633705080000,6040a96cdcc614001153fc55,docker#diskio#summary#ops-no_subject,1,1633705980000
apachegaia_scripts,docker,1633705920000,1633705080000,6040a96cdcc614001153fc55,docker#memory#usage#total-no_subject,0.7785219102989536,1633706100000
packetaipacketai_packetai-agent,docker,1633706630000,1633702490000,6040a96cdcc614001153fc55,docker#diskio#read#wait_time-no_subject,0.7721434091537764,1633706810000
packetaipacketai_packetai-agent,docker,1633708010000,1633707410000,6040a96cdcc614001153fc55,docker#diskio#read#wait_time-no_subject,0.7440206768076502,1633708190000
nginxweblate_weblate,docker,1633710300000,1633709940000,6040a96cdcc614001153fc55,docker#memory#rss#total-no_subject,0.7240703421098414,1633710480000
nginxweblate_weblate,docker,1633710300000,1633709940000,6040a96cdcc614001153fc55,docker#memory#rss#pct-no_subject,0.7011360517408095,1633710480000
nginxweblate_weblate,docker,1633710300000,1633709940000,6040a96cdcc614001153fc55,docker#memory#usage#total-no_subject,0.7701154674811551,1633710480000
packetaipacketai_packetai-agent,docker,1633711310000,1633708430000,6040a96cdcc614001153fc55,docker#diskio#read#wait_time-no_subject,0.7245364786973623,1633711490000
packetaipacketai_packetai-agent,docker,1633713530000,1633712870000,6040a96cdcc614001153fc55,docker#diskio#read#wait_time-no_subject,0.761040840263664,1633713710000
pythonhyperion_client-plages,docker,1633714400000,1633714340000,6040a96cdcc614001153fc55,docker#cpu#kernel#pct-no_subject,0.7275654152445962,1633714580000
nodesensor-service_sensor-service,docker,1633689410000,1633680410000,6040a96cdcc614001153fc55,docker#cpu#total#pct-no_subject,0.7524829147144829,1633721270000
nodesensor-service_sensor-service,docker,1633689410000,1633680410000,6040a96cdcc614001153fc55,docker#cpu#kernel#pct-no_subject,0.7481951220555563,1633721270000
nodesensor-service_sensor-service,docker,1633689410000,1633680410000,6040a96cdcc614001153fc55,docker#cpu#user#pct-no_subject,0.738427095794694,1633721270000
nodesite-service_site-service,docker,1633722410000,1633721750000,6040a96cdcc614001153fc55,docker#diskio#summary#ops-no_subject,0.7311975772496683,1633722590000
pythonpost-processing_post-processing-worker,docker,1633725950000,1633725350000,6040a96cdcc614001153fc55,docker#memory#usage#total-no_subject,0.715277931004548,1633726130000
noderealtime-status_realtime-tasks,docker,1633728540000,1633728420000,6040a96cdcc614001153fc55,docker#memory#rss#total-no_subject,0.71,1633728720000
data-api_data-api,docker,1633730300000,1633730060000,6040a96cdcc614001153fc55,prometheus#metrics#go_memstats_alloc_bytes-no_subject,0.7767879096110327,1633730480000
data-api_data-api,docker,1633730300000,1633730060000,6040a96cdcc614001153fc55,prometheus#metrics#go_memstats_heap_inuse_bytes-no_subject,0.7493849098114881,1633730480000
data-api_data-api,docker,1633730300000,1633730060000,6040a96cdcc614001153fc55,prometheus#metrics#go_memstats_heap_alloc_bytes-no_subject,0.7767879096110327,1633730480000
pythonkoios_koios-worker,docker,1633734080000,1633732460000,6040a96cdcc614001153fc55,prometheus#metrics#process_cpu_seconds_total-no_subject,0.856179775280899,1633734260000
nodedisplay_front,docker,1633734830000,1633734470000,6040a96cdcc614001153fc55,docker#memory#usage#total-no_subject,0.7145413732748028,1633735010000
linux60fec22ada00c500125f4310,linux60fec22ada00c500125f4310,1633737990000,1633737630000,6040a96cdcc614001153fc55,system#memory#actual#used#pct-no_subject,0.7653503346630021,1633738170000
docker24929622c71624a6,linux60fec238da00c500125f4314,1633747860000,1633697940000,6040a96cdcc614001153fc55,docker#diskio#read#service_time-no_subject,1,1633748040000
apachedocumentation_bookstack,docker,1633749110000,1633748930000,6040a96cdcc614001153fc55,docker#cpu#total#pct-no_subject,0.7214478157580323,1633749290000
monitoring_prometheus,docker,1633748860000,1633748500000,6040a96cdcc614001153fc55,docker#diskio#summary#ops-no_subject,0.7510576846180504,1633749040000
apachegaia_scripts,docker,1633751820000,1633724340000,6040a96cdcc614001153fc55,docker#diskio#summary#ops-no_subject,1,1633752000000
nodereports-service_reports-service,docker,1633752370000,1633752130000,6040a96cdcc614001153fc55,docker#memory#usage#total-no_subject,0.8400000000000001,1633752850000
nodereports-service_reports-service,docker,1633753870000,1633753270000,6040a96cdcc614001153fc55,docker#diskio#summary#ops-no_subject,0.83271684963473,1633754050000
nodereservations-service_reservations-service,docker,1633763240000,1633761500000,6040a96cdcc614001153fc55,prometheus#metrics#process_resident_memory_bytes-no_subject,0.8475705339511698,1633763600000
nodereservations-service_reservations-service,docker,1633763180000,1633761860000,6040a96cdcc614001153fc55,prometheus#metrics#nodejs_external_memory_bytes-no_subject,0.8754039865668943,1633763600000
nodereservations-service_reservations-service,docker,1633763240000,1633761500000,6040a96cdcc614001153fc55,prometheus#metrics#nodejs_heap_space_size_total_bytes-no_subject,0.7125825854381508,1633763600000
nodereservations-service_reservations-service,docker,1633763240000,1633761500000,6040a96cdcc614001153fc55,prometheus#metrics#process_virtual_memory_bytes-no_subject,0.85264873489897,1633763600000
pythonpost-processing_post-processing-worker,docker,1633765550000,1633764950000,6040a96cdcc614001153fc55,docker#memory#rss#total-no_subject,0.7448180557804805,1633765730000
pythonpost-processing_post-processing-worker,docker,1633765550000,1633764950000,6040a96cdcc614001153fc55,docker#memory#usage#total-no_subject,0.7078979401963937,1633765730000
nginxappsmith_appsmith-nginx,docker,1633723440000,1633722660000,6040a96cdcc614001153fc55,docker#memory#usage#pct-no_subject,0.7768457942115373,1633769340000
nginxappsmith_appsmith-nginx,docker,1633722780000,1633722600000,6040a96cdcc614001153fc55,docker#diskio#summary#rate-no_subject,0.7849999999999999,1633769340000
nginxappsmith_appsmith-nginx,docker,1633723560000,1633722600000,6040a96cdcc614001153fc55,docker#memory#usage#total-no_subject,0.7176257383846044,1633769340000
apachedocumentation_bookstack,docker,1633778270000,1633775150000,6040a96cdcc614001153fc55,docker#diskio#read#wait_time-no_subject,0.811360664605368,1633778450000
docker24929622c71624a6,linux60fec238da00c500125f4314,1633783260000,1633757760000,6040a96cdcc614001153fc55,docker#diskio#read#service_time-no_subject,1,1633783440000
pythonalerts_alerts-engine,docker,1633784480000,1633784420000,6040a96cdcc614001153fc55,docker#network#in#packets-no_subject,0.7056484603281636,1633784660000
nodestats-service_stats-service,docker,1633798770000,1633752030000,6040a96cdcc614001153fc55,docker#diskio#write#wait_time-no_subject,1,1633798950000
nodestats-service_stats-service,docker,1633798770000,1633752030000,6040a96cdcc614001153fc55,docker#diskio#write#service_time-no_subject,1,1633798950000
mysql_router,docker,1633808100000,1633807980000,6040a96cdcc614001153fc55,docker#memory#rss#total-no_subject,0.71,1633808280000
apachedocumentation_bookstack,docker,1633808810000,1633808510000,6040a96cdcc614001153fc55,docker#diskio#write#wait_time-no_subject,0.7340284691586311,1633808990000
apachedocumentation_bookstack,docker,1633809290000,1633809050000,6040a96cdcc614001153fc55,docker#diskio#summary#wait_time-no_subject,0.7442053069080189,1633809470000
pythonkoios_koios-worker,docker,1633818920000,1633818860000,6040a96cdcc614001153fc55,prometheus#metrics#process_resident_memory_bytes-no_subject,0.7335720601237843,1633819160000
pythonkoios_koios-worker,docker,1633818920000,1633818860000,6040a96cdcc614001153fc55,prometheus#metrics#process_virtual_memory_bytes-no_subject,0.7202877379371403,1633819160000
pythonkoios_koios-worker,docker,1633820120000,1633818860000,6040a96cdcc614001153fc55,prometheus#metrics#process_cpu_seconds_total-no_subject,0.8567153011597456,1633820300000
pythonbackup_dockup-node,docker,1633824530000,1633755650000,6040a96cdcc614001153fc55,docker#diskio#read#wait_time-no_subject,1,1633831970000
pythonbackup_dockup-node,docker,1633831970000,1633755650000,6040a96cdcc614001153fc55,docker#diskio#read#service_time-no_subject,1,1633832150000
rediskoios_redis_cache,docker,1633837320000,1633837260000,6040a96cdcc614001153fc55,docker#cpu#total#pct-no_subject,0.7125437127843979,1633837500000
nodereports-service_reports-service,docker,1633838710000,1633838590000,6040a96cdcc614001153fc55,docker#memory#rss#total-no_subject,0.71,1633839250000
nodereports-service_reports-service,docker,1633838710000,1633838530000,6040a96cdcc614001153fc55,docker#memory#usage#total-no_subject,0.7849999999999999,1633839250000
nodereports-service_reports-service,docker,1633838710000,1633838470000,6040a96cdcc614001153fc55,docker#cpu#kernel#pct-no_subject,0.707863435006456,1633839250000
rediskoios_redis_cache,docker,1633843320000,1633843260000,6040a96cdcc614001153fc55,docker#cpu#kernel#pct-no_subject,0.704469696969697,1633843500000
docker4a9851bee76cb07f,linux60fec229da00c500125f430e,1633846190000,1633845710000,6040a96cdcc614001153fc55,docker#memory#usage#pct-no_subject,0.7686549156833099,1633846370000
mysql_router,docker,1633811820000,1633810740000,6040a96cdcc614001153fc55,docker#diskio#summary#service_time-no_subject,0.7005471223375727,1633853640000
mysql_router,docker,1633811820000,1633810740000,6040a96cdcc614001153fc55,docker#diskio#read#service_time-no_subject,0.8543125763354475,1633853640000
mysql_router,docker,1633853640000,1633810740000,6040a96cdcc614001153fc55,docker#diskio#read#wait_time-no_subject,0.804046647376215,1633853820000
pythonpost-processing_post-processing-worker,docker,1633860830000,1633860410000,6040a96cdcc614001153fc55,docker#memory#rss#total-no_subject,0.7262475553161818,1633861010000
pythonpost-processing_post-processing-worker,docker,1633860830000,1633860410000,6040a96cdcc614001153fc55,docker#memory#usage#total-no_subject,0.748102497307885,1633861010000
pythonhyperion_client-plages,docker,1633862000000,1633861940000,6040a96cdcc614001153fc55,docker#cpu#kernel#pct-no_subject,0.7257067271352987,1633862180000
apachedocumentation_bookstack,docker,1633869050000,1633868930000,6040a96cdcc614001153fc55,docker#cpu#total#pct-no_subject,0.8035672020287405,1633869230000
apachedocumentation_bookstack,docker,1633869050000,1633868930000,6040a96cdcc614001153fc55,docker#cpu#user#pct-no_subject,0.7460682166187218,1633869230000
nodereservations-service_reservations-service,docker,1633875360000,1633874880000,6040a96cdcc614001153fc55,prometheus#metrics#nodejs_active_requests-no_subject,0.8598670423721969,1633875540000
docker533eacfa0bebb3ca,linux60fec22ada00c500125f4310,1633886270000,1633845770000,6040a96cdcc614001153fc55,docker#memory#usage#total-no_subject,0.7199868935179848,1633892390000
docker983f275612ba5797,linux60fec228da00c500125f430d,1633892700000,1633871580000,6040a96cdcc614001153fc55,docker#memory#rss#total-no_subject,0.7523734195424655,1633893300000
docker983f275612ba5797,linux60fec228da00c500125f430d,1633882200000,1633846440000,6040a96cdcc614001153fc55,docker#memory#usage#total-no_subject,0.7923787207153651,1633893300000
docker983f275612ba5797,linux60fec228da00c500125f430d,1633882200000,1633846440000,6040a96cdcc614001153fc55,docker#memory#usage#pct-no_subject,0.7157359637281481,1633893300000
docker8cd84a50555179ca,linux60fec22cda00c500125f4311,1633849080000,1633848600000,6040a96cdcc614001153fc55,docker#memory#usage#total-no_subject,0.9650000000000001,1633895160000
docker8cd84a50555179ca,linux60fec22cda00c500125f4311,1633895160000,1633848360000,6040a96cdcc614001153fc55,docker#diskio#summary#ops-no_subject,0.7528006480230377,1633895340000
docker2d4f33a3d22c7833,linux60fec22ada00c500125f430f,1633895280000,1633848540000,6040a96cdcc614001153fc55,docker#diskio#summary#ops-no_subject,0.7345539410395605,1633895460000
docker4a9851bee76cb07f,linux60fec229da00c500125f430e,1633903550000,1633903310000,6040a96cdcc614001153fc55,docker#cpu#user#pct-no_subject,0.7279150900532111,1633903730000
pythonkoios_koios-worker,docker,1633905680000,1633905440000,6040a96cdcc614001153fc55,prometheus#metrics#process_resident_memory_bytes-no_subject,0.8889183222958058,1633906520000
pythonkoios_koios-worker,docker,1633905680000,1633905440000,6040a96cdcc614001153fc55,prometheus#metrics#process_virtual_memory_bytes-no_subject,0.8765340406719718,1633906520000
pythonkoios_koios-worker,docker,1633906880000,1633904900000,6040a96cdcc614001153fc55,prometheus#metrics#process_cpu_seconds_total-no_subject,0.8594917787742901,1633907060000
portainer_portainer,docker,1633917360000,1633917180000,6040a96cdcc614001153fc55,docker#network#in#packets-no_subject,0.7801675293830906,1633917540000
portainer_portainer,docker,1633917360000,1633917180000,6040a96cdcc614001153fc55,docker#network#out#packets-no_subject,0.7957387729195906,1633917540000
linux60fec238da00c500125f4314,linux60fec238da00c500125f4314,1633925500000,1633924840000,6040a96cdcc614001153fc55,system#diskio#iostat#write#per_sec#bytes-sda1,0.7413836948380016,1633925680000
linux60fec238da00c500125f4314,linux60fec238da00c500125f4314,1633925500000,1633924840000,6040a96cdcc614001153fc55,system#diskio#iostat#write#per_sec#bytes-sda,0.7413836948380016,1633925680000
nodereports-service_reports-service,docker,1633925530000,1633924990000,6040a96cdcc614001153fc55,docker#memory#usage#total-no_subject,0.985,1633925710000
nodereports-service_reports-service,docker,1633925530000,1633925170000,6040a96cdcc614001153fc55,docker#cpu#kernel#pct-no_subject,0.758315645626377,1633925710000
nodereports-service_reports-service,docker,1633925470000,1633925170000,6040a96cdcc614001153fc55,docker#cpu#user#pct-no_subject,0.8080635454536712,1633925710000
nodereservations-service_reservations-service,docker,1633930820000,1633929920000,6040a96cdcc614001153fc55,prometheus#metrics#process_virtual_memory_bytes-no_subject,0.7810346878173936,1633931250000
nodereservations-service_reservations-service,docker,1633930820000,1633929680000,6040a96cdcc614001153fc55,prometheus#metrics#process_resident_memory_bytes-no_subject,0.7740819736756253,1633931250000
nodereservations-service_reservations-service,docker,1633932690000,1633932210000,6040a96cdcc614001153fc55,prometheus#metrics#nodejs_active_requests-no_subject,0.7505395559718967,1633933170000
nodereservations-service_reservations-service,docker,1633932990000,1633931130000,6040a96cdcc614001153fc55,prometheus#metrics#nodejs_active_requests_total-no_subject,0.7665227430119707,1633933170000
nodereservations-service_reservations-service,docker,1633932510000,1633931310000,6040a96cdcc614001153fc55,prometheus#metrics#process_virtual_memory_bytes-no_subject,0.7582763717191034,1633933170000
nodereservations-service_reservations-service,docker,1633932510000,1633931790000,6040a96cdcc614001153fc55,prometheus#metrics#process_resident_memory_bytes-no_subject,0.7216778975417056,1633933170000
nodezoho_zoho-service,docker,1633934230000,1633933930000,6040a96cdcc614001153fc55,docker#memory#rss#total-no_subject,0.895,1633934410000
nodezoho_zoho-service,docker,1633934230000,1633933930000,6040a96cdcc614001153fc55,docker#memory#usage#total-no_subject,0.7015656370819388,1633934410000
nodereservations-service_reservations-service,docker,1633934310000,1633933350000,6040a96cdcc614001153fc55,prometheus#metrics#total_request_time_bucket-no_subject,0.7226741572543772,1633934610000
nodereservations-service_reservations-service,docker,1633934310000,1633933350000,6040a96cdcc614001153fc55,prometheus#metrics#total_request_time_count-no_subject,0.7226741572543772,1633934610000
nodereservations-service_reservations-service,docker,1633934310000,1633933350000,6040a96cdcc614001153fc55,prometheus#metrics#requests_resolved-no_subject,0.7226741572543772,1633934610000
nodereservations-service_reservations-service,docker,1633934610000,1633933650000,6040a96cdcc614001153fc55,prometheus#metrics#total_request_time_sum-no_subject,0.7494152324779239,1633934820000
nodezoho_zoho-service,docker,1633936390000,1633935670000,6040a96cdcc614001153fc55,docker#diskio#summary#ops-no_subject,0.7374710215990102,1633936570000
docker2489ddd64d0996e5,linux60fec22dda00c500125f4313,1633936440000,1633935720000,6040a96cdcc614001153fc55,docker#memory#usage#pct-no_subject,0.7936457210577214,1633936620000
nodereservations-service_reservations-service,docker,1633938000000,1633937280000,6040a96cdcc614001153fc55,docker#diskio#summary#ops-no_subject,0.8180314176517353,1633938180000
docker2489ddd64d0996e5,linux60fec22dda00c500125f4313,1633938420000,1633937820000,6040a96cdcc614001153fc55,docker#memory#usage#total-no_subject,0.8351093687108463,1633938600000
nodereservations-service_reservations-service,docker,1633940540000,1633939640000,6040a96cdcc614001153fc55,prometheus#metrics#nodejs_active_requests_total-no_subject,0.736886289923698,1633940720000
nodereservations-service_reservations-service,docker,1633940660000,1633938560000,6040a96cdcc614001153fc55,docker#diskio#summary#ops-no_subject,0.7855718034772612,1633940840000
nginxappsmith_appsmith-nginx,docker,1633941720000,1633941360000,6040a96cdcc614001153fc55,docker#memory#usage#total-no_subject,0.8223015114312551,1633941900000
apachedocumentation_bookstack,docker,1633943450000,1633941050000,6040a96cdcc614001153fc55,docker#diskio#read#service_time-no_subject,0.7605249035153073,1633943630000
monitoring_prometheus,docker,1633943560000,1633942900000,6040a96cdcc614001153fc55,docker#diskio#summary#ops-no_subject,0.8371474190089416,1633943740000
nodereservations-service_reservations-service,docker,1633944930000,1633942530000,6040a96cdcc614001153fc55,docker#diskio#summary#ops-no_subject,0.7919442571455971,1633945110000
noderealtime-status_realtime-worker,docker,1633945910000,1633945370000,6040a96cdcc614001153fc55,docker#memory#rss#total-no_subject,0.7152972509249466,1633946090000
redisappsmith_redis,docker,1633944180000,1633942320000,6040a96cdcc614001153fc55,docker#network#out#packets-no_subject,0.7070485111753363,1633947120000
redisappsmith_redis,docker,1633948080000,1633941360000,6040a96cdcc614001153fc55,docker#diskio#summary#ops-no_subject,0.8088240990420509,1633948260000
nginxweblate_weblate,docker,1633950000000,1633949400000,6040a96cdcc614001153fc55,docker#diskio#summary#ops-no_subject,0.8406561115077329,1633950300000
nginxweblate_weblate,docker,1633950240000,1633949820000,6040a96cdcc614001153fc55,docker#memory#usage#total-no_subject,0.7376700645583433,1633950420000
docker2489ddd64d0996e5,linux60fec22dda00c500125f4313,1633950660000,1633950240000,6040a96cdcc614001153fc55,docker#diskio#summary#ops-no_subject,0.7313572654107404,1633950840000
pythonkoios_koios-tasks,docker,1633926120000,1633918860000,6040a96cdcc614001153fc55,docker#cpu#total#pct-no_subject,0.8502840761270735,1633951380000
redisappsmith_redis,docker,1633951320000,1633948440000,6040a96cdcc614001153fc55,docker#diskio#summary#ops-no_subject,0.7826809896229713,1633951500000
nodereservations-service_reservations-service,docker,1633952370000,1633951890000,6040a96cdcc614001153fc55,prometheus#metrics#nodejs_eventloop_lag_mean_seconds-no_subject,0.715850307667778,1633952610000
nodereservations-service_reservations-service,docker,1633952370000,1633951890000,6040a96cdcc614001153fc55,prometheus#metrics#nodejs_eventloop_lag_p99_seconds-no_subject,0.7851716200344484,1633952610000
apachedocumentation_bookstack,docker,1633953470000,1633944290000,6040a96cdcc614001153fc55,docker#diskio#read#service_time-no_subject,0.7268530121698404,1633953650000
redisappsmith_redis,docker,1633954020000,1633951800000,6040a96cdcc614001153fc55,docker#diskio#summary#ops-no_subject,0.7627404037161898,1633954200000
nodereservations-service_reservations-service,docker,1633954440000,1633954130000,6040a96cdcc614001153fc55,prometheus#metrics#process_virtual_memory_bytes-no_subject,0.8354067410767678,1633954620000
nodereservations-service_reservations-service,docker,1633954500000,1633954130000,6040a96cdcc614001153fc55,prometheus#metrics#process_resident_memory_bytes-no_subject,0.8522834747836548,1633954680000
nginxappsmith_appsmith-nginx,docker,1633960200000,1633954680000,6040a96cdcc614001153fc55,docker#diskio#summary#ops-no_subject,0.8258756895831967,1633960380000
javaappsmith_appsmith-internal-server,docker,1633948020000,1633944180000,6040a96cdcc614001153fc55,docker#memory#rss#total-no_subject,0.7428751309356117,1633961460000
docker533eacfa0bebb3ca,linux60fec22ada00c500125f4310,1633961570000,1633934450000,6040a96cdcc614001153fc55,docker#diskio#summary#ops-no_subject,0.7297711191079806,1633961750000
docker2d4f33a3d22c7833,linux60fec22ada00c500125f430f,1633955520000,1633949100000,6040a96cdcc614001153fc55,docker#memory#rss#total-no_subject,0.7297551713664805,1633962780000
docker2d4f33a3d22c7833,linux60fec22ada00c500125f430f,1633962780000,1633935120000,6040a96cdcc614001153fc55,docker#diskio#summary#ops-no_subject,0.7275507058474227,1633962960000
docker983f275612ba5797,linux60fec228da00c500125f430d,1633964160000,1633963680000,6040a96cdcc614001153fc55,docker#memory#usage#total-no_subject,0.7360007168735975,1633964760000
nodealerts_alerts-service,docker,1633964270000,1633956710000,6040a96cdcc614001153fc55,docker#cpu#kernel#pct-no_subject,0.8010140116909955,1633964810000
nodealerts_alerts-service,docker,1633962230000,1633956710000,6040a96cdcc614001153fc55,docker#memory#rss#total-no_subject,0.7872248322805956,1633964810000
nodealerts_alerts-service,docker,1633962230000,1633956710000,6040a96cdcc614001153fc55,docker#memory#usage#total-no_subject,0.79042201754138,1633964810000
nodealerts_alerts-service,docker,1633964690000,1633956830000,6040a96cdcc614001153fc55,docker#diskio#summary#ops-no_subject,0.7916938865380336,1633964870000
nodealerts_alerts-service,docker,1633964810000,1633964390000,6040a96cdcc614001153fc55,docker#diskio#read#wait_time-no_subject,0.95,1633964990000
nodealerts_alerts-service,docker,1633964810000,1633964390000,6040a96cdcc614001153fc55,docker#diskio#summary#service_time-no_subject,0.7550112899988872,1633964990000
nodealerts_alerts-service,docker,1633964810000,1633964390000,6040a96cdcc614001153fc55,docker#diskio#summary#wait_time-no_subject,0.732118368644837,1633964990000
nodealerts_alerts-service,docker,1633964810000,1633964390000,6040a96cdcc614001153fc55,docker#diskio#read#service_time-no_subject,0.95,1633964990000
docker983f275612ba5797,linux60fec228da00c500125f430d,1633964760000,1633963800000,6040a96cdcc614001153fc55,docker#diskio#summary#ops-no_subject,0.7325248489069908,1633964940000
javaappsmith_appsmith-internal-server,docker,1633964880000,1633964340000,6040a96cdcc614001153fc55,docker#diskio#summary#ops-no_subject,0.7580269398013195,1633965060000
docker533eacfa0bebb3ca,linux60fec22ada00c500125f4310,1633964870000,1633964270000,6040a96cdcc614001153fc55,docker#diskio#summary#ops-no_subject,0.736458950700371,1633965050000
linux60fec238da00c500125f4314,linux60fec238da00c500125f4314,1633964740000,1633964380000,6040a96cdcc614001153fc55,system#network#out#bytes-no_subject,0.7048057221562093,1633964920000
docker24929622c71624a6,linux60fec238da00c500125f4314,1633965180000,1633964760000,6040a96cdcc614001153fc55,docker#network#in#packets-no_subject,0.7027223563952125,1633965360000
docker533eacfa0bebb3ca,linux60fec22ada00c500125f4310,1633964930000,1633964210000,6040a96cdcc614001153fc55,docker#memory#usage#total-no_subject,0.724099629156496,1633965110000
javaappsmith_appsmith-internal-server,docker,1633965720000,1633965480000,6040a96cdcc614001153fc55,docker#cpu#user#pct-no_subject,0.7462745098039215,1633965900000
javaappsmith_appsmith-internal-server,docker,1633965720000,1633965480000,6040a96cdcc614001153fc55,docker#cpu#total#pct-no_subject,0.7854901960784314,1633965900000
docker983f275612ba5797,linux60fec228da00c500125f430d,1633966080000,1633965660000,6040a96cdcc614001153fc55,docker#memory#rss#pct-no_subject,0.7811658240464588,1633966260000
docker983f275612ba5797,linux60fec228da00c500125f430d,1633966080000,1633965660000,6040a96cdcc614001153fc55,docker#memory#rss#total-no_subject,0.824874355604362,1633966260000
docker983f275612ba5797,linux60fec228da00c500125f430d,1633966140000,1633965660000,6040a96cdcc614001153fc55,docker#memory#usage#total-no_subject,0.8156164655306473,1633966380000
docker983f275612ba5797,linux60fec228da00c500125f430d,1633966140000,1633965660000,6040a96cdcc614001153fc55,docker#memory#usage#pct-no_subject,0.7252375036129554,1633966380000
docker983f275612ba5797,linux60fec228da00c500125f430d,1633966380000,1633966320000,6040a96cdcc614001153fc55,docker#memory#rss#total-no_subject,0.7275342465753424,1633966620000
keto_keto,docker,1633966260000,1633965960000,6040a96cdcc614001153fc55,docker#network#in#packets-no_subject,0.7151791354338014,1633966440000
keto_keto,docker,1633966260000,1633965960000,6040a96cdcc614001153fc55,docker#network#out#packets-no_subject,0.7102793342310493,1633966440000
javaappsmith_appsmith-internal-server,docker,1633966320000,1633966020000,6040a96cdcc614001153fc55,docker#cpu#user#pct-no_subject,0.772160289654206,1633966500000
javaappsmith_appsmith-internal-server,docker,1633966320000,1633966020000,6040a96cdcc614001153fc55,docker#cpu#total#pct-no_subject,0.8179116827953706,1633966500000
docker983f275612ba5797,linux60fec228da00c500125f430d,1633966500000,1633966440000,6040a96cdcc614001153fc55,docker#memory#usage#pct-no_subject,0.713253926038998,1633966680000
docker983f275612ba5797,linux60fec228da00c500125f430d,1633966620000,1633966440000,6040a96cdcc614001153fc55,docker#memory#usage#total-no_subject,0.840155999320185,1633966800000
docker24929622c71624a6,linux60fec238da00c500125f4314,1633966920000,1633965660000,6040a96cdcc614001153fc55,docker#network#in#packets-no_subject,0.7648054883939555,1633967100000
keto_keto,docker,1633967700000,1633967460000,6040a96cdcc614001153fc55,docker#network#in#packets-no_subject,0.7010209626162558,1633967880000
keto_keto,docker,1633967700000,1633967460000,6040a96cdcc614001153fc55,docker#network#in#bytes-no_subject,0.70330354646534,1633967880000
rabbitmqqueue_rabbitmq,docker,1633968130000,1633959550000,6040a96cdcc614001153fc55,docker#diskio#read#service_time-no_subject,1,1633968370000
rabbitmqqueue_rabbitmq,docker,1633968130000,1633959550000,6040a96cdcc614001153fc55,docker#diskio#read#wait_time-no_subject,1,1633968370000
rabbitmqqueue_rabbitmq,docker,1633968250000,1633964230000,6040a96cdcc614001153fc55,rabbitmq#node#mnesia#ram#tx#count-no_subject,0.7056352839299426,1633968430000
nodedisplay_front,docker,1633968050000,1633967990000,6040a96cdcc614001153fc55,docker#network#in#packets-no_subject,0.7243702226653372,1633968230000
pythonpost-processing_post-processing-worker,docker,1633969850000,1633969370000,6040a96cdcc614001153fc55,docker#memory#usage#total-no_subject,0.7028969448258516,1633970030000
docker8cd84a50555179ca,linux60fec22cda00c500125f4311,1633964280000,1633934580000,6040a96cdcc614001153fc55,docker#diskio#summary#rate-no_subject,0.7301640660660952,1633970160000
docker8cd84a50555179ca,linux60fec22cda00c500125f4311,1633970160000,1633934520000,6040a96cdcc614001153fc55,docker#diskio#summary#ops-no_subject,0.7351300546781654,1633970340000
keto_keto,docker,1633973700000,1633973400000,6040a96cdcc614001153fc55,docker#network#out#bytes-no_subject,0.7077015069585203,1633973940000
keto_keto,docker,1633973700000,1633973220000,6040a96cdcc614001153fc55,docker#network#in#packets-no_subject,0.7593932836077625,1633973940000
keto_keto,docker,1633973700000,1633973220000,6040a96cdcc614001153fc55,docker#network#out#packets-no_subject,0.7600448628554209,1633973940000
redisappsmith_redis,docker,1633965240000,1633963740000,6040a96cdcc614001153fc55,docker#memory#rss#total-no_subject,1,1633976940000
redisappsmith_redis,docker,1633978800000,1633954560000,6040a96cdcc614001153fc55,docker#diskio#summary#ops-no_subject,0.753271563601612,1633978980000
docker2838c0afcc7620ff,linux60fec22dda00c500125f4312,1633956780000,1633933560000,6040a96cdcc614001153fc55,docker#memory#usage#pct-no_subject,0.7834421653372861,1633980840000
docker2838c0afcc7620ff,linux60fec22dda00c500125f4312,1633960260000,1633956840000,6040a96cdcc614001153fc55,docker#network#in#bytes-no_subject,0.7883252268727023,1633980840000
docker2838c0afcc7620ff,linux60fec22dda00c500125f4312,1633980840000,1633933500000,6040a96cdcc614001153fc55,docker#diskio#summary#ops-no_subject,0.7335235700804473,1633981020000
mysqlc65d1f2cd07cc218,linux604b83aa4c58ea0011d62211,1633950100000,1633939240000,6040a96cdcc614001153fc55,mysql#status#threads#running-no_subject,0.7034611481697742,1633984360000
mysqlc65d1f2cd07cc218,linux604b83aa4c58ea0011d62211,1633940260000,1633939600000,6040a96cdcc614001153fc55,mysql#status#binlog#cache#disk_use-no_subject,0.7670293137830351,1633984360000
mysqlc65d1f2cd07cc218,linux604b83aa4c58ea0011d62211,1633967380000,1633943260000,6040a96cdcc614001153fc55,mysql#performance#table_io_waits#count#fetch-no_subject,0.7052156692368098,1633984360000
mysqlc65d1f2cd07cc218,linux604b83aa4c58ea0011d62211,1633951960000,1633939600000,6040a96cdcc614001153fc55,mysql#status#bytes#sent-no_subject,0.7459767827590557,1633984360000
nodereservations-service_reservations-service,docker,1633985460000,1633985160000,6040a96cdcc614001153fc55,prometheus#metrics#process_start_time_seconds-no_subject,0.7042856882999132,1633985760000
nodereservations-service_reservations-service,docker,1633992150000,1633991670000,6040a96cdcc614001153fc55,prometheus#metrics#nodejs_heap_size_total_bytes-no_subject,0.7095419437019945,1633992330000
apachedocumentation_bookstack,docker,1633983650000,1633955990000,6040a96cdcc614001153fc55,docker#diskio#read#wait_time-no_subject,0.7225059755408108,1633992710000
pythonalerts_alerts-engine,docker,1634000540000,1634000480000,6040a96cdcc614001153fc55,docker#network#in#bytes-no_subject,0.7173075211392969,1634000720000
pythonbackup_dockup-master,docker,1634009870000,1634008190000,6040a96cdcc614001153fc55,docker#diskio#summary#ops-no_subject,0.8010827005715543,1634010050000
docker2d4f33a3d22c7833,linux60fec22ada00c500125f430f,1633962780000,1633935120000,6040a96cdcc614001153fc55,docker#diskio#summary#ops-no_subject,0.7275507058474227,1634015460000
nodereservations-service_reservations-service,docker,1634016050000,1634015330000,6040a96cdcc614001153fc55,prometheus#metrics#process_virtual_memory_bytes-no_subject,0.7862519908734371,1634016350000
nodereservations-service_reservations-service,docker,1634016050000,1634015330000,6040a96cdcc614001153fc55,prometheus#metrics#process_resident_memory_bytes-no_subject,0.7947781199544989,1634016350000
nodereservations-service_reservations-service,docker,1634016710000,1634015390000,6040a96cdcc614001153fc55,prometheus#metrics#process_start_time_seconds-no_subject,0.75273594895882,1634016890000
nodereservations-service_reservations-service,docker,1634017070000,1634016290000,6040a96cdcc614001153fc55,prometheus#metrics#nodejs_external_memory_bytes-no_subject,0.7933128724202145,1634017250000
pythonkoios_koios-worker,docker,1633992080000,1633991900000,6040a96cdcc614001153fc55,prometheus#metrics#process_resident_memory_bytes-no_subject,0.848289241622575,1634019200000
pythonkoios_koios-worker,docker,1633992080000,1633991900000,6040a96cdcc614001153fc55,prometheus#metrics#process_virtual_memory_bytes-no_subject,0.8209050772626932,1634019200000
pythonkoios_koios-worker,docker,1633992080000,1633991720000,6040a96cdcc614001153fc55,docker#cpu#total#pct-no_subject,0.7193525192280337,1634019200000
pythonkoios_koios-worker,docker,1633993160000,1633991660000,6040a96cdcc614001153fc55,prometheus#metrics#process_cpu_seconds_total-no_subject,0.8577440968685126,1634019200000
pythonkoios_koios-tasks,docker,1634000520000,1633992060000,6040a96cdcc614001153fc55,docker#cpu#user#pct-no_subject,0.7554496118201423,1634019780000
nodereservations-service_reservations-service,docker,1634020500000,1634018090000,6040a96cdcc614001153fc55,prometheus#metrics#nodejs_gc_duration_seconds_sum-no_subject,0.7082037874233561,1634020740000
nodereservations-service_reservations-service,docker,1634020620000,1634018760000,6040a96cdcc614001153fc55,prometheus#metrics#total_request_time_sum-no_subject,0.7144545098621483,1634020920000
nodereservations-service_reservations-service,docker,1634021340000,1634018450000,6040a96cdcc614001153fc55,prometheus#metrics#requests_resolved-no_subject,0.7092869446820487,1634021640000
nodereservations-service_reservations-service,docker,1634021340000,1634018450000,6040a96cdcc614001153fc55,prometheus#metrics#total_request_time_bucket-no_subject,0.7092869446820487,1634021640000
nodereservations-service_reservations-service,docker,1634021340000,1634018450000,6040a96cdcc614001153fc55,prometheus#metrics#total_request_time_count-no_subject,0.7092869446820487,1634021640000
nodereservations-service_reservations-service,docker,1634021820000,1634020800000,6040a96cdcc614001153fc55,prometheus#metrics#process_start_time_seconds-no_subject,0.7715705776426406,1634022000000
pythonpost-processing_post-processing-worker,docker,1634022050000,1634021450000,6040a96cdcc614001153fc55,docker#memory#usage#total-no_subject,0.7282828306534775,1634022230000
nodereservations-service_reservations-service,docker,1634027850000,1634027070000,6040a96cdcc614001153fc55,prometheus#metrics#nodejs_eventloop_lag_max_seconds-no_subject,0.7800232698559181,1634028090000
rabbitmqqueue_rabbitmq,docker,1634018530000,1633992070000,6040a96cdcc614001153fc55,docker#network#in#packets-no_subject,0.7539224036223168,1634030110000
rabbitmqqueue_rabbitmq,docker,1634018530000,1633992070000,6040a96cdcc614001153fc55,docker#network#in#bytes-no_subject,0.7439685233515828,1634030110000
rabbitmqqueue_rabbitmq,docker,1634027770000,1633991770000,6040a96cdcc614001153fc55,docker#diskio#read#wait_time-no_subject,1,1634030110000
rabbitmqqueue_rabbitmq,docker,1634030110000,1634002390000,6040a96cdcc614001153fc55,docker#diskio#read#service_time-no_subject,1,1634030350000
rabbitmqqueue_rabbitmq,docker,1634030890000,1634030470000,6040a96cdcc614001153fc55,docker#diskio#read#wait_time-no_subject,0.95,1634031070000
rabbitmqqueue_rabbitmq,docker,1634031490000,1634030470000,6040a96cdcc614001153fc55,docker#diskio#read#service_time-no_subject,1,1634031670000
rabbitmqqueue_rabbitmq,docker,1634032570000,1634031790000,6040a96cdcc614001153fc55,docker#diskio#read#service_time-no_subject,1,1634032750000
nodestats-service_stats-service,docker,1634034030000,1634033430000,6040a96cdcc614001153fc55,docker#diskio#summary#ops-no_subject,0.8214631026774768,1634034210000
nodestats-service_stats-service,docker,1634036010000,1634035710000,6040a96cdcc614001153fc55,docker#network#in#bytes-no_subject,0.8254333100823915,1634036190000
nodestats-service_stats-service,docker,1634036010000,1634035710000,6040a96cdcc614001153fc55,docker#network#out#packets-no_subject,0.8502397321473333,1634036190000
nodestats-service_stats-service,docker,1634036010000,1634035710000,6040a96cdcc614001153fc55,docker#network#out#bytes-no_subject,0.8718081480213288,1634036190000
nodestats-service_stats-service,docker,1634036010000,1634035710000,6040a96cdcc614001153fc55,docker#network#in#packets-no_subject,0.8540189134250676,1634036190000
nodestats-service_stats-service,docker,1634037210000,1634037090000,6040a96cdcc614001153fc55,docker#network#out#bytes-no_subject,0.7202244214060057,1634037390000
nodestats-service_stats-service,docker,1634037210000,1634037090000,6040a96cdcc614001153fc55,docker#network#out#packets-no_subject,0.7021067718611228,1634037390000
nodestats-service_stats-service,docker,1634037210000,1634037090000,6040a96cdcc614001153fc55,docker#network#in#packets-no_subject,0.7044982039174817,1634037390000
nodereservations-service_reservations-service,docker,1634040540000,1634039940000,6040a96cdcc614001153fc55,prometheus#metrics#process_start_time_seconds-no_subject,0.7085187585569241,1634040720000
nodestats-service_stats-service,docker,1634041230000,1634040990000,6040a96cdcc614001153fc55,docker#network#out#bytes-no_subject,0.7774285720687498,1634041410000
nodestats-service_stats-service,docker,1634041230000,1634040990000,6040a96cdcc614001153fc55,docker#network#out#packets-no_subject,0.7596561231691492,1634041410000
nodestats-service_stats-service,docker,1634041230000,1634040990000,6040a96cdcc614001153fc55,docker#network#in#packets-no_subject,0.7666843815854504,1634041410000
redisappsmith_redis,docker,1634046600000,1634021520000,6040a96cdcc614001153fc55,docker#diskio#summary#ops-no_subject,0.7019504583226664,1634046840000
redisappsmith_redis,docker,1634046720000,1634046120000,6040a96cdcc614001153fc55,docker#memory#rss#pct-no_subject,0.758283987838118,1634046900000
redisappsmith_redis,docker,1634046720000,1634046120000,6040a96cdcc614001153fc55,docker#memory#rss#total-no_subject,0.99,1634046900000
keto_keto,docker,1634046780000,1634046120000,6040a96cdcc614001153fc55,docker#network#in#packets-no_subject,0.7708698870238168,1634046960000
keto_keto,docker,1634046780000,1634046120000,6040a96cdcc614001153fc55,docker#network#in#bytes-no_subject,0.8042586710389915,1634046960000
keto_keto,docker,1634046780000,1634046120000,6040a96cdcc614001153fc55,docker#network#out#packets-no_subject,0.7686626317849886,1634046960000
javaappsmith_appsmith-internal-server,docker,1634046600000,1634046120000,6040a96cdcc614001153fc55,docker#memory#rss#total-no_subject,0.7071366812677397,1634046900000
redisappsmith_redis,docker,1634046840000,1634046120000,6040a96cdcc614001153fc55,docker#memory#usage#pct-no_subject,0.7304598193051991,1634047020000
redisappsmith_redis,docker,1634046840000,1634041380000,6040a96cdcc614001153fc55,docker#memory#usage#total-no_subject,0.7504075160978686,1634047020000
keto_keto,docker,1634046960000,1634046300000,6040a96cdcc614001153fc55,docker#network#out#bytes-no_subject,0.7926607710394667,1634047140000
javaappsmith_appsmith-internal-server,docker,1634046900000,1634046720000,6040a96cdcc614001153fc55,docker#memory#usage#total-no_subject,0.7581518742155025,1634047200000
javaappsmith_appsmith-internal-server,docker,1634046900000,1634046720000,6040a96cdcc614001153fc55,docker#memory#usage#pct-no_subject,0.7361019251585162,1634047200000
nodestats-service_stats-service,docker,1634047170000,1634046810000,6040a96cdcc614001153fc55,docker#network#in#bytes-no_subject,0.7683454997942523,1634047350000
nodestats-service_stats-service,docker,1634047170000,1634046810000,6040a96cdcc614001153fc55,docker#network#out#packets-no_subject,0.7733229309148876,1634047350000
nodestats-service_stats-service,docker,1634047170000,1634046810000,6040a96cdcc614001153fc55,docker#network#out#bytes-no_subject,0.7943319560007049,1634047350000
nodestats-service_stats-service,docker,1634047170000,1634046810000,6040a96cdcc614001153fc55,docker#network#in#packets-no_subject,0.7870457725524113,1634047350000
javaappsmith_appsmith-internal-server,docker,1634047740000,1634046780000,6040a96cdcc614001153fc55,docker#network#in#packets-no_subject,0.7943632970384154,1634047920000
javaappsmith_appsmith-internal-server,docker,1634047740000,1634046780000,6040a96cdcc614001153fc55,docker#network#out#packets-no_subject,0.8365805953110755,1634047920000
javaappsmith_appsmith-internal-server,docker,1634047800000,1634047500000,6040a96cdcc614001153fc55,docker#cpu#user#pct-no_subject,0.776931780132691,1634048040000
javaappsmith_appsmith-internal-server,docker,1634047800000,1634047500000,6040a96cdcc614001153fc55,docker#cpu#total#pct-no_subject,0.8010400929100188,1634048040000
redisappsmith_redis,docker,1634048820000,1634048580000,6040a96cdcc614001153fc55,docker#network#out#packets-no_subject,0.7347259751883035,1634049000000
redisappsmith_redis,docker,1634048820000,1634048580000,6040a96cdcc614001153fc55,docker#network#out#bytes-no_subject,0.7087474781977171,1634049000000
redisappsmith_redis,docker,1634048820000,1634048580000,6040a96cdcc614001153fc55,docker#network#in#packets-no_subject,0.7267851727450991,1634049000000
docker2838c0afcc7620ff,linux60fec22dda00c500125f4312,1634048880000,1634047980000,6040a96cdcc614001153fc55,docker#memory#usage#total-no_subject,0.7437397902556118,1634049060000
docker2838c0afcc7620ff,linux60fec22dda00c500125f4312,1634048460000,1634047980000,6040a96cdcc614001153fc55,docker#memory#rss#total-no_subject,0.8403318869498078,1634049060000
docker2838c0afcc7620ff,linux60fec22dda00c500125f4312,1634049060000,1634019480000,6040a96cdcc614001153fc55,docker#diskio#summary#ops-no_subject,0.7462339677783504,1634049240000
javaappsmith_appsmith-internal-server,docker,1634051580000,1634051220000,6040a96cdcc614001153fc55,docker#memory#rss#pct-no_subject,0.7114572198210181,1634051760000
nodereservation_reservation,docker,1634053850000,1634053790000,6040a96cdcc614001153fc55,docker#diskio#summary#rate-no_subject,0.7366666666666667,1634054030000
monitoring_prometheus,docker,1634054090000,1634053730000,6040a96cdcc614001153fc55,docker#memory#rss#pct-no_subject,0.7647602829057026,1634054330000
monitoring_prometheus,docker,1634054090000,1634053730000,6040a96cdcc614001153fc55,docker#memory#rss#total-no_subject,0.925,1634054330000
linux60fec229da00c500125f430e,linux60fec229da00c500125f430e,1634054190000,1634053710000,6040a96cdcc614001153fc55,system#memory#actual#used#pct-no_subject,0.7003356324138506,1634054370000
monitoring_prometheus,docker,1634054330000,1634053730000,6040a96cdcc614001153fc55,docker#diskio#summary#ops-no_subject,0.7513377586128928,1634054510000
mysql_router,docker,1634054520000,1634053740000,6040a96cdcc614001153fc55,docker#diskio#summary#ops-no_subject,0.7208311577999589,1634054700000
nginxweblate_weblate,docker,1634056860000,1633973160000,6040a96cdcc614001153fc55,docker#network#in#packets-no_subject,0.7076626332555738,1634059740000
nginxweblate_weblate,docker,1634037180000,1633950720000,6040a96cdcc614001153fc55,docker#diskio#summary#rate-no_subject,0.8919192204552213,1634059740000
nginxweblate_weblate,docker,1634059740000,1633950720000,6040a96cdcc614001153fc55,docker#diskio#summary#ops-no_subject,0.8839891140222319,1634059920000
nodereports-service_reports-service,docker,1634016670000,1634011270000,6040a96cdcc614001153fc55,docker#memory#usage#total-no_subject,1,1634061310000
pythondynamic-flow_scheduler,docker,1634046420000,1634029860000,6040a96cdcc614001153fc55,docker#network#in#bytes-no_subject,0.7804018750559955,1634068560000
pythondynamic-flow_scheduler,docker,1634046420000,1634029860000,6040a96cdcc614001153fc55,docker#network#out#bytes-no_subject,0.7693440190290688,1634068560000
pythondynamic-flow_scheduler,docker,1634046420000,1634029860000,6040a96cdcc614001153fc55,docker#network#out#packets-no_subject,0.7725571819132345,1634068560000
pythondynamic-flow_scheduler,docker,1634046420000,1634029860000,6040a96cdcc614001153fc55,docker#network#in#packets-no_subject,0.7880986288130938,1634068560000
pythondynamic-flow_scheduler,docker,1634046960000,1634025060000,6040a96cdcc614001153fc55,docker#memory#usage#total-no_subject,0.7977254871753461,1634068560000
apachedocumentation_bookstack,docker,1634070530000,1634069810000,6040a96cdcc614001153fc55,docker#diskio#summary#wait_time-no_subject,0.7790886750379303,1634070710000
apachedocumentation_bookstack,docker,1634070530000,1634069810000,6040a96cdcc614001153fc55,docker#diskio#write#wait_time-no_subject,0.7306845151991865,1634070710000
apachedocumentation_bookstack,docker,1634072030000,1634071790000,6040a96cdcc614001153fc55,docker#diskio#summary#wait_time-no_subject,0.7354961082941441,1634072210000
apachedocumentation_bookstack,docker,1634078810000,1634078090000,6040a96cdcc614001153fc55,docker#diskio#summary#wait_time-no_subject,0.7877642322448425,1634078990000
pythonkoios_koios-worker,docker,1634079680000,1634078060000,6040a96cdcc614001153fc55,prometheus#metrics#process_cpu_seconds_total-no_subject,0.8618249534450652,1634079860000
mysqlc65d1f2cd07cc218,linux604b83aa4c58ea0011d62211,1634055880000,1634036080000,6040a96cdcc614001153fc55,mysql#status#aborted#clients-no_subject,0.7070345290140231,1634082820000
mysqlc65d1f2cd07cc218,linux604b83aa4c58ea0011d62211,1634047300000,1634036140000,6040a96cdcc614001153fc55,mysql#status#threads#running-no_subject,0.7343423825039742,1634082820000
mysqlc65d1f2cd07cc218,linux604b83aa4c58ea0011d62211,1634057440000,1634055880000,6040a96cdcc614001153fc55,mysql#status#open#files-no_subject,0.8316721278203586,1634082820000
nodewebapi_webapi-server,docker,1634083390000,1634036650000,6040a96cdcc614001153fc55,docker#diskio#read#service_time-no_subject,0.7550616723226821,1634083570000
nodewebapi_webapi-server,docker,1634083390000,1634036650000,6040a96cdcc614001153fc55,docker#diskio#read#wait_time-no_subject,0.8184891298628861,1634083570000
apachedocumentation_bookstack,docker,1634087570000,1634086970000,6040a96cdcc614001153fc55,docker#diskio#summary#wait_time-no_subject,0.745922793278272,1634087750000
apachedocumentation_bookstack,docker,1634089130000,1634088350000,6040a96cdcc614001153fc55,docker#diskio#summary#wait_time-no_subject,0.738956816348394,1634089370000
nginxweblate_weblate,docker,1634089200000,1634088720000,6040a96cdcc614001153fc55,docker#diskio#summary#ops-no_subject,0.8513621818333711,1634089380000
apachedocumentation_bookstack,docker,1634089910000,1634089490000,6040a96cdcc614001153fc55,docker#diskio#summary#wait_time-no_subject,0.738631866439059,1634090090000
pythonalerts_alerts-engine,docker,1634063540000,1634063480000,6040a96cdcc614001153fc55,docker#network#in#bytes-no_subject,0.7112396190324043,1634093360000
pythonalerts_alerts-engine,docker,1634088680000,1634058920000,6040a96cdcc614001153fc55,docker#cpu#total#pct-no_subject,0.7500440301077601,1634093360000
pythonalerts_alerts-engine,docker,1634088680000,1634058920000,6040a96cdcc614001153fc55,docker#cpu#user#pct-no_subject,0.7832887344098949,1634093360000
pythonalerts_alerts-engine,docker,1634083340000,1634063480000,6040a96cdcc614001153fc55,docker#network#out#packets-no_subject,0.7390336205972309,1634093360000
apachedocumentation_bookstack,docker,1634094170000,1634093330000,6040a96cdcc614001153fc55,docker#diskio#summary#wait_time-no_subject,0.7602437252301776,1634094350000
nginxweblate_weblate,docker,1634097480000,1634095860000,6040a96cdcc614001153fc55,docker#diskio#summary#ops-no_subject,0.7823925613847272,1634097660000
keto_keto,docker,1634067900000,1634066820000,6040a96cdcc614001153fc55,docker#memory#usage#total-no_subject,0.8588268255848103,1634097840000
keto_keto,docker,1634056320000,1634050860000,6040a96cdcc614001153fc55,docker#network#in#bytes-no_subject,0.7270899371631049,1634097840000
keto_keto,docker,1634057040000,1634050860000,6040a96cdcc614001153fc55,docker#network#out#bytes-no_subject,0.7314895422732025,1634097840000
keto_keto,docker,1634056320000,1634050860000,6040a96cdcc614001153fc55,docker#network#in#packets-no_subject,0.7343125331565882,1634097840000
keto_keto,docker,1634067360000,1634066820000,6040a96cdcc614001153fc55,docker#memory#usage#pct-no_subject,0.985,1634097840000
keto_keto,docker,1634056320000,1634050860000,6040a96cdcc614001153fc55,docker#network#out#packets-no_subject,0.7306204761265342,1634097840000
nodereports-service_reports-service,docker,1634097910000,1634097790000,6040a96cdcc614001153fc55,docker#memory#rss#total-no_subject,0.71,1634098090000
apachedocumentation_bookstack,docker,1634099990000,1634095250000,6040a96cdcc614001153fc55,docker#diskio#summary#wait_time-no_subject,0.8132175273795225,1634100170000
apachedocumentation_bookstack,docker,1634101010000,1634100230000,6040a96cdcc614001153fc55,docker#diskio#summary#wait_time-no_subject,0.7852902990067449,1634101190000
nodeportal_portal,docker,1634102570000,1634055830000,6040a96cdcc614001153fc55,docker#diskio#read#service_time-no_subject,1,1634102750000
nodeportal_portal,docker,1634102570000,1634055830000,6040a96cdcc614001153fc55,docker#diskio#read#wait_time-no_subject,1,1634102750000
nodereservations-service_reservations-service,docker,1634103930000,1634103510000,6040a96cdcc614001153fc55,prometheus#metrics#nodejs_heap_size_used_bytes-no_subject,0.7421852184692547,1634104290000
nodereservations-service_reservations-service,docker,1634103930000,1634103510000,6040a96cdcc614001153fc55,prometheus#metrics#nodejs_heap_space_size_used_bytes-no_subject,0.7280104557077273,1634104290000
apachedocumentation_bookstack,docker,1634104190000,1634102030000,6040a96cdcc614001153fc55,docker#diskio#summary#wait_time-no_subject,0.7645782452199515,1634104370000
apachedocumentation_bookstack,docker,1634104970000,1634104490000,6040a96cdcc614001153fc55,docker#diskio#summary#wait_time-no_subject,0.7560274416157801,1634105150000
pythonbackup_dockup-node,docker,1634101610000,1634101250000,6040a96cdcc614001153fc55,docker#diskio#read#wait_time-no_subject,0.925,1634105570000
pythonbackup_dockup-node,docker,1634101610000,1634101250000,6040a96cdcc614001153fc55,docker#diskio#read#service_time-no_subject,0.925,1634105570000
apachedocumentation_bookstack,docker,1634106830000,1634106110000,6040a96cdcc614001153fc55,docker#diskio#summary#wait_time-no_subject,0.7927370860842718,1634107130000
linux609bdef1b677860011c6e30d,linux609bdef1b677860011c6e30d,1634107490000,1634107430000,6040a96cdcc614001153fc55,system#diskio#iostat#read#per_sec#bytes-sda,0.7064829396325459,1634107670000
linux609bdef1b677860011c6e30d,linux609bdef1b677860011c6e30d,1634107490000,1634107430000,6040a96cdcc614001153fc55,system#diskio#iostat#read#per_sec#bytes-sda1,0.7041145833333333,1634107670000
linux60fec228da00c500125f430d,linux60fec228da00c500125f430d,1634110620000,1634109700000,6040a96cdcc614001153fc55,system#network#out#packets-no_subject,0.7264794539558642,1634110800000
linux60fec228da00c500125f430d,linux60fec228da00c500125f430d,1634110620000,1634109700000,6040a96cdcc614001153fc55,system#network#out#bytes-no_subject,0.7115425143136923,1634110800000
rubylogs_fluentd,docker,1634110800000,1634109660000,6040a96cdcc614001153fc55,docker#memory#usage#pct-no_subject,0.855004444859286,1634111040000
rubylogs_fluentd,docker,1634110800000,1634109660000,6040a96cdcc614001153fc55,docker#memory#usage#total-no_subject,1,1634111040000
rubylogs_fluentd,docker,1634110800000,1634109660000,6040a96cdcc614001153fc55,docker#memory#rss#pct-no_subject,0.8599642400445419,1634111040000
rubylogs_fluentd,docker,1634110800000,1634109660000,6040a96cdcc614001153fc55,docker#cpu#system#pct-no_subject,0.7913221277020597,1634111040000
rubylogs_fluentd,docker,1634110800000,1634109660000,6040a96cdcc614001153fc55,docker#memory#rss#total-no_subject,1,1634111040000
rubylogs_fluentd,docker,1634111040000,1634109660000,6040a96cdcc614001153fc55,docker#diskio#summary#wait_time-no_subject,0.875148642669712,1634111220000
rubylogs_fluentd,docker,1634111040000,1634109660000,6040a96cdcc614001153fc55,docker#diskio#summary#ops-no_subject,0.8274455482868718,1634111220000
rubylogs_fluentd,docker,1634111040000,1634109660000,6040a96cdcc614001153fc55,docker#diskio#read#wait_time-no_subject,1,1634111220000
rubylogs_fluentd,docker,1634111040000,1634109660000,6040a96cdcc614001153fc55,docker#diskio#read#service_time-no_subject,1,1634111220000
rubylogs_fluentd,docker,1634111040000,1634109660000,6040a96cdcc614001153fc55,docker#diskio#summary#service_time-no_subject,0.872974139681443,1634111220000
pythonbackup_dockup-node,docker,1634110800000,1634109650000,6040a96cdcc614001153fc55,docker#cpu#system#pct-no_subject,0.9230561288448147,1634111040000
pythonbackup_dockup-node,docker,1634110860000,1634110500000,6040a96cdcc614001153fc55,docker#memory#usage#pct-no_subject,0.71578098168875,1634111040000
pythonbackup_dockup-node,docker,1634110860000,1634110500000,6040a96cdcc614001153fc55,docker#memory#usage#total-no_subject,0.7276350093460507,1634111040000
pythonbackup_dockup-node,docker,1634111040000,1634109650000,6040a96cdcc614001153fc55,docker#diskio#read#service_time-no_subject,1,1634111220000
pythonbackup_dockup-node,docker,1634111040000,1634109650000,6040a96cdcc614001153fc55,docker#diskio#summary#service_time-no_subject,0.7798254343110704,1634111220000
pythonbackup_dockup-node,docker,1634111040000,1634109650000,6040a96cdcc614001153fc55,docker#diskio#summary#wait_time-no_subject,0.7542614833716019,1634111220000
pythonbackup_dockup-node,docker,1634111040000,1634110500000,6040a96cdcc614001153fc55,docker#diskio#summary#ops-no_subject,0.7694110348165571,1634111220000
pythonbackup_dockup-node,docker,1634111040000,1634109650000,6040a96cdcc614001153fc55,docker#diskio#read#wait_time-no_subject,1,1634111220000
portainer_agent,docker,1634111040000,1634109650000,6040a96cdcc614001153fc55,docker#cpu#user#pct-no_subject,0.7561029062861024,1634111340000
portainer_agent,docker,1634111280000,1634109650000,6040a96cdcc614001153fc55,docker#memory#usage#total-no_subject,0.7696313500383706,1634111460000
consul_consul-agent,docker,1634111100000,1634109650000,6040a96cdcc614001153fc55,docker#diskio#read#wait_time-no_subject,0.8454070486509854,1634111400000
consul_consul-agent,docker,1634111100000,1634109650000,6040a96cdcc614001153fc55,docker#diskio#summary#wait_time-no_subject,0.7862465595454222,1634111400000
consul_consul-agent,docker,1634111100000,1634109650000,6040a96cdcc614001153fc55,docker#diskio#summary#ops-no_subject,0.7944269769951969,1634111400000
consul_consul-agent,docker,1634111100000,1634109650000,6040a96cdcc614001153fc55,docker#diskio#write#service_time-no_subject,1,1634111400000
consul_consul-agent,docker,1634111100000,1634109650000,6040a96cdcc614001153fc55,docker#diskio#read#service_time-no_subject,0.8046017650630932,1634111400000
consul_consul-agent,docker,1634111100000,1634109650000,6040a96cdcc614001153fc55,docker#diskio#write#wait_time-no_subject,1,1634111400000
consul_consul-agent,docker,1634111100000,1634109650000,6040a96cdcc614001153fc55,docker#diskio#summary#service_time-no_subject,0.8300632927935564,1634111400000
nodereservations-service_reservations-service,docker,1634111160000,1634110500000,6040a96cdcc614001153fc55,prometheus#metrics#nodejs_external_memory_bytes-no_subject,0.7135612617228116,1634111820000
nodereservations-service_reservations-service,docker,1634111640000,1634110620000,6040a96cdcc614001153fc55,prometheus#metrics#nodejs_active_requests_total-no_subject,0.70206495478606,1634111820000
nodereservations-service_reservations-service,docker,1634111640000,1634110740000,6040a96cdcc614001153fc55,prometheus#metrics#nodejs_active_requests-no_subject,0.7948712119618101,1634111820000
packetaibcbf6881c8b51cc6,linux604b83aa4c58ea0011d62211,1634111670000,1634110410000,6040a96cdcc614001153fc55,system#process#memory#share-no_subject,0.706244697952763,1634111850000
consul_consul-server,docker,1634111400000,1634109660000,6040a96cdcc614001153fc55,docker#memory#usage#pct-no_subject,0.777173735344649,1634111580000
consul_consul-server,docker,1634111100000,1634109660000,6040a96cdcc614001153fc55,docker#diskio#summary#ops-no_subject,0.7906192025646583,1634111580000
consul_consul-server,docker,1634111100000,1634109660000,6040a96cdcc614001153fc55,docker#diskio#read#service_time-no_subject,0.9962247274469083,1634111580000
consul_consul-server,docker,1634111100000,1634109660000,6040a96cdcc614001153fc55,docker#diskio#read#wait_time-no_subject,0.9362757857123077,1634111580000
consul_consul-server,docker,1634110800000,1634109660000,6040a96cdcc614001153fc55,docker#cpu#system#pct-no_subject,0.7407005757441651,1634111580000
consul_consul-server,docker,1634111100000,1634109660000,6040a96cdcc614001153fc55,docker#diskio#summary#service_time-no_subject,0.7895715490353709,1634111580000
consul_consul-server,docker,1634111100000,1634109660000,6040a96cdcc614001153fc55,docker#diskio#write#wait_time-no_subject,0.896643736054897,1634111580000
consul_consul-server,docker,1634111400000,1634109660000,6040a96cdcc614001153fc55,docker#memory#rss#pct-no_subject,0.7550685226907937,1634111580000
consul_consul-server,docker,1634111100000,1634109660000,6040a96cdcc614001153fc55,docker#diskio#write#service_time-no_subject,1,1634111580000
consul_consul-server,docker,1634111100000,1634109660000,6040a96cdcc614001153fc55,docker#diskio#summary#wait_time-no_subject,0.8054557803769841,1634111580000
consul_consul-server,docker,1634111580000,1634109660000,6040a96cdcc614001153fc55,docker#memory#usage#total-no_subject,1,1634111760000
packetaiab4704e4d9d6263b,linux608ac1c48e4afc0040b43d19,1634110530000,1634109710000,6040a96cdcc614001153fc55,system#process#cpu#total#pct-no_subject,0.7442410366031371,1634111670000
packetaibcbf6881c8b51cc6,linux604b83aa4c58ea0011d62211,1634111790000,1634110410000,6040a96cdcc614001153fc55,system#process#fd#open-no_subject,0.7218737469238204,1634111970000
packetaiab4704e4d9d6263b,linux608ac1c48e4afc0040b43d19,1634111970000,1634109710000,6040a96cdcc614001153fc55,system#process#fd#open-no_subject,0.883514253669324,1634112150000
packetaiab4704e4d9d6263b,linux608ac1c48e4afc0040b43d19,1634112030000,1634110470000,6040a96cdcc614001153fc55,system#process#memory#share-no_subject,0.7810520471597986,1634112210000
consul_consul-agent,docker,1634112360000,1634112180000,6040a96cdcc614001153fc55,docker#cpu#user#pct-no_subject,0.7084924899953857,1634112540000
consul_consul-agent,docker,1634112360000,1634112120000,6040a96cdcc614001153fc55,docker#cpu#kernel#pct-no_subject,0.7636472404068071,1634112540000
linux60fec228da00c500125f430d,linux60fec228da00c500125f430d,1634113470000,1634113020000,6040a96cdcc614001153fc55,system#network#out#packets-no_subject,0.7254589932851633,1634113650000
linux60fec228da00c500125f430d,linux60fec228da00c500125f430d,1634113530000,1634113020000,6040a96cdcc614001153fc55,system#network#in#packets-no_subject,0.7338211573142326,1634113710000
linux60fec229da00c500125f430e,linux60fec229da00c500125f430e,1634113520000,1634109690000,6040a96cdcc614001153fc55,system#network#out#bytes-no_subject,0.8894413261934441,1634113760000
linux60fec229da00c500125f430e,linux60fec229da00c500125f430e,1634113520000,1634109630000,6040a96cdcc614001153fc55,system#network#in#packets-no_subject,0.7795808455426796,1634113760000
linux60fec229da00c500125f430e,linux60fec229da00c500125f430e,1634113520000,1634109630000,6040a96cdcc614001153fc55,system#network#out#packets-no_subject,0.8397861380726358,1634113760000
nodewebapi_webapi-server,docker,1634113460000,1634109670000,6040a96cdcc614001153fc55,docker#diskio#read#wait_time-no_subject,0.7014501793936477,1634113640000
nodewebapi_webapi-server,docker,1634113580000,1634109670000,6040a96cdcc614001153fc55,docker#diskio#summary#ops-no_subject,0.7909312429664567,1634113760000
linux60fec22dda00c500125f4313,linux60fec22dda00c500125f4313,1634113520000,1634109690000,6040a96cdcc614001153fc55,system#network#out#bytes-no_subject,0.7024223245320124,1634113700000
linux60fec22dda00c500125f4312,linux60fec22dda00c500125f4312,1634113520000,1634109640000,6040a96cdcc614001153fc55,system#network#out#packets-no_subject,0.7016910042202494,1634113700000
linux60fec238da00c500125f4314,linux60fec238da00c500125f4314,1634113520000,1634109700000,6040a96cdcc614001153fc55,system#network#out#bytes-no_subject,0.7509182251962777,1634113700000
apachegaia_worker,docker,1634111280000,1634109640000,6040a96cdcc614001153fc55,docker#memory#rss#pct-no_subject,0.7188268959353913,1634113520000
apachegaia_worker,docker,1634110740000,1634109640000,6040a96cdcc614001153fc55,docker#cpu#system#pct-no_subject,0.9484666531506156,1634113520000
apachegaia_worker,docker,1634111460000,1634109640000,6040a96cdcc614001153fc55,docker#memory#rss#total-no_subject,0.7870645870658297,1634113520000
apachegaia_worker,docker,1634111400000,1634109640000,6040a96cdcc614001153fc55,docker#memory#usage#total-no_subject,0.7716735813960239,1634113520000
rabbitmqqueue_rabbitmq,docker,1634113830000,1634113470000,6040a96cdcc614001153fc55,rabbitmq#node#gc#reclaimed#bytes-no_subject,0.7222178703991365,1634114070000
rabbitmqqueue_rabbitmq,docker,1634113890000,1634113470000,6040a96cdcc614001153fc55,rabbitmq#node#fd#used-no_subject,0.7241049052472549,1634114070000
noderealtime-status_realtime-tasks,docker,1634113760000,1634113460000,6040a96cdcc614001153fc55,docker#memory#rss#pct-no_subject,0.7897328543045093,1634114000000
linux609bdef1b677860011c6e30d,linux609bdef1b677860011c6e30d,1634113640000,1634109830000,6040a96cdcc614001153fc55,system#memory#actual#used#pct-no_subject,0.8802120111074682,1634113820000
nodeportal_portal,docker,1634113580000,1634113460000,6040a96cdcc614001153fc55,docker#diskio#read#wait_time-no_subject,0.71,1634113820000
nodeportal_portal,docker,1634113580000,1634113460000,6040a96cdcc614001153fc55,docker#diskio#read#service_time-no_subject,0.71,1634113820000
docker983f275612ba5797,linux60fec228da00c500125f430d,1634113820000,1634113460000,6040a96cdcc614001153fc55,docker#memory#usage#total-no_subject,0.7326863200426473,1634114000000
linux604b83a14c58ea0011d6220f,linux604b83a14c58ea0011d6220f,1634113890000,1634113530000,6040a96cdcc614001153fc55,system#diskio#iostat#write#per_sec#bytes-sda,0.7095783529698583,1634114070000
linux604b83a14c58ea0011d6220f,linux604b83a14c58ea0011d6220f,1634113890000,1634113530000,6040a96cdcc614001153fc55,system#diskio#iostat#write#per_sec#bytes-sda1,0.7095783529698583,1634114070000
linux60fec22ada00c500125f430f,linux60fec22ada00c500125f430f,1634113470000,1634109630000,6040a96cdcc614001153fc55,system#network#out#packets-no_subject,0.7100883651399702,1634113770000
linux60fec22ada00c500125f430f,linux60fec22ada00c500125f430f,1634113470000,1634109690000,6040a96cdcc614001153fc55,system#network#in#bytes-no_subject,0.9901960784313726,1634113770000
linux60fec22ada00c500125f430f,linux60fec22ada00c500125f430f,1634113770000,1634109690000,6040a96cdcc614001153fc55,system#network#out#bytes-no_subject,0.7316753842980868,1634113950000
linux608ac1c48e4afc0040b43d19,linux608ac1c48e4afc0040b43d19,1634113820000,1634113460000,6040a96cdcc614001153fc55,system#network#in#bytes-no_subject,0.7399846982349252,1634114000000
linux608ac1c48e4afc0040b43d19,linux608ac1c48e4afc0040b43d19,1634113760000,1634113460000,6040a96cdcc614001153fc55,system#diskio#iostat#write#per_sec#bytes-sda1,0.700390230644303,1634114000000
linux608ac1c48e4afc0040b43d19,linux608ac1c48e4afc0040b43d19,1634113760000,1634113460000,6040a96cdcc614001153fc55,system#diskio#iostat#write#per_sec#bytes-sda,0.700390230644303,1634114000000
docker533eacfa0bebb3ca,linux60fec22ada00c500125f4310,1634113880000,1634113460000,6040a96cdcc614001153fc55,docker#memory#rss#total-no_subject,0.742521937977023,1634114060000
docker533eacfa0bebb3ca,linux60fec22ada00c500125f4310,1634113880000,1634113460000,6040a96cdcc614001153fc55,docker#memory#rss#pct-no_subject,0.7226579433706352,1634114060000
linux60fec22cda00c500125f4311,linux60fec22cda00c500125f4311,1634113520000,1634109640000,6040a96cdcc614001153fc55,system#network#in#packets-no_subject,0.7234698360764241,1634114000000
linux60fec22cda00c500125f4311,linux60fec22cda00c500125f4311,1634113520000,1634109640000,6040a96cdcc614001153fc55,system#network#out#packets-no_subject,0.746341934300386,1634114000000
noderealtime-status_realtime-worker,docker,1634113700000,1634109650000,6040a96cdcc614001153fc55,docker#diskio#summary#ops-no_subject,0.7094552555908403,1634113880000
noderealtime-status_realtime-tasks,docker,1634114000000,1634113460000,6040a96cdcc614001153fc55,docker#diskio#summary#ops-no_subject,0.7019664117358166,1634114180000
nodenotifications_notifications-service,docker,1634114180000,1634113460000,6040a96cdcc614001153fc55,docker#diskio#summary#ops-no_subject,1,1634114360000
pythonpost-processing_post-processing-worker,docker,1634114000000,1634112240000,6040a96cdcc614001153fc55,docker#memory#rss#total-no_subject,0.7071523319599384,1634114180000
monitoring_blackbox-exporter,docker,1634113890000,1634109690000,6040a96cdcc614001153fc55,prometheus#metrics#probe_http_version-no_subject,0.7026722760503988,1634114370000
monitoring_blackbox-exporter,docker,1634114010000,1634109690000,6040a96cdcc614001153fc55,docker#memory#usage#pct-no_subject,0.742658462178328,1634114370000
monitoring_blackbox-exporter,docker,1634113830000,1634109690000,6040a96cdcc614001153fc55,docker#memory#usage#total-no_subject,0.8070177454117212,1634114370000
nodeapp_app-web,docker,1634114120000,1634113700000,6040a96cdcc614001153fc55,docker#memory#usage#pct-no_subject,0.7057355668760937,1634114300000
packetaipacketai_packetai-agent,docker,1634111040000,1634109650000,6040a96cdcc614001153fc55,docker#diskio#read#wait_time-no_subject,1,1634114300000
packetaipacketai_packetai-agent,docker,1634113460000,1634109650000,6040a96cdcc614001153fc55,docker#diskio#summary#ops-no_subject,0.7774763214768975,1634114300000
packetaipacketai_packetai-agent,docker,1634111040000,1634109650000,6040a96cdcc614001153fc55,docker#diskio#summary#wait_time-no_subject,0.7446796977209447,1634114300000
packetaipacketai_packetai-agent,docker,1634111040000,1634109650000,6040a96cdcc614001153fc55,docker#diskio#summary#service_time-no_subject,0.8786339940768441,1634114300000
packetaipacketai_packetai-agent,docker,1634111040000,1634109650000,6040a96cdcc614001153fc55,docker#diskio#write#wait_time-no_subject,0.8469624858866779,1634114300000
packetaipacketai_packetai-agent,docker,1634111040000,1634109650000,6040a96cdcc614001153fc55,docker#diskio#write#service_time-no_subject,0.8312335357194186,1634114300000
packetaipacketai_packetai-agent,docker,1634111040000,1634109650000,6040a96cdcc614001153fc55,docker#diskio#read#service_time-no_subject,0.9857650110341089,1634114300000
linux604b83aa4c58ea0011d62211,linux604b83aa4c58ea0011d62211,1634114000000,1634113460000,6040a96cdcc614001153fc55,system#cpu#total#pct-no_subject,0.7031263695700699,1634114180000
linux608ac1c48e4afc0040b43d19,linux608ac1c48e4afc0040b43d19,1634114000000,1634113460000,6040a96cdcc614001153fc55,system#memory#actual#used#pct-no_subject,0.764280366227077,1634114180000
docker533eacfa0bebb3ca,linux60fec22ada00c500125f4310,1634114060000,1634113460000,6040a96cdcc614001153fc55,docker#memory#usage#total-no_subject,0.7658597912987771,1634114240000
docker533eacfa0bebb3ca,linux60fec22ada00c500125f4310,1634114060000,1634113460000,6040a96cdcc614001153fc55,docker#memory#usage#pct-no_subject,0.7416209410139775,1634114240000
gateway_caddy_server,docker,1634113880000,1634113520000,6040a96cdcc614001153fc55,docker#cpu#total#pct-no_subject,0.7250906169088064,1634114120000
gateway_caddy_server,docker,1634113880000,1634113520000,6040a96cdcc614001153fc55,docker#cpu#user#pct-no_subject,0.703378083120279,1634114120000
pythonhyperion_client-plages,docker,1634114480000,1634114000000,6040a96cdcc614001153fc55,docker#cpu#kernel#pct-no_subject,0.927997839855503,1634114660000
rabbitmqqueue_rabbitmq,docker,1634114370000,1634113470000,6040a96cdcc614001153fc55,rabbitmq#connection#packet_count#received-no_subject,0.7143733464526264,1634114550000
data-api_data-api,docker,1634113820000,1634113580000,6040a96cdcc614001153fc55,docker#diskio#summary#ops-no_subject,0.7636118309025672,1634114720000
docker8cd84a50555179ca,linux60fec22cda00c500125f4311,1634114420000,1634114180000,6040a96cdcc614001153fc55,docker#memory#usage#total-no_subject,0.7284841189946806,1634114600000
docker8cd84a50555179ca,linux60fec22cda00c500125f4311,1634114420000,1634113460000,6040a96cdcc614001153fc55,docker#memory#rss#total-no_subject,0.7346990813152204,1634114600000
docker8cd84a50555179ca,linux60fec22cda00c500125f4311,1634114420000,1634113460000,6040a96cdcc614001153fc55,docker#memory#rss#pct-no_subject,0.8230154530873204,1634114600000
rubylogs_fluentd,docker,1634113700000,1634113460000,6040a96cdcc614001153fc55,docker#diskio#summary#ops-no_subject,0.7093016457834466,1634114540000
rubylogs_fluentd,docker,1634114360000,1634113460000,6040a96cdcc614001153fc55,docker#memory#usage#pct-no_subject,0.7607774530646539,1634114540000
rubylogs_fluentd,docker,1634114240000,1634113460000,6040a96cdcc614001153fc55,docker#memory#rss#pct-no_subject,0.7483080396143844,1634114540000
rubylogs_fluentd,docker,1634114240000,1634113460000,6040a96cdcc614001153fc55,docker#memory#rss#total-no_subject,1,1634114540000
rubylogs_fluentd,docker,1634114420000,1634113460000,6040a96cdcc614001153fc55,docker#memory#usage#total-no_subject,1,1634114600000
rubylogs_fluentd,docker,1634114540000,1634114180000,6040a96cdcc614001153fc55,docker#cpu#total#pct-no_subject,0.7376091829837795,1634114720000
rubylogs_fluentd,docker,1634114540000,1634114180000,6040a96cdcc614001153fc55,docker#cpu#user#pct-no_subject,0.7239223484822638,1634114720000
nodeapp_app-web,docker,1634114300000,1634113400000,6040a96cdcc614001153fc55,docker#diskio#summary#ops-no_subject,0.7937326632403888,1634114540000
packetaipacketai_packetai-agent,docker,1634114300000,1634109650000,6040a96cdcc614001153fc55,docker#memory#usage#pct-no_subject,0.7835523798308542,1634114480000
packetaipacketai_packetai-agent,docker,1634114300000,1634110500000,6040a96cdcc614001153fc55,docker#memory#rss#total-no_subject,0.8447269732161137,1634114480000
packetaipacketai_packetai-agent,docker,1634114300000,1634110560000,6040a96cdcc614001153fc55,docker#memory#rss#pct-no_subject,0.8012913978947798,1634114480000
packetaipacketai_packetai-agent,docker,1634114300000,1634110500000,6040a96cdcc614001153fc55,docker#memory#usage#total-no_subject,0.8483201807811618,1634114480000
packetaipacketai_packetai-agent,docker,1634114420000,1634110500000,6040a96cdcc614001153fc55,docker#cpu#total#pct-no_subject,0.7342708781915133,1634114600000
docker4a9851bee76cb07f,linux60fec229da00c500125f430e,1634114540000,1634113460000,6040a96cdcc614001153fc55,docker#info#containers#running-no_subject,1,1634114720000
linux60fec22ada00c500125f4310,linux60fec22ada00c500125f4310,1634114430000,1634114130000,6040a96cdcc614001153fc55,system#memory#actual#used#pct-no_subject,0.8109380224811099,1634114610000
packetaie6471dd6a1a09b54,linux604b83a14c58ea0011d6220f,1634113530000,1634109700000,6040a96cdcc614001153fc55,system#process#cpu#total#value-no_subject,0.7904829802407969,1634114730000
packetaie6471dd6a1a09b54,linux604b83a14c58ea0011d6220f,1634113530000,1634109700000,6040a96cdcc614001153fc55,system#process#cpu#total#pct-no_subject,0.8357165483304948,1634114730000
packetaie6471dd6a1a09b54,linux604b83a14c58ea0011d6220f,1634113530000,1634109700000,6040a96cdcc614001153fc55,system#process#cpu#total#norm#pct-no_subject,0.8284348735464176,1634114730000
nodereservation_reservation,docker,1634114540000,1634113700000,6040a96cdcc614001153fc55,docker#memory#usage#total-no_subject,0.7471301923241015,1634114900000
nodereservation_reservation,docker,1634114540000,1634113700000,6040a96cdcc614001153fc55,docker#memory#usage#pct-no_subject,0.704887136154683,1634114900000
nodereservation_reservation,docker,1634114540000,1634113700000,6040a96cdcc614001153fc55,docker#memory#rss#total-no_subject,0.7404076751196899,1634114900000
nodereservation_reservation,docker,1634114540000,1634113640000,6040a96cdcc614001153fc55,docker#memory#rss#pct-no_subject,0.7198735120904062,1634114900000
pythonpost-processing_post-processing-worker,docker,1634114780000,1634114480000,6040a96cdcc614001153fc55,docker#memory#usage#total-no_subject,0.711286081051466,1634114960000
nodeapp_app-web,docker,1634114540000,1634113700000,6040a96cdcc614001153fc55,docker#memory#usage#total-no_subject,0.7809149978283664,1634114900000
nodeapp_app-web,docker,1634114540000,1634114360000,6040a96cdcc614001153fc55,docker#memory#usage#pct-no_subject,0.822183908045977,1634114900000
linux60fec22ada00c500125f430f,linux60fec22ada00c500125f430f,1634114670000,1634114610000,6040a96cdcc614001153fc55,system#diskio#iostat#read#per_sec#bytes-sda,0.7194845360824743,1634114850000
linux60fec22ada00c500125f430f,linux60fec22ada00c500125f430f,1634114670000,1634114610000,6040a96cdcc614001153fc55,system#diskio#iostat#read#per_sec#bytes-sda1,0.7194845360824743,1634114850000
nodereservations-service_reservations-service,docker,1634114180000,1634113460000,6040a96cdcc614001153fc55,prometheus#metrics#nodejs_active_handles-no_subject,0.7190208702861988,1634115080000
nodereservations-service_reservations-service,docker,1634114180000,1634113580000,6040a96cdcc614001153fc55,prometheus#metrics#nodejs_external_memory_bytes-no_subject,0.7934082433628942,1634115080000
nodereservations-service_reservations-service,docker,1634114540000,1634113700000,6040a96cdcc614001153fc55,docker#memory#usage#total-no_subject,0.7514814614595716,1634115080000
nodereservations-service_reservations-service,docker,1634114180000,1634113640000,6040a96cdcc614001153fc55,prometheus#metrics#nodejs_heap_size_used_bytes-no_subject,0.7269123028246294,1634115080000
nodereservations-service_reservations-service,docker,1634114180000,1634113460000,6040a96cdcc614001153fc55,prometheus#metrics#process_open_fds-no_subject,0.7223076994728812,1634115080000
nodereservations-service_reservations-service,docker,1634114540000,1634113700000,6040a96cdcc614001153fc55,docker#memory#rss#total-no_subject,0.7448130455549004,1634115080000
nodereservations-service_reservations-service,docker,1634114420000,1634113700000,6040a96cdcc614001153fc55,prometheus#metrics#process_resident_memory_bytes-no_subject,0.7852775578153323,1634115080000
nodereservations-service_reservations-service,docker,1634114180000,1634113580000,6040a96cdcc614001153fc55,prometheus#metrics#nodejs_heap_space_size_used_bytes-no_subject,0.7318390598365436,1634115080000
nodereservations-service_reservations-service,docker,1634114420000,1634113700000,6040a96cdcc614001153fc55,prometheus#metrics#process_virtual_memory_bytes-no_subject,0.7865796766725602,1634115080000
nodereservations-service_reservations-service,docker,1634114240000,1634113700000,6040a96cdcc614001153fc55,docker#memory#usage#pct-no_subject,0.7194621717604707,1634115080000
nodereservations-service_reservations-service,docker,1634114180000,1634113460000,6040a96cdcc614001153fc55,prometheus#metrics#nodejs_active_handles_total-no_subject,0.7244504768464527,1634115080000
nodereservations-service_reservations-service,docker,1634114240000,1634113700000,6040a96cdcc614001153fc55,docker#memory#rss#pct-no_subject,0.762880191280026,1634115080000
nodereservations-service_reservations-service,docker,1634115080000,1634114660000,6040a96cdcc614001153fc55,docker#cpu#total#pct-no_subject,0.7250904216110211,1634115260000
nodereservations-service_reservations-service,docker,1634115080000,1634114660000,6040a96cdcc614001153fc55,docker#cpu#user#pct-no_subject,0.7419295468519472,1634115260000
pythonkoios_koios-worker,docker,1634113810000,1634113450000,6040a96cdcc614001153fc55,prometheus#metrics#python_gc_objects_collected_total-no_subject,0.9500000000000001,1634115370000
pythonkoios_koios-worker,docker,1634113690000,1634113450000,6040a96cdcc614001153fc55,prometheus#metrics#process_resident_memory_bytes-no_subject,0.8884896521356231,1634115370000
pythonkoios_koios-worker,docker,1634114890000,1634114410000,6040a96cdcc614001153fc55,prometheus#metrics#koios_task_duration_seconds_sum-no_subject,0.9087654320987655,1634115370000
pythonkoios_koios-worker,docker,1634113690000,1634110500000,6040a96cdcc614001153fc55,prometheus#metrics#process_cpu_seconds_total-no_subject,0.9104877753311794,1634115370000
pythonkoios_koios-worker,docker,1634113690000,1634113450000,6040a96cdcc614001153fc55,prometheus#metrics#process_virtual_memory_bytes-no_subject,0.8814285714285713,1634115370000
pythonkoios_koios-worker,docker,1634113810000,1634113450000,6040a96cdcc614001153fc55,prometheus#metrics#python_gc_collections_total-no_subject,0.7961569291849312,1634115370000
nodereservation_reservation,docker,1634115200000,1634114720000,6040a96cdcc614001153fc55,docker#cpu#kernel#pct-no_subject,0.7110920601990083,1634115380000
nodeapp_app-web,docker,1634114840000,1634114480000,6040a96cdcc614001153fc55,docker#memory#rss#pct-no_subject,0.8968143865264837,1634115080000
nodeapp_app-web,docker,1634114900000,1634114660000,6040a96cdcc614001153fc55,docker#cpu#kernel#pct-no_subject,0.7054239356293895,1634115080000
nodeapp_app-web,docker,1634114840000,1634114480000,6040a96cdcc614001153fc55,docker#memory#rss#total-no_subject,0.7252268173251868,1634115080000
nodeapp_app-web,docker,1634114780000,1634113880000,6040a96cdcc614001153fc55,docker#diskio#summary#rate-no_subject,0.748467500172687,1634115080000
nodeapp_app-web,docker,1634115080000,1634114660000,6040a96cdcc614001153fc55,docker#cpu#total#pct-no_subject,0.7075524421710053,1634115260000
nodereservation_reservation,docker,1634115380000,1634115020000,6040a96cdcc614001153fc55,docker#cpu#user#pct-no_subject,0.7657258632391422,1634115560000
nodesite-service_site-service,docker,1634114480000,1634113700000,6040a96cdcc614001153fc55,docker#memory#rss#total-no_subject,0.7579655655598105,1634115680000
nodesite-service_site-service,docker,1634114480000,1634113700000,6040a96cdcc614001153fc55,docker#memory#rss#pct-no_subject,0.7195857163576397,1634115680000
nodesite-service_site-service,docker,1634114480000,1634113700000,6040a96cdcc614001153fc55,docker#memory#usage#total-no_subject,1,1634115680000
nodesite-service_site-service,docker,1634114480000,1634113700000,6040a96cdcc614001153fc55,docker#memory#usage#pct-no_subject,0.7314183190255195,1634115680000
nodereservations-service_reservations-service,docker,1634115560000,1634115140000,6040a96cdcc614001153fc55,prometheus#metrics#errors_encountered-no_subject,0.8121353750646483,1634115800000
nodereservations-service_reservations-service,docker,1634115680000,1634115320000,6040a96cdcc614001153fc55,prometheus#metrics#nodejs_eventloop_lag_min_seconds-no_subject,0.7172984585077028,1634115860000
nodereservations-service_reservations-service,docker,1634115800000,1634115320000,6040a96cdcc614001153fc55,prometheus#metrics#nodejs_eventloop_lag_p99_seconds-no_subject,0.7121773517879549,1634115980000
pythonkoios_koios-worker,docker,1634115730000,1634113450000,6040a96cdcc614001153fc55,prometheus#metrics#process_start_time_seconds-no_subject,1,1634115910000
keto_keto,docker,1634115620000,1634113820000,6040a96cdcc614001153fc55,docker#memory#usage#total-no_subject,0.7280686361509692,1634115980000
keto_keto,docker,1634115680000,1634114780000,6040a96cdcc614001153fc55,docker#memory#rss#pct-no_subject,1,1634115980000
keto_keto,docker,1634115620000,1634113820000,6040a96cdcc614001153fc55,docker#memory#usage#pct-no_subject,1,1634115980000
nodesite-service_site-service,docker,1634115680000,1634113460000,6040a96cdcc614001153fc55,docker#diskio#summary#ops-no_subject,0.7327441294644826,1634115860000
data-api_data-api,docker,1634116100000,1634115500000,6040a96cdcc614001153fc55,prometheus#metrics#up-no_subject,0.99,1634116280000
data-api_data-api,docker,1634115680000,1634115080000,6040a96cdcc614001153fc55,docker#cpu#system#pct-no_subject,0.99,1634116280000
data-api_data-api,docker,1634115440000,1634115080000,6040a96cdcc614001153fc55,prometheus#metrics#process_cpu_seconds_total-no_subject,0.7604950024143213,1634116280000
data-api_data-api,docker,1634115980000,1634115140000,6040a96cdcc614001153fc55,docker#memory#usage#pct-no_subject,0.8115865036502393,1634116280000
data-api_data-api,docker,1634115800000,1634115080000,6040a96cdcc614001153fc55,docker#diskio#summary#ops-no_subject,0.8075852428815388,1634116280000
data-api_data-api,docker,1634115920000,1634115080000,6040a96cdcc614001153fc55,prometheus#metrics#process_resident_memory_bytes-no_subject,0.960435212660732,1634116280000
data-api_data-api,docker,1634115680000,1634115080000,6040a96cdcc614001153fc55,docker#diskio#summary#wait_time-no_subject,0.8386658595422282,1634116280000
data-api_data-api,docker,1634115980000,1634115140000,6040a96cdcc614001153fc55,docker#memory#usage#total-no_subject,0.7964427734699178,1634116280000
data-api_data-api,docker,1634115680000,1634115080000,6040a96cdcc614001153fc55,docker#diskio#summary#service_time-no_subject,0.8347253760634025,1634116280000
data-api_data-api,docker,1634115680000,1634115080000,6040a96cdcc614001153fc55,docker#diskio#read#service_time-no_subject,0.764232053064116,1634116280000
data-api_data-api,docker,1634115680000,1634115500000,6040a96cdcc614001153fc55,prometheus#metrics#go_memstats_last_gc_time_seconds-no_subject,0.7242750866415851,1634116280000
data-api_data-api,docker,1634115920000,1634115080000,6040a96cdcc614001153fc55,docker#memory#rss#pct-no_subject,0.819544468786364,1634116280000
data-api_data-api,docker,1634115680000,1634115080000,6040a96cdcc614001153fc55,docker#diskio#read#wait_time-no_subject,0.8209048756849375,1634116280000
data-api_data-api,docker,1634116160000,1634115080000,6040a96cdcc614001153fc55,prometheus#metrics#go_memstats_gc_cpu_fraction-no_subject,1,1634116340000
keto_keto,docker,1634115920000,1634113400000,6040a96cdcc614001153fc55,docker#diskio#summary#ops-no_subject,0.7925573326527372,1634116100000
keto_keto,docker,1634115980000,1634115380000,6040a96cdcc614001153fc55,docker#cpu#system#pct-no_subject,0.99,1634116160000
apachegaia_worker,docker,1634116000000,1634115640000,6040a96cdcc614001153fc55,docker#memory#usage#total-no_subject,0.7301842410992867,1634116180000
apachegaia_worker,docker,1634116000000,1634115700000,6040a96cdcc614001153fc55,docker#diskio#summary#ops-no_subject,0.8395975717347676,1634116180000
data-api_data-api,docker,1634116220000,1634115080000,6040a96cdcc614001153fc55,prometheus#metrics#go_memstats_mallocs_total-no_subject,0.8318739941126032,1634116400000
data-api_data-api,docker,1634116220000,1634115140000,6040a96cdcc614001153fc55,prometheus#metrics#go_memstats_stack_sys_bytes-no_subject,0.7334098778686196,1634116400000
data-api_data-api,docker,1634116220000,1634115080000,6040a96cdcc614001153fc55,prometheus#metrics#promhttp_metric_handler_requests_total-no_subject,0.8402046744253618,1634116400000
data-api_data-api,docker,1634116220000,1634115080000,6040a96cdcc614001153fc55,prometheus#metrics#go_memstats_buck_hash_sys_bytes-no_subject,0.822595375121765,1634116400000
data-api_data-api,docker,1634116220000,1634115140000,6040a96cdcc614001153fc55,prometheus#metrics#go_memstats_heap_sys_bytes-no_subject,0.727495165295207,1634116400000
data-api_data-api,docker,1634116220000,1634115080000,6040a96cdcc614001153fc55,prometheus#metrics#affluences_data_api_response_size_bytes_sum-no_subject,0.8437736965246841,1634116400000
data-api_data-api,docker,1634116220000,1634115140000,6040a96cdcc614001153fc55,prometheus#metrics#go_memstats_sys_bytes-no_subject,0.7915056339072842,1634116400000
data-api_data-api,docker,1634116220000,1634115080000,6040a96cdcc614001153fc55,prometheus#metrics#go_gc_duration_seconds_count-no_subject,0.8380955345994852,1634116400000
data-api_data-api,docker,1634116220000,1634115080000,6040a96cdcc614001153fc55,prometheus#metrics#affluences_data_api_request_duration_seconds_sum-no_subject,0.8322475910053377,1634116400000
data-api_data-api,docker,1634116220000,1634115080000,6040a96cdcc614001153fc55,prometheus#metrics#go_gc_duration_seconds_sum-no_subject,0.827622630768999,1634116400000
data-api_data-api,docker,1634116220000,1634115080000,6040a96cdcc614001153fc55,prometheus#metrics#affluences_data_api_request_size_bytes_count-no_subject,0.8357926813550413,1634116400000
data-api_data-api,docker,1634116220000,1634115080000,6040a96cdcc614001153fc55,prometheus#metrics#process_start_time_seconds-no_subject,0.7832633621494639,1634116400000
data-api_data-api,docker,1634116220000,1634115080000,6040a96cdcc614001153fc55,prometheus#metrics#affluences_data_api_response_size_bytes_count-no_subject,0.8357926813550413,1634116400000
data-api_data-api,docker,1634116220000,1634115140000,6040a96cdcc614001153fc55,prometheus#metrics#go_memstats_stack_inuse_bytes-no_subject,0.7334098778686196,1634116400000
data-api_data-api,docker,1634116220000,1634115080000,6040a96cdcc614001153fc55,prometheus#metrics#go_memstats_frees_total-no_subject,0.8341988306059878,1634116400000
data-api_data-api,docker,1634116220000,1634115080000,6040a96cdcc614001153fc55,prometheus#metrics#affluences_data_api_request_duration_seconds_count-no_subject,0.8357926813550413,1634116400000
data-api_data-api,docker,1634116220000,1634115080000,6040a96cdcc614001153fc55,prometheus#metrics#affluences_data_api_requests_total-no_subject,0.8391785920318688,1634116400000
data-api_data-api,docker,1634116220000,1634115080000,6040a96cdcc614001153fc55,prometheus#metrics#go_memstats_alloc_bytes_total-no_subject,0.8272231134379672,1634116400000
data-api_data-api,docker,1634116220000,1634115080000,6040a96cdcc614001153fc55,prometheus#metrics#affluences_data_api_request_size_bytes_sum-no_subject,0.8318775797629203,1634116400000
docker24929622c71624a6,linux60fec238da00c500125f4314,1634115980000,1634113460000,6040a96cdcc614001153fc55,docker#diskio#write#wait_time-no_subject,0.82024056589173,1634116580000
docker24929622c71624a6,linux60fec238da00c500125f4314,1634116100000,1634115860000,6040a96cdcc614001153fc55,docker#cpu#system#pct-no_subject,0.8400000000000001,1634116580000
docker24929622c71624a6,linux60fec238da00c500125f4314,1634116400000,1634094060000,6040a96cdcc614001153fc55,docker#diskio#read#service_time-no_subject,0.8960312469964252,1634116580000
docker24929622c71624a6,linux60fec238da00c500125f4314,1634115980000,1634113460000,6040a96cdcc614001153fc55,docker#diskio#summary#wait_time-no_subject,0.7412386920879644,1634116580000
docker4a9851bee76cb07f,linux60fec229da00c500125f430e,1634116280000,1634115920000,6040a96cdcc614001153fc55,docker#info#containers#running-no_subject,0.925,1634116460000
docker2838c0afcc7620ff,linux60fec22dda00c500125f4312,1634116400000,1634115620000,6040a96cdcc614001153fc55,docker#memory#usage#total-no_subject,0.9508702181104317,1634116580000
keto_keto,docker,1634116520000,1634116220000,6040a96cdcc614001153fc55,docker#memory#rss#total-no_subject,0.895,1634116700000
docker24929622c71624a6,linux60fec238da00c500125f4314,1634116520000,1634115860000,6040a96cdcc614001153fc55,docker#diskio#read#wait_time-no_subject,0.8425899920593999,1634116700000
data-api_data-api,docker,1634116820000,1634116220000,6040a96cdcc614001153fc55,docker#diskio#summary#rate-no_subject,0.76729280865991,1634117000000
keto_keto,docker,1634116820000,1634116340000,6040a96cdcc614001153fc55,docker#diskio#summary#rate-no_subject,0.8810352046465786,1634117000000
pythonalerts_alerts-engine,docker,1634117480000,1634117420000,6040a96cdcc614001153fc55,docker#cpu#kernel#pct-no_subject,0.7066474543707972,1634117660000
gateway_caddy_server,docker,1634117480000,1634116220000,6040a96cdcc614001153fc55,docker#diskio#write#service_time-no_subject,1,1634117660000
gateway_caddy_server,docker,1634117480000,1634116160000,6040a96cdcc614001153fc55,docker#diskio#write#wait_time-no_subject,1,1634117660000
gateway_caddy_server,docker,1634117660000,1634117480000,6040a96cdcc614001153fc55,docker#cpu#system#pct-no_subject,0.7849999999999999,1634117840000
data-api_data-api,docker,1634119220000,1634118920000,6040a96cdcc614001153fc55,prometheus#metrics#go_memstats_gc_cpu_fraction-no_subject,0.895,1634119400000
mysql6d7613c72a46df40,linux604b83a14c58ea0011d6220f,1634113650000,1634113470000,6040a96cdcc614001153fc55,mysql#status#threads#created-no_subject,0.7849999999999999,1634119350000
mysql6d7613c72a46df40,linux604b83a14c58ea0011d6220f,1634114010000,1634113470000,6040a96cdcc614001153fc55,mysql#status#handler#read#first-no_subject,0.7315296993226349,1634119350000
mysql6d7613c72a46df40,linux604b83a14c58ea0011d6220f,1634114130000,1634113470000,6040a96cdcc614001153fc55,mysql#status#handler#read#last-no_subject,0.772541194617618,1634119350000
portainer_agent,docker,1634120300000,1634119040000,6040a96cdcc614001153fc55,docker#diskio#summary#ops-no_subject,0.7734783347303743,1634120480000
nodestats-service_stats-service,docker,1634121580000,1634121160000,6040a96cdcc614001153fc55,docker#network#out#bytes-no_subject,0.7398290841136763,1634121760000
pythonpost-processing_post-processing-worker,docker,1634121910000,1634121670000,6040a96cdcc614001153fc55,docker#cpu#system#pct-no_subject,0.8400000000000001,1634122150000
docker4a9851bee76cb07f,linux60fec229da00c500125f430e,1634122100000,1634121860000,6040a96cdcc614001153fc55,docker#info#containers#running-no_subject,0.8400000000000001,1634122280000
docker2489ddd64d0996e5,linux60fec22dda00c500125f4313,1634121740000,1634121560000,6040a96cdcc614001153fc55,docker#memory#rss#pct-no_subject,0.7090798268727593,1634122160000
docker2489ddd64d0996e5,linux60fec22dda00c500125f4313,1634121980000,1634121500000,6040a96cdcc614001153fc55,docker#memory#rss#total-no_subject,0.8601603411573558,1634122160000
pythonpost-processing_post-processing-worker,docker,1634122150000,1634121730000,6040a96cdcc614001153fc55,docker#memory#rss#total-no_subject,0.7267161081620843,1634122330000
pythonpost-processing_post-processing-worker,docker,1634122150000,1634121730000,6040a96cdcc614001153fc55,docker#memory#rss#pct-no_subject,0.7280176929398922,1634122330000
portainer_portainer,docker,1634122110000,1634121870000,6040a96cdcc614001153fc55,docker#diskio#read#service_time-no_subject,0.8054079405831184,1634122290000
nodestats-service_stats-service,docker,1634122480000,1634122240000,6040a96cdcc614001153fc55,docker#network#out#packets-no_subject,0.7258536403946155,1634122660000
nodestats-service_stats-service,docker,1634122480000,1634122240000,6040a96cdcc614001153fc55,docker#network#out#bytes-no_subject,0.7356276188146794,1634122660000
nodestats-service_stats-service,docker,1634122480000,1634122240000,6040a96cdcc614001153fc55,docker#network#in#packets-no_subject,0.7291965500506277,1634122660000
nodestats-service_stats-service,docker,1634123380000,1634122720000,6040a96cdcc614001153fc55,docker#network#in#bytes-no_subject,0.858284155412699,1634123560000
nodestats-service_stats-service,docker,1634123380000,1634123080000,6040a96cdcc614001153fc55,docker#network#out#packets-no_subject,0.7585690631584688,1634123560000
nodestats-service_stats-service,docker,1634123380000,1634122720000,6040a96cdcc614001153fc55,docker#network#out#bytes-no_subject,0.8888659301105536,1634123560000
nodestats-service_stats-service,docker,1634123380000,1634122720000,6040a96cdcc614001153fc55,docker#network#in#packets-no_subject,0.8781056149931549,1634123560000
docker24929622c71624a6,linux60fec238da00c500125f4314,1634123780000,1634123420000,6040a96cdcc614001153fc55,docker#memory#usage#total-no_subject,0.8090161085999705,1634123960000
nodestats-service_stats-service,docker,1634124040000,1634123740000,6040a96cdcc614001153fc55,docker#network#in#bytes-no_subject,0.744678095043274,1634124280000
nodestats-service_stats-service,docker,1634124040000,1634123740000,6040a96cdcc614001153fc55,docker#network#in#packets-no_subject,0.7853609810187989,1634124280000
gateway_caddy_server,docker,1634125460000,1634125160000,6040a96cdcc614001153fc55,docker#diskio#summary#rate-no_subject,0.7676141795802258,1634125640000
nodereservations-service_reservations-service,docker,1634125830000,1634125350000,6040a96cdcc614001153fc55,prometheus#metrics#nodejs_external_memory_bytes-no_subject,0.7464776053479381,1634126070000
mysql357e569af1d96542,linux608ac1c48e4afc0040b43d19,1634113520000,1634111610000,6040a96cdcc614001153fc55,mysql#status#aborted#clients-no_subject,0.765938787558884,1634126660000
linux60b8d8abaeb6f802698917b1,linux60b8d8abaeb6f802698917b1,1634127890000,1634127350000,6040a96cdcc614001153fc55,system#cpu#total#pct-no_subject,0.7043216571331467,1634128070000
noderealtime-status_realtime-tasks,docker,1634128820000,1634128520000,6040a96cdcc614001153fc55,docker#memory#usage#total-no_subject,0.895,1634129000000
nginxappsmith_appsmith-nginx,docker,1634130740000,1634130320000,6040a96cdcc614001153fc55,docker#memory#rss#total-no_subject,0.95,1634130920000
portainer_portainer,docker,1634134950000,1634134650000,6040a96cdcc614001153fc55,docker#network#in#packets-no_subject,0.8470304783093647,1634135130000
portainer_portainer,docker,1634134950000,1634134650000,6040a96cdcc614001153fc55,docker#network#in#bytes-no_subject,0.8548664486788593,1634135130000
portainer_portainer,docker,1634134950000,1634134650000,6040a96cdcc614001153fc55,docker#network#out#packets-no_subject,0.8217415428565564,1634135130000
portainer_portainer,docker,1634135310000,1634135190000,6040a96cdcc614001153fc55,docker#network#out#packets-no_subject,0.7600024614302976,1634135490000
portainer_portainer,docker,1634135610000,1634135190000,6040a96cdcc614001153fc55,docker#network#in#packets-no_subject,0.946063103414459,1634135790000
portainer_portainer,docker,1634135610000,1634135190000,6040a96cdcc614001153fc55,docker#network#in#bytes-no_subject,0.9546871457057798,1634135790000
docker2d4f33a3d22c7833,linux60fec22ada00c500125f430f,1634136200000,1634135720000,6040a96cdcc614001153fc55,docker#cpu#user#pct-no_subject,0.7483621305705839,1634136380000
rabbitmqqueue_rabbitmq,docker,1634137090000,1634136430000,6040a96cdcc614001153fc55,rabbitmq#connection#peer#port-no_subject,0.7254497023395281,1634137270000
pythonbackup_dockup-node,docker,1634137460000,1634137100000,6040a96cdcc614001153fc55,docker#memory#usage#pct-no_subject,0.7013868400836388,1634137640000
pythonbackup_dockup-node,docker,1634137580000,1634137100000,6040a96cdcc614001153fc55,docker#diskio#read#service_time-no_subject,0.7115730048379992,1634137760000
pythonbackup_dockup-node,docker,1634137580000,1634137100000,6040a96cdcc614001153fc55,docker#diskio#read#wait_time-no_subject,0.7118738413107287,1634137760000
data-api_data-api,docker,1634139740000,1634139440000,6040a96cdcc614001153fc55,prometheus#metrics#go_memstats_buck_hash_sys_bytes-no_subject,0.7290730911335711,1634139920000
apachedocumentation_bookstack,docker,1634141540000,1634107550000,6040a96cdcc614001153fc55,docker#diskio#summary#wait_time-no_subject,0.7291297324263414,1634141720000
apachedocumentation_bookstack,docker,1634143400000,1634142800000,6040a96cdcc614001153fc55,docker#diskio#summary#wait_time-no_subject,0.7213518106770284,1634143580000
pythondynamic-flow_scheduler,docker,1634141780000,1634119820000,6040a96cdcc614001153fc55,docker#network#in#bytes-no_subject,0.9915382013432575,1634146340000
pythondynamic-flow_scheduler,docker,1634143220000,1634113460000,6040a96cdcc614001153fc55,docker#memory#usage#total-no_subject,0.7399250699613549,1634146340000
nodealerts_alerts-service,docker,1634146340000,1634146280000,6040a96cdcc614001153fc55,docker#cpu#total#pct-no_subject,0.7209298998569386,1634146520000
nodealerts_alerts-service,docker,1634146340000,1634146280000,6040a96cdcc614001153fc55,docker#cpu#user#pct-no_subject,0.715925925925926,1634146520000
pythonkoios_koios-tasks,docker,1634138840000,1634135720000,6040a96cdcc614001153fc55,docker#network#out#bytes-no_subject,0.7614243687365345,1634148260000
apachedocumentation_bookstack,docker,1634149220000,1634146880000,6040a96cdcc614001153fc55,docker#diskio#summary#wait_time-no_subject,0.7247955698216674,1634149400000
apachedocumentation_bookstack,docker,1634156420000,1634153120000,6040a96cdcc614001153fc55,docker#diskio#summary#wait_time-no_subject,0.7710824091059595,1634156600000
mysqlc65d1f2cd07cc218,linux604b83aa4c58ea0011d62211,1634114840000,1634113460000,6040a96cdcc614001153fc55,mysql#status#handler#read#first-no_subject,0.7427333955253316,1634158220000
mysqlc65d1f2cd07cc218,linux604b83aa4c58ea0011d62211,1634114840000,1634113460000,6040a96cdcc614001153fc55,mysql#status#handler#read#last-no_subject,0.7031041458986431,1634158220000
mysqlc65d1f2cd07cc218,linux604b83aa4c58ea0011d62211,1634116820000,1634114600000,6040a96cdcc614001153fc55,mysql#status#threads#connected-no_subject,0.81177182340063,1634158220000
mysqlc65d1f2cd07cc218,linux604b83aa4c58ea0011d62211,1634114660000,1634113460000,6040a96cdcc614001153fc55,mysql#status#threads#running-no_subject,0.7955425993027155,1634158220000
mysqlc65d1f2cd07cc218,linux604b83aa4c58ea0011d62211,1634114420000,1634113580000,6040a96cdcc614001153fc55,mysql#status#handler#read#key-no_subject,0.7815696712036201,1634158220000
mysqlc65d1f2cd07cc218,linux604b83aa4c58ea0011d62211,1634134100000,1634116040000,6040a96cdcc614001153fc55,mysql#status#binlog#cache#disk_use-no_subject,0.7221282542317399,1634158220000
mysqlc65d1f2cd07cc218,linux604b83aa4c58ea0011d62211,1634127080000,1634113520000,6040a96cdcc614001153fc55,mysql#status#handler#write-no_subject,0.7326593995606917,1634158220000
mysqlc65d1f2cd07cc218,linux604b83aa4c58ea0011d62211,1634158220000,1634113460000,6040a96cdcc614001153fc55,mysql#status#cache#ssl#hits-no_subject,0.7157157777362072,1634158400000
apachedocumentation_bookstack,docker,1634158940000,1634156660000,6040a96cdcc614001153fc55,docker#diskio#summary#wait_time-no_subject,0.7494965399369393,1634159120000
noderealtime-status_realtime-tasks,docker,1634158820000,1634158400000,6040a96cdcc614001153fc55,docker#memory#usage#total-no_subject,0.7449619368526103,1634159000000
nodecollector-api_collector-api,docker,1634113820000,1634113520000,6040a96cdcc614001153fc55,docker#memory#rss#total-no_subject,0.895,1634160020000
nodecollector-api_collector-api,docker,1634113820000,1634113520000,6040a96cdcc614001153fc55,docker#memory#rss#pct-no_subject,0.8311098874087226,1634160020000
nodecollector-api_collector-api,docker,1634115320000,1634113580000,6040a96cdcc614001153fc55,docker#cpu#kernel#pct-no_subject,0.812242045521101,1634160020000
nodeapp_app-api,docker,1634113820000,1634109800000,6040a96cdcc614001153fc55,docker#memory#usage#pct-no_subject,0.7864806440818787,1634159900000
nodeapp_app-api,docker,1634113700000,1634109800000,6040a96cdcc614001153fc55,docker#memory#rss#total-no_subject,1,1634159900000
nodeapp_app-api,docker,1634113820000,1634109800000,6040a96cdcc614001153fc55,docker#memory#usage#total-no_subject,1,1634159900000
nodeapp_app-api,docker,1634115680000,1634113580000,6040a96cdcc614001153fc55,docker#network#in#packets-no_subject,0.8898391359794214,1634159900000
nodeapp_app-api,docker,1634159840000,1634109680000,6040a96cdcc614001153fc55,docker#diskio#read#wait_time-no_subject,1,1634160020000
nodeapp_app-api,docker,1634159840000,1634109680000,6040a96cdcc614001153fc55,docker#diskio#read#service_time-no_subject,1,1634160020000
nodesensinglabs-mqtt_sensinglabs-mqtt,docker,1634114720000,1634113400000,6040a96cdcc614001153fc55,docker#memory#usage#total-no_subject,0.9584670249874877,1634159960000
nodesensinglabs-mqtt_sensinglabs-mqtt,docker,1634114480000,1634113400000,6040a96cdcc614001153fc55,docker#memory#usage#pct-no_subject,0.7502988381521464,1634159960000
mysql_router,docker,1634148020000,1634109660000,6040a96cdcc614001153fc55,docker#diskio#read#wait_time-no_subject,0.8248170385843844,1634159900000
mysql_router,docker,1634155700000,1634109660000,6040a96cdcc614001153fc55,docker#diskio#summary#service_time-no_subject,0.7106600102352373,1634159900000
mysql_router,docker,1634156720000,1634109660000,6040a96cdcc614001153fc55,docker#diskio#summary#wait_time-no_subject,0.7224236889164474,1634159900000
mysql_router,docker,1634114660000,1634113400000,6040a96cdcc614001153fc55,docker#memory#usage#total-no_subject,0.7267135973166527,1634159900000
mysql_router,docker,1634149520000,1634109660000,6040a96cdcc614001153fc55,docker#diskio#write#service_time-no_subject,1,1634159900000
mysql_router,docker,1634113460000,1634109660000,6040a96cdcc614001153fc55,docker#cpu#system#pct-no_subject,1,1634159900000
mysql_router,docker,1634157920000,1634109660000,6040a96cdcc614001153fc55,docker#diskio#read#service_time-no_subject,0.817246793405963,1634159900000
mysql_router,docker,1634159900000,1634109660000,6040a96cdcc614001153fc55,docker#diskio#write#wait_time-no_subject,1,1634160080000
nodecollector-api_collector-api,docker,1634160020000,1634113460000,6040a96cdcc614001153fc55,docker#diskio#summary#ops-no_subject,0.7375976197947018,1634160200000
nodesensinglabs-mqtt_sensinglabs-mqtt,docker,1634159960000,1634113460000,6040a96cdcc614001153fc55,docker#diskio#read#wait_time-no_subject,0.8795028361380349,1634160140000
nodesensinglabs-mqtt_sensinglabs-mqtt,docker,1634159900000,1634113460000,6040a96cdcc614001153fc55,docker#diskio#read#service_time-no_subject,0.7479533813167801,1634160140000
nodehyperion_server,docker,1634116700000,1634113580000,6040a96cdcc614001153fc55,docker#memory#usage#pct-no_subject,0.7379419890283424,1634162240000
nodehyperion_server,docker,1634159120000,1634113580000,6040a96cdcc614001153fc55,docker#memory#rss#pct-no_subject,0.7424323222999479,1634162240000
nodehyperion_server,docker,1634116700000,1634113520000,6040a96cdcc614001153fc55,docker#memory#usage#total-no_subject,0.7208006647792168,1634162240000
nodehyperion_server,docker,1634162240000,1634113460000,6040a96cdcc614001153fc55,docker#diskio#summary#ops-no_subject,0.8400487982140378,1634162420000
linux609bdef1b677860011c6e30d,linux609bdef1b677860011c6e30d,1634162540000,1634162480000,6040a96cdcc614001153fc55,system#cpu#total#pct-no_subject,0.7086084050756366,1634162720000
docker983f275612ba5797,linux60fec228da00c500125f430d,1634163140000,1634162540000,6040a96cdcc614001153fc55,docker#memory#usage#total-no_subject,0.8146690953349257,1634163320000
docker983f275612ba5797,linux60fec228da00c500125f430d,1634163140000,1634162540000,6040a96cdcc614001153fc55,docker#memory#rss#total-no_subject,0.7897442751222915,1634163320000
nodesensinglabs-mqtt_sensinglabs-mqtt,docker,1634163560000,1634163260000,6040a96cdcc614001153fc55,docker#memory#rss#total-no_subject,0.8433405966489604,1634163740000
mysql357e569af1d96542,linux608ac1c48e4afc0040b43d19,1634165660000,1634164820000,6040a96cdcc614001153fc55,mysql#status#innodb#buffer_pool#pool#reads-no_subject,0.8307366761474357,1634165840000
pythonkoios_koios-worker,docker,1634164690000,1634164630000,6040a96cdcc614001153fc55,prometheus#metrics#process_resident_memory_bytes-no_subject,0.7362269129287599,1634168650000
pythonkoios_koios-worker,docker,1634164810000,1634164510000,6040a96cdcc614001153fc55,prometheus#metrics#process_virtual_memory_bytes-no_subject,0.911946279172171,1634168650000
pythonkoios_koios-worker,docker,1634164930000,1634164750000,6040a96cdcc614001153fc55,prometheus#metrics#process_open_fds-no_subject,0.7171771662761625,1634168650000
nginxweblate_weblate,docker,1634175380000,1634175080000,6040a96cdcc614001153fc55,docker#diskio#summary#ops-no_subject,0.8189602733595976,1634175560000
nginxweblate_weblate,docker,1634182580000,1634182280000,6040a96cdcc614001153fc55,docker#diskio#summary#ops-no_subject,0.7019918157171591,1634182760000
gateway_caddy_server,docker,1634188760000,1634187740000,6040a96cdcc614001153fc55,docker#diskio#summary#ops-no_subject,0.7971910388177509,1634188940000
nodereservations-service_reservations-service,docker,1634191770000,1634190630000,6040a96cdcc614001153fc55,prometheus#metrics#nodejs_active_requests_total-no_subject,0.7623369122672908,1634192490000
nodereservations-service_reservations-service,docker,1634191590000,1634188580000,6040a96cdcc614001153fc55,prometheus#metrics#process_virtual_memory_bytes-no_subject,0.8042120692972051,1634192490000
nodereservations-service_reservations-service,docker,1634191590000,1634189180000,6040a96cdcc614001153fc55,prometheus#metrics#process_resident_memory_bytes-no_subject,0.8142325791694418,1634192490000
nodereservations-service_reservations-service,docker,1634191890000,1634189120000,6040a96cdcc614001153fc55,prometheus#metrics#nodejs_external_memory_bytes-no_subject,0.8021529339655155,1634192490000
rabbitmqqueue_rabbitmq,docker,1634197380000,1634196960000,6040a96cdcc614001153fc55,rabbitmq#connection#peer#port-no_subject,0.7960596540762056,1634197560000
monitoring_blackbox-exporter,docker,1634209380000,1634208900000,6040a96cdcc614001153fc55,prometheus#metrics#probe_http_uncompressed_body_length-no_subject,0.7942088029562772,1634209560000
nodereservations-service_reservations-service,docker,1634213340000,1634212560000,6040a96cdcc614001153fc55,prometheus#metrics#nodejs_eventloop_lag_max_seconds-no_subject,0.7362126980854103,1634213730000
nodeportal_portal,docker,1634215220000,1634215040000,6040a96cdcc614001153fc55,docker#diskio#read#service_time-no_subject,0.7849999999999999,1634215400000
portainer_agent,docker,1634215700000,1634215100000,6040a96cdcc614001153fc55,docker#diskio#summary#ops-no_subject,0.7375626010323204,1634215880000
portainer_portainer,docker,1634216550000,1634209230000,6040a96cdcc614001153fc55,docker#diskio#read#wait_time-no_subject,0.8100170338541736,1634216730000
portainer_portainer,docker,1634216610000,1634209230000,6040a96cdcc614001153fc55,docker#diskio#read#service_time-no_subject,0.8105026830847147,1634216790000
apachegaia_scripts,docker,1634222960000,1634222240000,6040a96cdcc614001153fc55,docker#memory#usage#total-no_subject,0.8949767915794894,1634223140000
pythonhyperion_client-plages,docker,1634228300000,1634228240000,6040a96cdcc614001153fc55,docker#cpu#total#pct-no_subject,0.7177797001153402,1634228480000
nodereservations-service_reservations-service,docker,1634243430000,1634242650000,6040a96cdcc614001153fc55,prometheus#metrics#total_request_time_sum-no_subject,0.7369120476891903,1634243610000
nodereservations-service_reservations-service,docker,1634243430000,1634242650000,6040a96cdcc614001153fc55,prometheus#metrics#total_request_time_bucket-no_subject,0.7155890158566881,1634243610000
nodereservations-service_reservations-service,docker,1634243430000,1634242650000,6040a96cdcc614001153fc55,prometheus#metrics#total_request_time_count-no_subject,0.7155890158566881,1634243610000
nodereservations-service_reservations-service,docker,1634243430000,1634242650000,6040a96cdcc614001153fc55,prometheus#metrics#errors_encountered-no_subject,0.7034170519631413,1634243610000
nodereservations-service_reservations-service,docker,1634243430000,1634242650000,6040a96cdcc614001153fc55,prometheus#metrics#nodejs_gc_duration_seconds_sum-no_subject,0.7298093912992459,1634243610000
nodereservations-service_reservations-service,docker,1634243430000,1634242650000,6040a96cdcc614001153fc55,prometheus#metrics#requests_resolved-no_subject,0.7155890158566881,1634243610000
nodereservations-service_reservations-service,docker,1634243610000,1634242830000,6040a96cdcc614001153fc55,prometheus#metrics#process_cpu_system_seconds_total-no_subject,0.7248009911858623,1634243790000
nodesensinglabs-mqtt_sensinglabs-mqtt,docker,1634261360000,1634260160000,6040a96cdcc614001153fc55,docker#diskio#read#service_time-no_subject,0.7066360813483649,1634261540000
nodeapp_app-web,docker,1634260580000,1634208920000,6040a96cdcc614001153fc55,docker#diskio#write#wait_time-no_subject,1,1634261720000
nodeapp_app-web,docker,1634215220000,1634208920000,6040a96cdcc614001153fc55,docker#diskio#summary#service_time-no_subject,0.8754145595560199,1634261720000
nodeapp_app-web,docker,1634215220000,1634208920000,6040a96cdcc614001153fc55,docker#diskio#summary#wait_time-no_subject,0.9006578187443702,1634261720000
nodeapp_app-web,docker,1634215580000,1634215220000,6040a96cdcc614001153fc55,docker#diskio#summary#ops-no_subject,0.7172146408227809,1634261720000
nodeapp_app-web,docker,1634215220000,1634208920000,6040a96cdcc614001153fc55,docker#diskio#read#service_time-no_subject,1,1634261720000
nodeapp_app-web,docker,1634215220000,1634208920000,6040a96cdcc614001153fc55,docker#diskio#read#wait_time-no_subject,1,1634261720000
nodeapp_app-web,docker,1634261720000,1634208920000,6040a96cdcc614001153fc55,docker#diskio#write#service_time-no_subject,1,1634261900000
apachegaia_scripts,docker,1634288840000,1634288000000,6040a96cdcc614001153fc55,docker#memory#rss#total-no_subject,1,1634289020000
nginxappsmith_appsmith-nginx,docker,1634289080000,1634288720000,6040a96cdcc614001153fc55,docker#memory#rss#total-no_subject,0.925,1634289260000
pythondynamic-flow_scheduler,docker,1634300180000,1634300120000,6040a96cdcc614001153fc55,docker#network#in#bytes-no_subject,0.7352777777777778,1634300360000
nodedisplay_front,docker,1634301380000,1634301320000,6040a96cdcc614001153fc55,docker#network#in#packets-no_subject,0.7260846560846561,1634301560000
monitoring_prometheus,docker,1634301710000,1634301440000,6040a96cdcc614001153fc55,docker#cpu#user#pct-no_subject,0.7057898696925676,1634301890000
monitoring_prometheus,docker,1634301710000,1634301440000,6040a96cdcc614001153fc55,docker#memory#rss#total-no_subject,0.8400000000000001,1634301890000
mysql357e569af1d96542,linux608ac1c48e4afc0040b43d19,1634301380000,1634295320000,6040a96cdcc614001153fc55,mysql#status#innodb#buffer_pool#pages#misc-no_subject,0.9433876358827239,1634302340000
linux60fec229da00c500125f430e,linux60fec229da00c500125f430e,1634302100000,1634301500000,6040a96cdcc614001153fc55,system#memory#actual#used#pct-no_subject,0.7555763735357915,1634302280000
mysql357e569af1d96542,linux608ac1c48e4afc0040b43d19,1634304320000,1634295320000,6040a96cdcc614001153fc55,mysql#status#innodb#buffer_pool#pages#data-no_subject,0.9291662950441051,1634304500000
mysql357e569af1d96542,linux608ac1c48e4afc0040b43d19,1634304320000,1634295320000,6040a96cdcc614001153fc55,mysql#status#innodb#buffer_pool#bytes#data-no_subject,0.9506474591882436,1634304500000
mysql357e569af1d96542,linux608ac1c48e4afc0040b43d19,1634305520000,1634305220000,6040a96cdcc614001153fc55,mysql#status#innodb#buffer_pool#pages#data-no_subject,0.7120729446925903,1634305700000
mysql357e569af1d96542,linux608ac1c48e4afc0040b43d19,1634305520000,1634305220000,6040a96cdcc614001153fc55,mysql#status#innodb#buffer_pool#bytes#data-no_subject,0.7176987330356264,1634305700000
portainer_portainer,docker,1634305350000,1634304750000,6040a96cdcc614001153fc55,docker#diskio#read#service_time-no_subject,0.7482140503935063,1634305530000
portainer_portainer,docker,1634305350000,1634304750000,6040a96cdcc614001153fc55,docker#diskio#read#wait_time-no_subject,0.7601405047374378,1634305530000
mysqlc65d1f2cd07cc218,linux604b83aa4c58ea0011d62211,1634308580000,1634308280000,6040a96cdcc614001153fc55,mysql#status#innodb#buffer_pool#pages#misc-no_subject,0.7813939396372457,1634308760000
rabbitmqqueue_rabbitmq,docker,1634312470000,1634311930000,6040a96cdcc614001153fc55,rabbitmq#connection#peer#port-no_subject,0.7042152894193666,1634312650000
nodesensinglabs-mqtt_sensinglabs-mqtt,docker,1634315240000,1634314340000,6040a96cdcc614001153fc55,docker#diskio#read#wait_time-no_subject,0.7476837075195591,1634315420000
docker533eacfa0bebb3ca,linux60fec22ada00c500125f4310,1634320340000,1634320100000,6040a96cdcc614001153fc55,docker#cpu#system#pct-no_subject,0.8400000000000001,1634320520000
docker983f275612ba5797,linux60fec228da00c500125f430d,1634320640000,1634320100000,6040a96cdcc614001153fc55,docker#memory#usage#total-no_subject,0.8811128111437835,1634320820000
mysql357e569af1d96542,linux608ac1c48e4afc0040b43d19,1634338700000,1634337320000,6040a96cdcc614001153fc55,mysql#status#innodb#buffer_pool#pages#data-no_subject,0.7278179783874673,1634338880000
mysql357e569af1d96542,linux608ac1c48e4afc0040b43d19,1634338700000,1634337320000,6040a96cdcc614001153fc55,mysql#status#innodb#buffer_pool#bytes#data-no_subject,0.7351560511698615,1634338880000
nodesensinglabs-mqtt_sensinglabs-mqtt,docker,1634339420000,1634338280000,6040a96cdcc614001153fc55,docker#diskio#read#service_time-no_subject,0.7648555848292565,1634339600000
nodesensinglabs-mqtt_sensinglabs-mqtt,docker,1634341160000,1634339720000,6040a96cdcc614001153fc55,docker#diskio#read#service_time-no_subject,0.7107500059409856,1634341340000
nodeportal_portal,docker,1634348900000,1634306600000,6040a96cdcc614001153fc55,docker#diskio#write#service_time-no_subject,1,1634351060000
nodeportal_portal,docker,1634351060000,1634306660000,6040a96cdcc614001153fc55,docker#diskio#write#wait_time-no_subject,1,1634351240000
pythonalerts_alerts-engine,docker,1634350580000,1634336120000,6040a96cdcc614001153fc55,docker#cpu#kernel#pct-no_subject,0.8968178939239353,1634367440000
nodereservations-service_reservations-service,docker,1634367950000,1634367650000,6040a96cdcc614001153fc55,prometheus#metrics#nodejs_external_memory_bytes-no_subject,0.7625807574236608,1634368130000
nodereservations-service_reservations-service,docker,1634368310000,1634368010000,6040a96cdcc614001153fc55,prometheus#metrics#nodejs_heap_space_size_available_bytes-no_subject,0.709628821958388,1634368490000
nodesensinglabs-mqtt_sensinglabs-mqtt,docker,1634370980000,1634370440000,6040a96cdcc614001153fc55,docker#memory#rss#total-no_subject,0.790641489926748,1634371160000
nodesensinglabs-mqtt_sensinglabs-mqtt,docker,1634370980000,1634370440000,6040a96cdcc614001153fc55,docker#memory#usage#total-no_subject,0.8215933813498308,1634371160000
keto_keto,docker,1634371940000,1634371760000,6040a96cdcc614001153fc55,docker#network#in#packets-no_subject,0.7732780532515752,1634372120000
keto_keto,docker,1634371940000,1634371760000,6040a96cdcc614001153fc55,docker#network#out#packets-no_subject,0.7967340044344714,1634372120000
packetaie6471dd6a1a09b54,linux604b83a14c58ea0011d6220f,1634403450000,1634402010000,6040a96cdcc614001153fc55,system#process#memory#size-no_subject,0.7214009153242807,1634403630000
rabbitmqqueue_rabbitmq,docker,1634422040000,1634421740000,6040a96cdcc614001153fc55,rabbitmq#node#gc#reclaimed#bytes-no_subject,0.7036859830211184,1634422280000
pythonkoios_koios-worker,docker,1634424010000,1634423650000,6040a96cdcc614001153fc55,docker#cpu#total#pct-no_subject,0.7249735123558407,1634424190000
pythonkoios_koios-worker,docker,1634424130000,1634423830000,6040a96cdcc614001153fc55,prometheus#metrics#process_resident_memory_bytes-no_subject,0.9282433025911286,1634424430000
pythonkoios_koios-worker,docker,1634424130000,1634424010000,6040a96cdcc614001153fc55,prometheus#metrics#process_virtual_memory_bytes-no_subject,0.7956728232189972,1634424430000
pythonkoios_koios-worker,docker,1634424130000,1634423650000,6040a96cdcc614001153fc55,docker#cpu#user#pct-no_subject,0.7375812241780278,1634424430000
pythonkoios_koios-worker,docker,1634425030000,1634424250000,6040a96cdcc614001153fc55,prometheus#metrics#process_open_fds-no_subject,0.7295298476756512,1634425210000
mysql6d7613c72a46df40,linux604b83a14c58ea0011d6220f,1634424990000,1634424270000,6040a96cdcc614001153fc55,mysql#status#threads#connected-no_subject,0.7747646902343073,1634425170000
mysql357e569af1d96542,linux608ac1c48e4afc0040b43d19,1634425040000,1634424260000,6040a96cdcc614001153fc55,mysql#status#threads#connected-no_subject,0.799527140316799,1634425220000
packetaie6471dd6a1a09b54,linux604b83a14c58ea0011d6220f,1634425050000,1634424750000,6040a96cdcc614001153fc55,system#process#memory#rss#pct-no_subject,0.7253403797027995,1634425230000
pythonhyperion_client-plages,docker,1634428940000,1634428880000,6040a96cdcc614001153fc55,docker#network#out#packets-no_subject,0.7360638939119951,1634429120000
pythonhyperion_client-plages,docker,1634428940000,1634428880000,6040a96cdcc614001153fc55,docker#network#in#packets-no_subject,0.7102163441740732,1634429120000
pythonbackup_dockup-master,docker,1634440310000,1634440070000,6040a96cdcc614001153fc55,docker#memory#rss#pct-no_subject,0.7280696959830003,1634440490000
nodereservations-service_reservations-service,docker,1634454900000,1634454420000,6040a96cdcc614001153fc55,prometheus#metrics#process_heap_bytes-no_subject,0.7147989508607825,1634455080000
nodereservations-service_reservations-service,docker,1634455080000,1634454000000,6040a96cdcc614001153fc55,prometheus#metrics#nodejs_heap_size_total_bytes-no_subject,0.7046764529297742,1634455260000
nodedisplay_front,docker,1634472020000,1634471960000,6040a96cdcc614001153fc55,docker#network#in#packets-no_subject,0.7158539808391146,1634472200000
nodecollector-api_collector-api,docker,1634487320000,1634486960000,6040a96cdcc614001153fc55,docker#memory#usage#pct-no_subject,0.78320749972847,1634487500000
nodecollector-api_collector-api,docker,1634487320000,1634486960000,6040a96cdcc614001153fc55,docker#memory#usage#total-no_subject,0.925,1634487500000
pythonkoios_koios-worker,docker,1634510350000,1634510110000,6040a96cdcc614001153fc55,prometheus#metrics#process_resident_memory_bytes-no_subject,0.8898245614035089,1634510530000
nodecollector-api_collector-api,docker,1634510540000,1634510420000,6040a96cdcc614001153fc55,docker#memory#usage#total-no_subject,0.71,1634510720000
nodereservations-service_reservations-service,docker,1634511510000,1634510250000,6040a96cdcc614001153fc55,prometheus#metrics#errors_encountered-no_subject,0.9010847442827195,1634511690000
pythonalerts_alerts-engine,docker,1634515280000,1634515220000,6040a96cdcc614001153fc55,docker#cpu#total#pct-no_subject,0.7079162541963676,1634515460000
linux604b83aa4c58ea0011d62211,linux604b83aa4c58ea0011d62211,1634516300000,1634515460000,6040a96cdcc614001153fc55,system#network#out#packets-no_subject,0.7081268035000621,1634516480000
nodereports-service_reports-service,docker,1634530460000,1634529980000,6040a96cdcc614001153fc55,docker#cpu#kernel#pct-no_subject,0.8188327720350773,1634530640000
nodereservations-service_reservations-service,docker,1634534180000,1634533940000,6040a96cdcc614001153fc55,prometheus#metrics#nodejs_active_requests_total-no_subject,0.740819728201325,1634534600000
nodereservations-service_reservations-service,docker,1634535200000,1634534840000,6040a96cdcc614001153fc55,prometheus#metrics#process_resident_memory_bytes-no_subject,0.7400905024252223,1634535380000
nodereservations-service_reservations-service,docker,1634535200000,1634534840000,6040a96cdcc614001153fc55,prometheus#metrics#nodejs_heap_size_total_bytes-no_subject,0.7885616081867837,1634535380000
nodereservations-service_reservations-service,docker,1634535200000,1634534720000,6040a96cdcc614001153fc55,prometheus#metrics#process_virtual_memory_bytes-no_subject,0.7346140241968927,1634535380000
mysqlc65d1f2cd07cc218,linux604b83aa4c58ea0011d62211,1634541560000,1634541140000,6040a96cdcc614001153fc55,mysql#status#handler#write-no_subject,0.7001828288364331,1634541740000
nodereservations-service_reservations-service,docker,1634542430000,1634542310000,6040a96cdcc614001153fc55,docker#network#in#bytes-no_subject,0.7210573574897673,1634542610000
monitoring_blackbox-exporter,docker,1634543670000,1634543550000,6040a96cdcc614001153fc55,prometheus#metrics#probe_http_content_length-no_subject,0.7641108508683865,1634543850000
docker2489ddd64d0996e5,linux60fec22dda00c500125f4313,1634550740000,1634550200000,6040a96cdcc614001153fc55,docker#memory#usage#total-no_subject,0.8275036093440803,1634550920000
nodereservations-service_reservations-service,docker,1634554250000,1634553950000,6040a96cdcc614001153fc55,prometheus#metrics#nodejs_active_requests_total-no_subject,0.7369673852029761,1634554430000
pythondynamic-flow_scheduler,docker,1634555480000,1634555420000,6040a96cdcc614001153fc55,docker#network#in#bytes-no_subject,0.7364683720007932,1634555660000
pythondynamic-flow_scheduler,docker,1634555480000,1634555420000,6040a96cdcc614001153fc55,docker#network#in#packets-no_subject,0.7361316211878011,1634555660000
pythondynamic-flow_scheduler,docker,1634555480000,1634555420000,6040a96cdcc614001153fc55,docker#network#out#packets-no_subject,0.7362500000000001,1634555660000
nodesensor-service_sensor-service,docker,1634557940000,1634557520000,6040a96cdcc614001153fc55,docker#cpu#user#pct-no_subject,0.7788848179246487,1634558120000
nodesensor-service_sensor-service,docker,1634557940000,1634557520000,6040a96cdcc614001153fc55,docker#cpu#total#pct-no_subject,0.7976594581152779,1634558120000
mysql6d7613c72a46df40,linux604b83a14c58ea0011d6220f,1634558730000,1634558310000,6040a96cdcc614001153fc55,mysql#status#handler#read#last-no_subject,0.7209843947192757,1634558910000
nodeportal_portal,docker,1634559500000,1634558960000,6040a96cdcc614001153fc55,docker#memory#usage#total-no_subject,0.985,1634559680000
nodeportal_portal,docker,1634559500000,1634558960000,6040a96cdcc614001153fc55,docker#memory#rss#total-no_subject,0.985,1634559680000
docker4a9851bee76cb07f,linux60fec229da00c500125f430e,1634561200000,1634560840000,6040a96cdcc614001153fc55,docker#diskio#summary#ops-no_subject,0.7058397607321673,1634561380000
docker533eacfa0bebb3ca,linux60fec22ada00c500125f4310,1634561540000,1634561480000,6040a96cdcc614001153fc55,docker#memory#usage#total-no_subject,0.7008104107491101,1634561720000
nodereservation_reservation,docker,1634562560000,1634561900000,6040a96cdcc614001153fc55,docker#diskio#summary#ops-no_subject,0.9900660066006601,1634562740000
linux609bde4db677860011c6e30b,linux609bde4db677860011c6e30b,1634570200000,1634569720000,6040a96cdcc614001153fc55,system#network#out#bytes-no_subject,0.7430681575705567,1634570380000
nodereservations-service_reservations-service,docker,1634570790000,1634570550000,6040a96cdcc614001153fc55,prometheus#metrics#nodejs_gc_duration_seconds_bucket-no_subject,0.8205232550208127,1634571090000
nodereservations-service_reservations-service,docker,1634570790000,1634570550000,6040a96cdcc614001153fc55,prometheus#metrics#nodejs_gc_duration_seconds_sum-no_subject,0.8317474823417191,1634571090000
nodereservations-service_reservations-service,docker,1634570790000,1634570550000,6040a96cdcc614001153fc55,prometheus#metrics#nodejs_gc_duration_seconds_count-no_subject,0.8205232550208127,1634571090000
nodereservations-service_reservations-service,docker,1634570850000,1634570550000,6040a96cdcc614001153fc55,prometheus#metrics#nodejs_eventloop_lag_p99_seconds-no_subject,0.7238658778079404,1634571090000
nodereservations-service_reservations-service,docker,1634570970000,1634570550000,6040a96cdcc614001153fc55,prometheus#metrics#errors_encountered-no_subject,0.781501215929752,1634571210000
nodereservations-service_reservations-service,docker,1634571030000,1634570550000,6040a96cdcc614001153fc55,prometheus#metrics#nodejs_eventloop_lag_min_seconds-no_subject,0.7783718274025356,1634571210000
nodereservations-service_reservations-service,docker,1634571090000,1634570550000,6040a96cdcc614001153fc55,prometheus#metrics#process_start_time_seconds-no_subject,0.9876275207591934,1634571270000
nodeapp_app-api,docker,1634571680000,1634571440000,6040a96cdcc614001153fc55,docker#memory#rss#total-no_subject,0.8400000000000001,1634571860000
nodereports-service_reports-service,docker,1634571740000,1634571320000,6040a96cdcc614001153fc55,docker#diskio#summary#ops-no_subject,0.7316453445901921,1634571920000
nodereports-service_reports-service,docker,1634571740000,1634571380000,6040a96cdcc614001153fc55,docker#memory#rss#total-no_subject,0.7132602275940592,1634571920000
linux608ac1c48e4afc0040b43d19,linux608ac1c48e4afc0040b43d19,1634571860000,1634571440000,6040a96cdcc614001153fc55,system#network#in#packets-no_subject,0.7016584185204456,1634572100000
mysql357e569af1d96542,linux608ac1c48e4afc0040b43d19,1634572520000,1634571740000,6040a96cdcc614001153fc55,mysql#status#open#tables-no_subject,0.7489602843978723,1634572700000
mysql357e569af1d96542,linux608ac1c48e4afc0040b43d19,1634573180000,1634571620000,6040a96cdcc614001153fc55,mysql#status#handler#read#prev-no_subject,0.7948848128500826,1634573360000
docker983f275612ba5797,linux60fec228da00c500125f430d,1634573600000,1634573420000,6040a96cdcc614001153fc55,docker#cpu#system#pct-no_subject,0.7849999999999999,1634573780000
linux60fec229da00c500125f430e,linux60fec229da00c500125f430e,1634573420000,1634573240000,6040a96cdcc614001153fc55,system#diskio#iostat#write#per_sec#bytes-sda1,0.722929978747548,1634573600000
linux60fec229da00c500125f430e,linux60fec229da00c500125f430e,1634573420000,1634573240000,6040a96cdcc614001153fc55,system#diskio#iostat#write#per_sec#bytes-sda,0.722929978747548,1634573600000
noderealtime-status_realtime-worker,docker,1634573480000,1634573300000,6040a96cdcc614001153fc55,docker#cpu#system#pct-no_subject,0.7849999999999999,1634573660000
mysqlc65d1f2cd07cc218,linux604b83aa4c58ea0011d62211,1634573900000,1634573600000,6040a96cdcc614001153fc55,mysql#status#open#files-no_subject,0.7487729472725636,1634574080000
pythonpost-processing_post-processing-worker,docker,1634573780000,1634573420000,6040a96cdcc614001153fc55,docker#memory#rss#total-no_subject,0.7940172305663991,1634573960000
pythonpost-processing_post-processing-worker,docker,1634573780000,1634573420000,6040a96cdcc614001153fc55,docker#memory#rss#pct-no_subject,0.710874215598364,1634573960000
pythonpost-processing_post-processing-worker,docker,1634573780000,1634573420000,6040a96cdcc614001153fc55,docker#memory#usage#total-no_subject,0.713019490840237,1634573960000
docker2838c0afcc7620ff,linux60fec22dda00c500125f4312,1634573780000,1634573420000,6040a96cdcc614001153fc55,docker#memory#rss#pct-no_subject,0.709989685239152,1634573960000
docker2838c0afcc7620ff,linux60fec22dda00c500125f4312,1634573780000,1634573300000,6040a96cdcc614001153fc55,docker#network#in#packets-no_subject,0.7193963583042646,1634573960000
docker2838c0afcc7620ff,linux60fec22dda00c500125f4312,1634573780000,1634573300000,6040a96cdcc614001153fc55,docker#network#in#bytes-no_subject,0.7502711980229968,1634573960000
docker2838c0afcc7620ff,linux60fec22dda00c500125f4312,1634573780000,1634573420000,6040a96cdcc614001153fc55,docker#memory#usage#pct-no_subject,0.7379336085740175,1634573960000
linux60fec22dda00c500125f4313,linux60fec22dda00c500125f4313,1634573660000,1634573360000,6040a96cdcc614001153fc55,system#diskio#iostat#write#per_sec#bytes-sda,0.7347335063010694,1634573840000
linux60fec22dda00c500125f4313,linux60fec22dda00c500125f4313,1634573660000,1634573360000,6040a96cdcc614001153fc55,system#diskio#iostat#write#per_sec#bytes-sda1,0.7347335063010694,1634573840000
redisgaia_redis,docker,1634573570000,1634573390000,6040a96cdcc614001153fc55,docker#memory#usage#pct-no_subject,0.7849999999999999,1634573930000
apachegaia_worker,docker,1634573620000,1634573260000,6040a96cdcc614001153fc55,docker#memory#usage#total-no_subject,0.7557171487355117,1634573920000
nginxweblate_weblate,docker,1634573960000,1634573660000,6040a96cdcc614001153fc55,docker#diskio#summary#ops-no_subject,0.7949699214942871,1634574140000
docker2838c0afcc7620ff,linux60fec22dda00c500125f4312,1634573900000,1634573420000,6040a96cdcc614001153fc55,docker#memory#usage#total-no_subject,0.7340229502255897,1634574140000
docker2838c0afcc7620ff,linux60fec22dda00c500125f4312,1634573840000,1634573420000,6040a96cdcc614001153fc55,docker#memory#rss#total-no_subject,0.8821632703074068,1634574140000
nodeportal_portal,docker,1634574320000,1634573600000,6040a96cdcc614001153fc55,docker#diskio#write#wait_time-no_subject,1,1634574500000
redissite-service_redis-cache,docker,1634579960000,1634579300000,6040a96cdcc614001153fc55,docker#network#out#bytes-no_subject,0.7664636187722986,1634580140000
data-api_data-api,docker,1634580560000,1634579360000,6040a96cdcc614001153fc55,prometheus#metrics#go_gc_duration_seconds-no_subject,0.9705828462706911,1634580740000
nodereservations-service_reservations-service,docker,1634581890000,1634580570000,6040a96cdcc614001153fc55,prometheus#metrics#process_start_time_seconds-no_subject,0.7196300155215422,1634582070000
docker983f275612ba5797,linux60fec228da00c500125f430d,1634594720000,1634594660000,6040a96cdcc614001153fc55,docker#memory#rss#total-no_subject,0.7213409961685824,1634594900000
nodereservations-service_reservations-service,docker,1634597520000,1634596740000,6040a96cdcc614001153fc55,prometheus#metrics#process_start_time_seconds-no_subject,0.7126178855242133,1634597700000
mysql6d7613c72a46df40,linux604b83a14c58ea0011d6220f,1634597670000,1634597070000,6040a96cdcc614001153fc55,mysql#status#innodb#buffer_pool#pool#reads-no_subject,0.7658545473440251,1634597850000
nodereservations-service_reservations-service,docker,1634609420000,1634608460000,6040a96cdcc614001153fc55,prometheus#metrics#process_start_time_seconds-no_subject,0.751627920995601,1634609600000
nodereservations-service_reservations-service,docker,1634614280000,1634612240000,6040a96cdcc614001153fc55,prometheus#metrics#process_start_time_seconds-no_subject,0.7155331119402272,1634614460000
docker24929622c71624a6,linux60fec238da00c500125f4314,1634574140000,1634573420000,6040a96cdcc614001153fc55,docker#memory#rss#total-no_subject,0.7729117476527206,1634619980000
docker24929622c71624a6,linux60fec238da00c500125f4314,1634617700000,1634573360000,6040a96cdcc614001153fc55,docker#diskio#write#wait_time-no_subject,0.8604914484496605,1634619980000
docker24929622c71624a6,linux60fec238da00c500125f4314,1634577380000,1634573420000,6040a96cdcc614001153fc55,docker#network#out#packets-no_subject,0.7106573599164298,1634619980000
docker24929622c71624a6,linux60fec238da00c500125f4314,1634574140000,1634573420000,6040a96cdcc614001153fc55,docker#memory#usage#total-no_subject,0.8048894562214661,1634619980000
docker24929622c71624a6,linux60fec238da00c500125f4314,1634619740000,1634573360000,6040a96cdcc614001153fc55,docker#diskio#summary#ops-no_subject,0.7031224214385409,1634619980000
docker24929622c71624a6,linux60fec238da00c500125f4314,1634617880000,1634573360000,6040a96cdcc614001153fc55,docker#diskio#summary#wait_time-no_subject,0.8301721534667411,1634619980000
docker24929622c71624a6,linux60fec238da00c500125f4314,1634619980000,1634573360000,6040a96cdcc614001153fc55,docker#diskio#write#service_time-no_subject,0.7087795073897781,1634620160000
redissite-service_redis-cache,docker,1634620280000,1634619980000,6040a96cdcc614001153fc55,docker#network#out#bytes-no_subject,0.7099802746398606,1634620460000
nodereservations-service_reservations-service,docker,1634620580000,1634619260000,6040a96cdcc614001153fc55,prometheus#metrics#process_resident_memory_bytes-no_subject,0.7074328450349556,1634620940000
nodereservations-service_reservations-service,docker,1634620460000,1634619140000,6040a96cdcc614001153fc55,prometheus#metrics#nodejs_external_memory_bytes-no_subject,0.7789081707443996,1634620940000
nodereservations-service_reservations-service,docker,1634620580000,1634619260000,6040a96cdcc614001153fc55,prometheus#metrics#process_virtual_memory_bytes-no_subject,0.7058576252109795,1634620940000
nodereservation_reservation,docker,1634627780000,1634627300000,6040a96cdcc614001153fc55,docker#cpu#user#pct-no_subject,0.7291430416314112,1634627960000
redisappsmith_redis,docker,1634629760000,1634629700000,6040a96cdcc614001153fc55,docker#diskio#summary#rate-no_subject,0.7104772937510316,1634629940000
portainer_portainer,docker,1634631090000,1634630490000,6040a96cdcc614001153fc55,docker#diskio#read#service_time-no_subject,0.7045694057928907,1634631270000
packetaibcbf6881c8b51cc6,linux604b83aa4c58ea0011d62211,1634638520000,1634637740000,6040a96cdcc614001153fc55,system#process#memory#rss#pct-no_subject,0.7934588410210405,1634638700000
nodereservations-service_reservations-service,docker,1634643240000,1634642280000,6040a96cdcc614001153fc55,prometheus#metrics#process_start_time_seconds-no_subject,0.7174348289951449,1634643480000
docker2489ddd64d0996e5,linux60fec22dda00c500125f4313,1634644640000,1634644280000,6040a96cdcc614001153fc55,docker#memory#rss#total-no_subject,0.7492519868082844,1634644820000
docker2489ddd64d0996e5,linux60fec22dda00c500125f4313,1634645060000,1634644280000,6040a96cdcc614001153fc55,docker#memory#usage#total-no_subject,0.7271381340109991,1634645240000
mysql357e569af1d96542,linux608ac1c48e4afc0040b43d19,1634645240000,1634644340000,6040a96cdcc614001153fc55,mysql#status#handler#read#last-no_subject,0.7201772024908261,1634645420000
nodereservations-service_reservations-service,docker,1634646750000,1634646390000,6040a96cdcc614001153fc55,docker#network#out#bytes-no_subject,0.7659907456290584,1634647410000
nodereservations-service_reservations-service,docker,1634646990000,1634646390000,6040a96cdcc614001153fc55,docker#network#in#bytes-no_subject,0.7227169452436231,1634647410000
pythondynamic-flow_scheduler,docker,1634650880000,1634650820000,6040a96cdcc614001153fc55,docker#network#in#bytes-no_subject,0.733892191835117,1634651060000
pythondynamic-flow_scheduler,docker,1634650880000,1634650820000,6040a96cdcc614001153fc55,docker#network#in#packets-no_subject,0.7165240641711229,1634651060000
pythondynamic-flow_scheduler,docker,1634650880000,1634650820000,6040a96cdcc614001153fc55,docker#network#out#packets-no_subject,0.711474078700812,1634651060000
data-api_data-api,docker,1634651880000,1634651760000,6040a96cdcc614001153fc55,docker#memory#usage#total-no_subject,0.71,1634652060000
data-api_data-api,docker,1634651880000,1634651760000,6040a96cdcc614001153fc55,docker#memory#rss#total-no_subject,0.71,1634652060000
nodestats-service_stats-service,docker,1634652080000,1634651840000,6040a96cdcc614001153fc55,docker#memory#usage#total-no_subject,0.8400000000000001,1634652260000
apachedocumentation_bookstack,docker,1634652160000,1634651860000,6040a96cdcc614001153fc55,docker#memory#rss#total-no_subject,0.895,1634652340000
apachedocumentation_bookstack,docker,1634652160000,1634652040000,6040a96cdcc614001153fc55,docker#memory#usage#total-no_subject,0.71,1634652340000
gateway_caddy_server,docker,1634652400000,1634652160000,6040a96cdcc614001153fc55,docker#memory#usage#total-no_subject,0.8400000000000001,1634652580000
nodezoho_zoho-service,docker,1634652220000,1634652040000,6040a96cdcc614001153fc55,docker#memory#usage#total-no_subject,0.7849999999999999,1634652400000
nodesensor-service_sensor-service,docker,1634652820000,1634652520000,6040a96cdcc614001153fc55,docker#memory#usage#total-no_subject,0.895,1634653060000
nodesensor-service_sensor-service,docker,1634652820000,1634652340000,6040a96cdcc614001153fc55,docker#memory#rss#total-no_subject,0.9650000000000001,1634653060000
pythonpost-processing_post-processing-worker,docker,1634653180000,1634652940000,6040a96cdcc614001153fc55,docker#memory#rss#total-no_subject,0.8400000000000001,1634653360000
pythonpost-processing_post-processing-worker,docker,1634653180000,1634652940000,6040a96cdcc614001153fc55,docker#memory#usage#total-no_subject,0.8400000000000001,1634653360000
nodezoho_zoho-service,docker,1634653120000,1634652940000,6040a96cdcc614001153fc55,docker#memory#usage#total-no_subject,0.7849999999999999,1634653300000
pythonkoios_koios-worker,docker,1634653470000,1634653350000,6040a96cdcc614001153fc55,docker#memory#usage#total-no_subject,0.71,1634653650000
mysql357e569af1d96542,linux608ac1c48e4afc0040b43d19,1634653590000,1634651790000,6040a96cdcc614001153fc55,mysql#status#innodb#rows#reads-no_subject,0.8807541552412473,1634653770000
docker24929622c71624a6,linux60fec238da00c500125f4314,1634653480000,1634652280000,6040a96cdcc614001153fc55,docker#diskio#summary#ops-no_subject,0.7290909679255649,1634653660000
javaappsmith_appsmith-internal-server,docker,1634653780000,1634653600000,6040a96cdcc614001153fc55,docker#memory#usage#total-no_subject,0.7849999999999999,1634653960000
gateway_caddy_server,docker,1634654380000,1634654020000,6040a96cdcc614001153fc55,docker#memory#usage#total-no_subject,0.925,1634654560000
gateway_caddy_server,docker,1634654380000,1634654020000,6040a96cdcc614001153fc55,docker#memory#rss#total-no_subject,0.925,1634654560000
gateway_caddy_server,docker,1634654920000,1634654680000,6040a96cdcc614001153fc55,docker#memory#usage#total-no_subject,0.8400000000000001,1634655100000
gateway_caddy_server,docker,1634654920000,1634654680000,6040a96cdcc614001153fc55,docker#memory#rss#total-no_subject,0.8400000000000001,1634655100000
portainer_portainer,docker,1634655350000,1634654930000,6040a96cdcc614001153fc55,docker#diskio#read#wait_time-no_subject,0.7753315734518861,1634655530000
pythonhyperion_client-plages,docker,1634655820000,1634655760000,6040a96cdcc614001153fc55,docker#network#in#packets-no_subject,0.7194582536647546,1634656000000
pythonkoios_koios-worker,docker,1634655830000,1634655650000,6040a96cdcc614001153fc55,prometheus#metrics#koios_task_duration_seconds_created-no_subject,0.8504938271604937,1634656070000
monitoring_prometheus,docker,1634655790000,1634655610000,6040a96cdcc614001153fc55,docker#memory#usage#total-no_subject,0.7849999999999999,1634655970000
nodeapp_app-web,docker,1634655760000,1634655580000,6040a96cdcc614001153fc55,docker#memory#rss#total-no_subject,0.7849999999999999,1634655940000
nodeapp_app-web,docker,1634655760000,1634655580000,6040a96cdcc614001153fc55,docker#memory#usage#total-no_subject,0.7849999999999999,1634655940000
mysql357e569af1d96542,linux608ac1c48e4afc0040b43d19,1634655990000,1634655630000,6040a96cdcc614001153fc55,mysql#status#open#files-no_subject,0.7290753065939874,1634656170000
mysqlc65d1f2cd07cc218,linux604b83aa4c58ea0011d62211,1634656110000,1634655630000,6040a96cdcc614001153fc55,mysql#performance#table_io_waits#count#fetch-no_subject,0.7033534898602815,1634656290000
docker4a9851bee76cb07f,linux60fec229da00c500125f430e,1634656100000,1634655920000,6040a96cdcc614001153fc55,docker#memory#rss#total-no_subject,0.7849999999999999,1634656340000
gateway_caddy_server,docker,1634655760000,1634655580000,6040a96cdcc614001153fc55,docker#memory#rss#total-no_subject,0.7849999999999999,1634656180000
gateway_caddy_server,docker,1634656000000,1634655640000,6040a96cdcc614001153fc55,docker#diskio#write#wait_time-no_subject,0.925,1634656180000
gateway_caddy_server,docker,1634655760000,1634655580000,6040a96cdcc614001153fc55,docker#memory#usage#total-no_subject,0.7849999999999999,1634656180000
gateway_caddy_server,docker,1634656060000,1634655580000,6040a96cdcc614001153fc55,docker#diskio#summary#ops-no_subject,0.7401229480225066,1634656240000
gateway_caddy_server,docker,1634656180000,1634655580000,6040a96cdcc614001153fc55,docker#diskio#read#wait_time-no_subject,0.8078906990636993,1634656360000
gateway_caddy_server,docker,1634656180000,1634655580000,6040a96cdcc614001153fc55,docker#diskio#summary#service_time-no_subject,0.770373366626326,1634656360000
docker4a9851bee76cb07f,linux60fec229da00c500125f430e,1634656340000,1634655920000,6040a96cdcc614001153fc55,docker#memory#usage#total-no_subject,0.95,1634656520000
nginxappsmith_appsmith-nginx,docker,1634656420000,1634656300000,6040a96cdcc614001153fc55,docker#memory#usage#total-no_subject,0.71,1634656600000
javaappsmith_appsmith-internal-server,docker,1634656300000,1634656060000,6040a96cdcc614001153fc55,docker#memory#usage#total-no_subject,0.8400000000000001,1634656480000
docker533eacfa0bebb3ca,linux60fec22ada00c500125f4310,1634655700000,1634655580000,6040a96cdcc614001153fc55,docker#memory#rss#total-no_subject,0.71,1634656420000
docker533eacfa0bebb3ca,linux60fec22ada00c500125f4310,1634656180000,1634655580000,6040a96cdcc614001153fc55,docker#cpu#total#pct-no_subject,0.8850082662088098,1634656420000
docker533eacfa0bebb3ca,linux60fec22ada00c500125f4310,1634656000000,1634655640000,6040a96cdcc614001153fc55,docker#diskio#summary#ops-no_subject,0.7311585886310669,1634656420000
docker533eacfa0bebb3ca,linux60fec22ada00c500125f4310,1634655700000,1634655580000,6040a96cdcc614001153fc55,docker#memory#usage#total-no_subject,0.71,1634656420000
docker533eacfa0bebb3ca,linux60fec22ada00c500125f4310,1634656180000,1634655580000,6040a96cdcc614001153fc55,docker#cpu#user#pct-no_subject,0.7303792847895824,1634656420000
docker533eacfa0bebb3ca,linux60fec22ada00c500125f4310,1634656420000,1634655580000,6040a96cdcc614001153fc55,docker#memory#rss#pct-no_subject,0.7336763876427425,1634656600000
docker533eacfa0bebb3ca,linux60fec22ada00c500125f4310,1634656420000,1634655640000,6040a96cdcc614001153fc55,docker#info#containers#running-no_subject,0.7971044731892171,1634656600000
nodereservations-service_reservations-service,docker,1634656760000,1634655440000,6040a96cdcc614001153fc55,prometheus#metrics#process_start_time_seconds-no_subject,0.7086739599066436,1634656940000
nginxweblate_weblate,docker,1634656540000,1634656420000,6040a96cdcc614001153fc55,docker#memory#usage#total-no_subject,0.71,1634656720000
nginxappsmith_appsmith-nginx,docker,1634656840000,1634656540000,6040a96cdcc614001153fc55,docker#memory#rss#total-no_subject,0.895,1634657020000
noderealtime-status_realtime-worker,docker,1634656780000,1634656600000,6040a96cdcc614001153fc55,docker#memory#usage#total-no_subject,0.7849999999999999,1634656960000
nodenotifications_notifications-service,docker,1634656960000,1634656780000,6040a96cdcc614001153fc55,docker#memory#usage#total-no_subject,0.7849999999999999,1634657140000
nginxappsmith_appsmith-nginx,docker,1634657440000,1634657140000,6040a96cdcc614001153fc55,docker#memory#rss#total-no_subject,0.895,1634657620000
docker983f275612ba5797,linux60fec228da00c500125f430d,1634657200000,1634656960000,6040a96cdcc614001153fc55,docker#memory#rss#total-no_subject,0.8400000000000001,1634657920000
docker983f275612ba5797,linux60fec228da00c500125f430d,1634657200000,1634656960000,6040a96cdcc614001153fc55,docker#memory#usage#total-no_subject,0.8400000000000001,1634657920000
docker983f275612ba5797,linux60fec228da00c500125f430d,1634657500000,1634657020000,6040a96cdcc614001153fc55,docker#diskio#summary#ops-no_subject,0.7706530000704078,1634657920000
docker983f275612ba5797,linux60fec228da00c500125f430d,1634657560000,1634657200000,6040a96cdcc614001153fc55,docker#memory#usage#pct-no_subject,0.9378048780487805,1634657920000
docker983f275612ba5797,linux60fec228da00c500125f430d,1634657500000,1634657020000,6040a96cdcc614001153fc55,docker#memory#rss#pct-no_subject,0.9358466225008248,1634657920000
docker4a9851bee76cb07f,linux60fec229da00c500125f430e,1634657060000,1634656760000,6040a96cdcc614001153fc55,docker#memory#usage#total-no_subject,0.895,1634658140000
docker4a9851bee76cb07f,linux60fec229da00c500125f430e,1634657720000,1634657000000,6040a96cdcc614001153fc55,docker#memory#rss#pct-no_subject,0.7595151417328841,1634658140000
docker4a9851bee76cb07f,linux60fec229da00c500125f430e,1634657060000,1634656760000,6040a96cdcc614001153fc55,docker#memory#rss#total-no_subject,0.895,1634658140000
docker4a9851bee76cb07f,linux60fec229da00c500125f430e,1634658080000,1634657000000,6040a96cdcc614001153fc55,docker#info#containers#running-no_subject,0.7765627468032279,1634658260000
docker983f275612ba5797,linux60fec228da00c500125f430d,1634657920000,1634656960000,6040a96cdcc614001153fc55,docker#info#containers#running-no_subject,0.7434091308503553,1634658100000