ITComponentId,agent,anomalyEnd,anomalyStart,infrastructure,metricType,relevanceScore,timestamp
pythonexternal-is-rabbit-master,docker,1633402790000,1633402010000,60ddc7da72033d00111f4be1,docker#network#out#bytes-no_subject,0.9698036000931678,1633403090000
pythonzero-gachis-rabbit-master,docker,1633402780000,1633402000000,60ddc7da72033d00111f4be1,docker#network#out#packets-no_subject,0.8634286453243861,1633402960000
pythonzero-gachis-rabbit-master,docker,1633402780000,1633402000000,60ddc7da72033d00111f4be1,docker#network#in#bytes-no_subject,0.8707107216082633,1633402960000
pythonzero-gachis-rabbit-master,docker,1633402780000,1633402000000,60ddc7da72033d00111f4be1,docker#network#in#packets-no_subject,0.8655859932616163,1633402960000
pythonzero-gachis-rabbit-master,docker,1633402840000,1633402000000,60ddc7da72033d00111f4be1,docker#network#out#bytes-no_subject,0.9153162648806424,1633403020000
pythonexternal-is-rabbit-master,docker,1633403090000,1633402430000,60ddc7da72033d00111f4be1,docker#network#in#packets-no_subject,0.8030550495893415,1633403270000
pythonexternal-is-rabbit-master,docker,1633403090000,1633402430000,60ddc7da72033d00111f4be1,docker#network#out#packets-no_subject,0.802320664670718,1633403270000
pythonzero-gachis-rabbit-master,docker,1633403320000,1633402780000,60ddc7da72033d00111f4be1,docker#cpu#user#pct-no_subject,0.7706776039505284,1633403500000
pythonzero-gachis-rabbit-master,docker,1633403320000,1633402540000,60ddc7da72033d00111f4be1,docker#cpu#total#pct-no_subject,0.7666068732921669,1633403500000
pythonexternal-is-rabbit-master,docker,1633404290000,1633403570000,60ddc7da72033d00111f4be1,docker#network#in#packets-no_subject,0.7157510931192937,1633404470000
pythonexternal-is-rabbit-master,docker,1633404410000,1633403570000,60ddc7da72033d00111f4be1,docker#network#out#packets-no_subject,0.7132685200201827,1633404590000
pythonexternal-is-rabbit-master,docker,1633404470000,1633403870000,60ddc7da72033d00111f4be1,docker#memory#usage#total-no_subject,0.99,1633404650000
pythonexternal-is-rabbit-master,docker,1633404470000,1633403930000,60ddc7da72033d00111f4be1,docker#memory#rss#total-no_subject,0.985,1633404650000
zero-gachis-cron-develop,docker,1633404550000,1633404130000,60ddc7da72033d00111f4be1,docker#network#in#packets-no_subject,0.7217089911376329,1633404730000
zero-gachis-cron-develop,docker,1633404610000,1633404250000,60ddc7da72033d00111f4be1,docker#memory#usage#total-no_subject,0.7171253226234819,1633404790000
sdet-cron-develop,docker,1633406660000,1633406420000,60ddc7da72033d00111f4be1,docker#network#out#packets-no_subject,0.7249873447485852,1633407020000
pythondead-letter-rabbit-develop,docker,1633406860000,1633406440000,60ddc7da72033d00111f4be1,docker#network#out#bytes-no_subject,0.7075126577804326,1633407040000
javakeycloak-service-develop,docker,1633410110000,1633409510000,60ddc7da72033d00111f4be1,docker#memory#rss#total-no_subject,0.8140209596387145,1633410290000
javakeycloak-service-develop,docker,1633410110000,1633409510000,60ddc7da72033d00111f4be1,docker#memory#usage#total-no_subject,0.8389055055451303,1633410290000
pythondonation-service-master,docker,1633412180000,1633411940000,60ddc7da72033d00111f4be1,docker#network#in#packets-no_subject,0.7343012064152985,1633412360000
pythondonation-service-master,docker,1633412180000,1633411940000,60ddc7da72033d00111f4be1,docker#network#in#bytes-no_subject,0.7328277528853193,1633412360000
pythondonation-service-master,docker,1633412180000,1633411940000,60ddc7da72033d00111f4be1,docker#network#out#packets-no_subject,0.7277788113062701,1633412360000
pythondonation-service-master,docker,1633412180000,1633411940000,60ddc7da72033d00111f4be1,docker#network#out#bytes-no_subject,0.7332994017086266,1633412360000
sync-service-develop,docker,1633412350000,1633411870000,60ddc7da72033d00111f4be1,docker#cpu#total#pct-no_subject,0.7850950640510684,1633412530000
pythonauth-service-master,docker,1633413720000,1633413660000,60ddc7da72033d00111f4be1,docker#network#in#bytes-no_subject,0.7327944498225234,1633413900000
pythonauth-service-master,docker,1633413720000,1633413660000,60ddc7da72033d00111f4be1,docker#network#out#bytes-no_subject,0.7340394088669951,1633413900000
pythonauth-service-master,docker,1633413720000,1633413660000,60ddc7da72033d00111f4be1,docker#network#out#packets-no_subject,0.7338418079096045,1633413900000
pythonauth-service-master,docker,1633413720000,1633413660000,60ddc7da72033d00111f4be1,docker#network#in#packets-no_subject,0.7341123882503192,1633413900000
pythondead-letter-service-develop,docker,1633413880000,1633413820000,60ddc7da72033d00111f4be1,docker#network#out#packets-no_subject,0.7078044145169408,1633414060000
pythondead-letter-service-develop,docker,1633413880000,1633413820000,60ddc7da72033d00111f4be1,docker#network#in#bytes-no_subject,0.7092943139364148,1633414060000
nginxzero-gachis-service-master,docker,1633416070000,1633415770000,60ddc7da72033d00111f4be1,docker#network#out#bytes-no_subject,0.8222673283342034,1633416250000
pythondonation-rabbit-master,docker,1633416710000,1633416110000,60ddc7da72033d00111f4be1,docker#network#out#bytes-no_subject,0.716206590700339,1633416890000
pythondonation-rabbit-master,docker,1633416710000,1633416110000,60ddc7da72033d00111f4be1,docker#network#in#bytes-no_subject,0.7226313945763825,1633416890000
pythondonation-rabbit-master,docker,1633416710000,1633416110000,60ddc7da72033d00111f4be1,docker#network#out#packets-no_subject,0.7177991690409526,1633416890000
pythondonation-rabbit-master,docker,1633416710000,1633416110000,60ddc7da72033d00111f4be1,docker#network#in#packets-no_subject,0.7171032398140893,1633416890000
packetaipacket-ai-agent-service-master,docker,1633417120000,1633416940000,60ddc7da72033d00111f4be1,docker#network#out#packets-no_subject,0.8068130790236165,1633417300000
packetaipacket-ai-agent-service-master,docker,1633417120000,1633416760000,60ddc7da72033d00111f4be1,docker#network#in#packets-no_subject,0.7996214362756205,1633417300000
packetaipacket-ai-agent-service-master,docker,1633417120000,1633416940000,60ddc7da72033d00111f4be1,docker#network#out#bytes-no_subject,0.8233160555054838,1633417300000
pythonexternal-is-rabbit-master,docker,1633416530000,1633416230000,60ddc7da72033d00111f4be1,docker#memory#usage#total-no_subject,0.895,1633417130000
pythonauth-service-master,docker,1633417860000,1633417440000,60ddc7da72033d00111f4be1,docker#network#in#bytes-no_subject,0.705566596239764,1633418040000
pythonauth-service-master,docker,1633417860000,1633417440000,60ddc7da72033d00111f4be1,docker#network#in#packets-no_subject,0.7060560210598826,1633418040000
pythonauth-service-master,docker,1633417860000,1633417440000,60ddc7da72033d00111f4be1,docker#network#out#bytes-no_subject,0.7046340354599322,1633418040000
pythonauth-service-master,docker,1633417860000,1633417440000,60ddc7da72033d00111f4be1,docker#network#out#packets-no_subject,0.7086794015838382,1633418040000
nginxapi-gateway-service-master,docker,1633417870000,1633417450000,60ddc7da72033d00111f4be1,docker#network#out#bytes-no_subject,0.8828878331052962,1633418050000
pythonexternal-is-service-develop,docker,1633418770000,1633418410000,60ddc7da72033d00111f4be1,docker#network#out#packets-no_subject,0.7022281147365527,1633418950000
pythonsales-service-master,docker,1633423090000,1633422970000,60ddc7da72033d00111f4be1,docker#network#out#bytes-no_subject,0.7730996388357765,1633423270000
traefiktraefik-master,docker,1633423620000,1633423320000,60ddc7da72033d00111f4be1,docker#network#out#bytes-no_subject,0.9104131054131055,1633423800000
pythonexternal-is-service-master,docker,1633423430000,1633423310000,60ddc7da72033d00111f4be1,docker#network#in#bytes-no_subject,0.8007231302625062,1633423730000
pythonexternal-is-service-master,docker,1633423670000,1633423310000,60ddc7da72033d00111f4be1,docker#network#out#packets-no_subject,0.9439731108020398,1633423850000
pythonexternal-is-service-master,docker,1633423670000,1633423310000,60ddc7da72033d00111f4be1,docker#network#in#packets-no_subject,0.9456709956709957,1633423850000
pythonexternal-is-service-master,docker,1633423730000,1633423310000,60ddc7da72033d00111f4be1,docker#network#out#bytes-no_subject,0.9594516594516594,1633423910000
pythondonation-service-develop,docker,1633424290000,1633424230000,60ddc7da72033d00111f4be1,docker#network#out#bytes-no_subject,0.7192969396195202,1633424470000
pythondonation-service-develop,docker,1633424290000,1633424230000,60ddc7da72033d00111f4be1,docker#network#out#packets-no_subject,0.7213075965130761,1633424470000
javakeycloak-service-master,docker,1633424520000,1633424460000,60ddc7da72033d00111f4be1,docker#network#out#packets-no_subject,0.7030224904004388,1633424700000
traefiktraefik-master,docker,1633430280000,1633430160000,60ddc7da72033d00111f4be1,docker#memory#rss#total-no_subject,0.71,1633430460000
pythondonation-service-master,docker,1633430960000,1633430660000,60ddc7da72033d00111f4be1,docker#memory#rss#total-no_subject,0.7830350414465942,1633431140000
pythondonation-service-master,docker,1633430960000,1633430660000,60ddc7da72033d00111f4be1,docker#memory#usage#total-no_subject,0.739594192787671,1633431140000
pythonsales-service-master,docker,1633431550000,1633431130000,60ddc7da72033d00111f4be1,docker#network#in#packets-no_subject,0.7557244918759828,1633432210000
pythonsales-service-master,docker,1633431550000,1633431130000,60ddc7da72033d00111f4be1,docker#network#out#packets-no_subject,0.7759465592035756,1633432210000
pythonsales-service-master,docker,1633431550000,1633431130000,60ddc7da72033d00111f4be1,docker#network#in#bytes-no_subject,0.7147325686848065,1633432210000
sync-service-develop,docker,1633433710000,1633433470000,60ddc7da72033d00111f4be1,docker#network#out#packets-no_subject,0.7520121221682214,1633433890000
sync-service-develop,docker,1633433710000,1633433470000,60ddc7da72033d00111f4be1,docker#network#out#bytes-no_subject,0.7502219826418585,1633433890000
pythonpipedrive-service-develop,docker,1633435810000,1633435690000,60ddc7da72033d00111f4be1,docker#memory#rss#total-no_subject,0.710819987554883,1633435990000
pythonhelpdesk-rabbit-master,docker,1633439830000,1633439590000,60ddc7da72033d00111f4be1,docker#memory#rss#total-no_subject,0.8400000000000001,1633440010000
linux61519a10775ac7001184c287,linux61519a10775ac7001184c287,1633439820000,1633439580000,60ddc7da72033d00111f4be1,system#diskio#iostat#write#per_sec#bytes-nvme0n1p1,0.8400000000000001,1633440000000
linux61519a10775ac7001184c287,linux61519a10775ac7001184c287,1633439820000,1633439580000,60ddc7da72033d00111f4be1,system#diskio#iostat#write#per_sec#bytes-nvme0n1,0.8400000000000001,1633440000000
pythonpipedrive-service-master,docker,1633440390000,1633440330000,60ddc7da72033d00111f4be1,docker#network#out#bytes-no_subject,0.7269314641744549,1633440630000
traefiktraefik-master,docker,1633440480000,1633439940000,60ddc7da72033d00111f4be1,docker#cpu#user#pct-no_subject,0.7296294251722597,1633440660000
sdet-celery-master,docker,1633440410000,1633440290000,60ddc7da72033d00111f4be1,docker#network#out#packets-no_subject,0.7047667397172641,1633440590000
sdet-celery-master,docker,1633440350000,1633439990000,60ddc7da72033d00111f4be1,docker#network#in#bytes-no_subject,0.7821785306261764,1633440590000
dead-letter-cron-master,docker,1633440290000,1633439990000,60ddc7da72033d00111f4be1,docker#memory#rss#total-no_subject,0.895,1633440530000
dead-letter-cron-master,docker,1633440290000,1633439990000,60ddc7da72033d00111f4be1,docker#memory#usage#total-no_subject,0.8778338934645237,1633440530000
pythondead-letter-rabbit-master,docker,1633440170000,1633439990000,60ddc7da72033d00111f4be1,docker#memory#rss#total-no_subject,0.7849999999999999,1633440530000
pythondead-letter-rabbit-master,docker,1633440530000,1633440170000,60ddc7da72033d00111f4be1,docker#memory#usage#pct-no_subject,0.7393183464575657,1633440710000
linux61519a10775ac7001184c287,linux61519a10775ac7001184c287,1633440300000,1633440060000,60ddc7da72033d00111f4be1,system#diskio#iostat#write#per_sec#bytes-nvme0n1p1,0.8400000000000001,1633440480000
linux61519a10775ac7001184c287,linux61519a10775ac7001184c287,1633440300000,1633440060000,60ddc7da72033d00111f4be1,system#diskio#iostat#write#per_sec#bytes-nvme0n1,0.8400000000000001,1633440480000
pythondead-letter-service-master,docker,1633440650000,1633440410000,60ddc7da72033d00111f4be1,docker#memory#rss#pct-no_subject,0.7414489737953852,1633440830000
pythondead-letter-service-master,docker,1633440770000,1633440410000,60ddc7da72033d00111f4be1,docker#memory#usage#pct-no_subject,0.7294247626604391,1633440950000
pythonstock-service-master,docker,1633440570000,1633440510000,60ddc7da72033d00111f4be1,docker#network#out#bytes-no_subject,0.7142099567099566,1633440870000
pythonstock-service-master,docker,1633440870000,1633440570000,60ddc7da72033d00111f4be1,docker#network#out#packets-no_subject,0.9033984799131379,1633441050000
pythonstock-service-master,docker,1633440870000,1633440570000,60ddc7da72033d00111f4be1,docker#network#in#bytes-no_subject,0.8956499038197308,1633441050000
pythonstock-service-master,docker,1633440870000,1633440570000,60ddc7da72033d00111f4be1,docker#network#in#packets-no_subject,0.8054413677835837,1633441050000
pythonexternal-is-rabbit-master,docker,1633440890000,1633440230000,60ddc7da72033d00111f4be1,docker#memory#usage#total-no_subject,0.995,1633441070000
pythonpipedrive-service-master,docker,1633440750000,1633440330000,60ddc7da72033d00111f4be1,docker#network#out#packets-no_subject,0.9262749898000816,1633440930000
pythonpipedrive-service-master,docker,1633440750000,1633440330000,60ddc7da72033d00111f4be1,docker#network#in#packets-no_subject,0.9356209150326796,1633440930000
pythonpipedrive-service-master,docker,1633440750000,1633440330000,60ddc7da72033d00111f4be1,docker#network#in#bytes-no_subject,0.9401792991035046,1633440930000
external-is-cron-master,docker,1633440410000,1633440230000,60ddc7da72033d00111f4be1,docker#memory#rss#total-no_subject,0.7849999999999999,1633440890000
external-is-cron-master,docker,1633440410000,1633440230000,60ddc7da72033d00111f4be1,docker#memory#usage#total-no_subject,0.7339209693747296,1633440890000
external-is-cron-master,docker,1633440890000,1633440350000,60ddc7da72033d00111f4be1,docker#network#out#bytes-no_subject,0.7143522102453069,1633441070000
external-is-cron-master,docker,1633440890000,1633440350000,60ddc7da72033d00111f4be1,docker#network#out#packets-no_subject,0.7022285379721261,1633441070000
donation-cron-master,docker,1633441110000,1633440810000,60ddc7da72033d00111f4be1,docker#memory#rss#total-no_subject,0.895,1633441350000
donation-cron-master,docker,1633440990000,1633440810000,60ddc7da72033d00111f4be1,docker#memory#usage#total-no_subject,0.7849999999999999,1633441350000
donation-cron-master,docker,1633441110000,1633440870000,60ddc7da72033d00111f4be1,docker#network#out#bytes-no_subject,0.841851274050962,1633441350000
donation-cron-master,docker,1633441230000,1633441050000,60ddc7da72033d00111f4be1,docker#network#in#bytes-no_subject,0.7470840232927549,1633441410000
donation-cron-master,docker,1633441350000,1633440930000,60ddc7da72033d00111f4be1,docker#network#out#packets-no_subject,0.8793765978174224,1633441530000
donation-cron-master,docker,1633441350000,1633440930000,60ddc7da72033d00111f4be1,docker#network#in#packets-no_subject,0.8696214763324411,1633441530000
pythondonation-rabbit-master,docker,1633440890000,1633440710000,60ddc7da72033d00111f4be1,docker#memory#usage#total-no_subject,0.7849999999999999,1633442090000
pythondonation-rabbit-master,docker,1633441550000,1633440770000,60ddc7da72033d00111f4be1,docker#network#out#packets-no_subject,0.8213963150586833,1633442090000
pythondonation-rabbit-master,docker,1633441550000,1633440770000,60ddc7da72033d00111f4be1,docker#network#in#packets-no_subject,0.8180110976011356,1633442090000
pythondonation-rabbit-master,docker,1633440830000,1633440710000,60ddc7da72033d00111f4be1,docker#memory#rss#total-no_subject,0.71,1633442090000
external-is-cron-master,docker,1633441670000,1633441130000,60ddc7da72033d00111f4be1,docker#network#in#packets-no_subject,0.8239191579995585,1633441850000
dockerde02adac4f0196da,linux61519a10775ac7001184c287,1633440450000,1633439490000,60ddc7da72033d00111f4be1,docker#diskio#summary#rate-no_subject,0.8153622285420519,1633442430000
dockerde02adac4f0196da,linux61519a10775ac7001184c287,1633440870000,1633439610000,60ddc7da72033d00111f4be1,docker#info#containers#running-no_subject,1,1633442430000
traefiktraefik-master,docker,1633442400000,1633442160000,60ddc7da72033d00111f4be1,docker#network#out#bytes-no_subject,0.7804955953570891,1633442580000
pythonexternal-is-service-master,docker,1633442450000,1633442330000,60ddc7da72033d00111f4be1,docker#network#out#bytes-no_subject,0.7120008191359978,1633442630000
external-is-cron-master,docker,1633442810000,1633442030000,60ddc7da72033d00111f4be1,docker#network#in#packets-no_subject,0.7026203434625683,1633443050000
dockerde02adac4f0196da,linux61519a10775ac7001184c287,1633442550000,1633442370000,60ddc7da72033d00111f4be1,docker#memory#rss#pct-no_subject,0.7849999999999999,1633442790000
dockerde02adac4f0196da,linux61519a10775ac7001184c287,1633442790000,1633439550000,60ddc7da72033d00111f4be1,docker#diskio#summary#ops-no_subject,0.7966202118210653,1633442970000
pythondead-letter-service-master,docker,1633442990000,1633442930000,60ddc7da72033d00111f4be1,docker#network#in#packets-no_subject,0.7293484942358731,1633443170000
pythondead-letter-service-master,docker,1633442990000,1633442930000,60ddc7da72033d00111f4be1,docker#network#out#bytes-no_subject,0.7197176722626093,1633443170000
pythondead-letter-service-master,docker,1633442990000,1633442930000,60ddc7da72033d00111f4be1,docker#network#in#bytes-no_subject,0.7366666666666667,1633443170000
nginxapi-gateway-service-develop,docker,1633442620000,1633442440000,60ddc7da72033d00111f4be1,docker#memory#rss#total-no_subject,0.7849999999999999,1633443580000
pythondead-letter-service-master,docker,1633443650000,1633443590000,60ddc7da72033d00111f4be1,docker#memory#usage#total-no_subject,0.7016254307878631,1633443830000
nginxapi-gateway-service-develop,docker,1633443820000,1633442440000,60ddc7da72033d00111f4be1,docker#network#out#bytes-no_subject,0.859574578144771,1633444000000
nginxapi-gateway-service-develop,docker,1633443820000,1633442440000,60ddc7da72033d00111f4be1,docker#network#in#packets-no_subject,0.8649141977101714,1633444000000
nginxapi-gateway-service-develop,docker,1633443820000,1633442440000,60ddc7da72033d00111f4be1,docker#network#out#packets-no_subject,0.8558210527016743,1633444000000
nginxapi-gateway-service-develop,docker,1633443820000,1633442440000,60ddc7da72033d00111f4be1,docker#network#in#bytes-no_subject,0.8572844814630981,1633444000000
pythonpipedrive-rabbit-master,docker,1633440430000,1633440310000,60ddc7da72033d00111f4be1,docker#memory#usage#total-no_subject,0.71,1633446310000
pythonpipedrive-rabbit-master,docker,1633440430000,1633440310000,60ddc7da72033d00111f4be1,docker#memory#rss#total-no_subject,0.71,1633446310000
nginxapi-gateway-service-master,docker,1633447210000,1633446550000,60ddc7da72033d00111f4be1,docker#memory#rss#pct-no_subject,0.765003485417617,1633447390000
packetaipacket-ai-agent-service-master,docker,1633448560000,1633448500000,60ddc7da72033d00111f4be1,docker#network#in#bytes-no_subject,0.7273887320155977,1633448740000
nodeheadless-browser-service-master,docker,1633448880000,1633448820000,60ddc7da72033d00111f4be1,docker#network#in#packets-no_subject,0.7016107659193406,1633449060000
dotnet-template-service-master,docker,1633448900000,1633448420000,60ddc7da72033d00111f4be1,docker#network#in#packets-no_subject,0.9481964032140763,1633449080000
pythonhelpdesk-rabbit-develop,docker,1633448260000,1633448140000,60ddc7da72033d00111f4be1,docker#network#out#bytes-no_subject,0.789452269170579,1633448860000
pythonhelpdesk-rabbit-develop,docker,1633448260000,1633448140000,60ddc7da72033d00111f4be1,docker#network#out#packets-no_subject,0.7401157401445034,1633448860000
dockerde02adac4f0196da,linux61519a10775ac7001184c287,1633448980000,1633448080000,60ddc7da72033d00111f4be1,docker#memory#rss#pct-no_subject,1,1633450000000
dockerde02adac4f0196da,linux61519a10775ac7001184c287,1633448800000,1633448380000,60ddc7da72033d00111f4be1,docker#info#containers#running-no_subject,0.95,1633450000000
pythonauth-service-master,docker,1633452720000,1633452600000,60ddc7da72033d00111f4be1,docker#network#in#bytes-no_subject,0.7477471616367138,1633453380000
pythonauth-service-master,docker,1633452720000,1633452600000,60ddc7da72033d00111f4be1,docker#network#in#packets-no_subject,0.7276945063832087,1633453380000
dead-letter-celery-develop,docker,1633454540000,1633454000000,60ddc7da72033d00111f4be1,docker#network#in#bytes-no_subject,0.7176041315908023,1633454720000
traefiktraefik-develop,docker,1633455530000,1633455470000,60ddc7da72033d00111f4be1,docker#cpu#kernel#pct-no_subject,0.72625,1633455710000
pythonstock-service-master,docker,1633457730000,1633456890000,60ddc7da72033d00111f4be1,docker#network#in#bytes-no_subject,0.7098737469592938,1633457910000
sync-service-develop,docker,1633457570000,1633456910000,60ddc7da72033d00111f4be1,docker#cpu#kernel#pct-no_subject,0.7078220987865199,1633457750000
pythonstock-service-master,docker,1633458570000,1633458450000,60ddc7da72033d00111f4be1,docker#memory#usage#total-no_subject,0.768128687090642,1633458750000
pythondead-letter-rabbit-master,docker,1633461650000,1633461230000,60ddc7da72033d00111f4be1,docker#cpu#system#pct-no_subject,0.8540353255935947,1633461830000
pythondead-letter-rabbit-master,docker,1633462670000,1633462370000,60ddc7da72033d00111f4be1,docker#cpu#system#pct-no_subject,0.7396817269758507,1633462850000
pythondead-letter-rabbit-master,docker,1633466090000,1633465850000,60ddc7da72033d00111f4be1,docker#cpu#system#pct-no_subject,0.7030021000090699,1633466270000
dotnet-template-service-master,docker,1633469240000,1633469180000,60ddc7da72033d00111f4be1,docker#network#out#packets-no_subject,0.7079834854411126,1633469420000
packetaipacket-ai-agent-service-master,docker,1633471720000,1633471540000,60ddc7da72033d00111f4be1,docker#network#out#bytes-no_subject,0.8201166696600369,1633471900000
pythondead-letter-rabbit-master,docker,1633471910000,1633471490000,60ddc7da72033d00111f4be1,docker#cpu#system#pct-no_subject,0.7086275493025734,1633472090000
packetaipacket-ai-agent-service-master,docker,1633477620000,1633477080000,60ddc7da72033d00111f4be1,docker#memory#rss#pct-no_subject,0.7160829416251212,1633477800000
donation-cron-master,docker,1633478630000,1633478450000,60ddc7da72033d00111f4be1,docker#network#in#bytes-no_subject,0.7358933669068252,1633478810000
donation-cron-master,docker,1633478630000,1633478450000,60ddc7da72033d00111f4be1,docker#memory#usage#total-no_subject,0.7849999999999999,1633478810000
pythonpipedrive-rabbit-master,docker,1633479230000,1633478090000,60ddc7da72033d00111f4be1,docker#network#out#packets-no_subject,0.7431162941367022,1633479770000
pythondead-letter-rabbit-master,docker,1633486110000,1633485690000,60ddc7da72033d00111f4be1,docker#cpu#system#pct-no_subject,0.7415669874388587,1633486290000
pythonexternal-is-service-master,docker,1633487170000,1633487050000,60ddc7da72033d00111f4be1,docker#memory#rss#total-no_subject,0.7874358974358975,1633487350000
pythonexternal-is-service-master,docker,1633487170000,1633487050000,60ddc7da72033d00111f4be1,docker#memory#usage#total-no_subject,0.7983333333333333,1633487350000
pythonzero-gachis-rabbit-master,docker,1633488740000,1633488440000,60ddc7da72033d00111f4be1,docker#network#in#bytes-no_subject,0.8535652985592505,1633488920000
pythonzero-gachis-rabbit-master,docker,1633488740000,1633488440000,60ddc7da72033d00111f4be1,docker#network#out#packets-no_subject,0.841911033651631,1633488920000
pythonzero-gachis-rabbit-master,docker,1633488740000,1633488440000,60ddc7da72033d00111f4be1,docker#network#in#packets-no_subject,0.8436763124652787,1633488920000
pythonexternal-is-rabbit-master,docker,1633488990000,1633488390000,60ddc7da72033d00111f4be1,docker#memory#usage#total-no_subject,0.7009881922456582,1633489170000
pythonexternal-is-rabbit-master,docker,1633489050000,1633488390000,60ddc7da72033d00111f4be1,docker#network#in#bytes-no_subject,0.7142545464960096,1633489230000
pythonexternal-is-rabbit-master,docker,1633489050000,1633488390000,60ddc7da72033d00111f4be1,docker#network#in#packets-no_subject,0.7246390643473286,1633489230000
pythonexternal-is-rabbit-master,docker,1633489050000,1633488390000,60ddc7da72033d00111f4be1,docker#network#out#packets-no_subject,0.723257425720865,1633489230000
pythonexternal-is-rabbit-master,docker,1633489950000,1633489350000,60ddc7da72033d00111f4be1,docker#network#in#bytes-no_subject,0.762521025167457,1633490130000
pythonzero-gachis-rabbit-master,docker,1633490540000,1633489940000,60ddc7da72033d00111f4be1,docker#network#in#bytes-no_subject,0.7029801163274426,1633490720000
pythondead-letter-rabbit-master,docker,1633491110000,1633490510000,60ddc7da72033d00111f4be1,docker#cpu#system#pct-no_subject,0.7051287409549588,1633491290000
sdet-cron-master,docker,1633493040000,1633492860000,60ddc7da72033d00111f4be1,docker#memory#usage#total-no_subject,0.7849999999999999,1633493220000
pythonpipedrive-service-master,docker,1633493490000,1633493170000,60ddc7da72033d00111f4be1,docker#cpu#system#pct-no_subject,0.7634602068757582,1633493670000
dockerde02adac4f0196da,linux61519a10775ac7001184c287,1633493740000,1633492780000,60ddc7da72033d00111f4be1,docker#diskio#summary#ops-no_subject,0.7536994713478848,1633493920000
pythondead-letter-rabbit-master,docker,1633494050000,1633493750000,60ddc7da72033d00111f4be1,docker#cpu#system#pct-no_subject,0.7123337847188883,1633494230000
traefiktraefik-master,docker,1633498640000,1633497860000,60ddc7da72033d00111f4be1,docker#network#out#bytes-no_subject,0.8526101191866419,1633498880000
packetaipacket-ai-agent-service-master,docker,1633498720000,1633498420000,60ddc7da72033d00111f4be1,docker#network#in#bytes-no_subject,0.7070161290322581,1633498900000
zero-gachis-celery-master,docker,1633505750000,1633505330000,60ddc7da72033d00111f4be1,docker#network#in#bytes-no_subject,0.8078255642517789,1633506710000
zero-gachis-celery-master,docker,1633505750000,1633505330000,60ddc7da72033d00111f4be1,docker#network#in#packets-no_subject,0.8006843103988808,1633506710000
zero-gachis-celery-master,docker,1633505870000,1633505330000,60ddc7da72033d00111f4be1,docker#memory#usage#total-no_subject,0.7442546831482876,1633506710000
zero-gachis-celery-master,docker,1633505750000,1633505330000,60ddc7da72033d00111f4be1,docker#network#out#packets-no_subject,0.8044403573545297,1633506710000
zero-gachis-celery-master,docker,1633506710000,1633505330000,60ddc7da72033d00111f4be1,docker#network#out#bytes-no_subject,0.7541144345168106,1633506890000
donation-cron-master,docker,1633508490000,1633508430000,60ddc7da72033d00111f4be1,docker#network#out#bytes-no_subject,0.7340706126687436,1633509330000
pythonexternal-is-rabbit-master,docker,1633509530000,1633509290000,60ddc7da72033d00111f4be1,docker#network#out#bytes-no_subject,0.7159705063734657,1633509710000
donation-cron-master,docker,1633509330000,1633508430000,60ddc7da72033d00111f4be1,docker#memory#rss#pct-no_subject,1,1633509510000
nginxzero-gachis-api-master,docker,1633515050000,1633514810000,60ddc7da72033d00111f4be1,docker#network#in#bytes-no_subject,0.7004419488378538,1633515230000
pythonhelpdesk-rabbit-master,docker,1633517100000,1633516320000,60ddc7da72033d00111f4be1,docker#network#in#bytes-no_subject,0.7229482072392225,1633517280000
pythonhelpdesk-rabbit-master,docker,1633517100000,1633516320000,60ddc7da72033d00111f4be1,docker#network#out#packets-no_subject,0.7837211759683167,1633517280000
pythonhelpdesk-rabbit-master,docker,1633517100000,1633516320000,60ddc7da72033d00111f4be1,docker#network#in#packets-no_subject,0.7021353189262337,1633517280000
pythonpipedrive-service-master,docker,1633519320000,1633518960000,60ddc7da72033d00111f4be1,docker#network#in#packets-no_subject,0.9351988756005346,1633519620000
pythondead-letter-rabbit-master,docker,1633519260000,1633518960000,60ddc7da72033d00111f4be1,docker#cpu#system#pct-no_subject,0.7399125657320047,1633519440000
pythondonation-service-master,docker,1633525730000,1633525370000,60ddc7da72033d00111f4be1,docker#network#in#packets-no_subject,0.7160000598306095,1633525910000
pythondonation-service-master,docker,1633525730000,1633525370000,60ddc7da72033d00111f4be1,docker#network#in#bytes-no_subject,0.7129789179945151,1633525910000
pythondonation-service-master,docker,1633525730000,1633525370000,60ddc7da72033d00111f4be1,docker#network#out#packets-no_subject,0.7120778204456909,1633525910000
traefiktraefik-master,docker,1633526150000,1633525850000,60ddc7da72033d00111f4be1,docker#network#in#bytes-no_subject,0.7474870912377144,1633526330000
pythondonation-service-master,docker,1633526690000,1633526150000,60ddc7da72033d00111f4be1,docker#network#in#bytes-no_subject,0.7482410197399609,1633526870000
pythondonation-service-master,docker,1633526690000,1633526150000,60ddc7da72033d00111f4be1,docker#network#out#bytes-no_subject,0.7208004475898652,1633526870000
pythondonation-service-master,docker,1633526690000,1633526150000,60ddc7da72033d00111f4be1,docker#network#in#packets-no_subject,0.7442248740805385,1633526870000
pythondonation-service-master,docker,1633526690000,1633526150000,60ddc7da72033d00111f4be1,docker#network#out#packets-no_subject,0.7452111754330155,1633526870000
sdet-celery-master,docker,1633527640000,1633526920000,60ddc7da72033d00111f4be1,docker#network#in#packets-no_subject,0.7697015845196532,1633527820000
sdet-celery-master,docker,1633527700000,1633527160000,60ddc7da72033d00111f4be1,docker#network#in#bytes-no_subject,0.7752404158757757,1633527880000
sdet-celery-master,docker,1633527700000,1633526920000,60ddc7da72033d00111f4be1,docker#network#out#packets-no_subject,0.8100652074617564,1633527880000
dead-letter-celery-master,docker,1633527630000,1633527090000,60ddc7da72033d00111f4be1,docker#network#in#packets-no_subject,0.8121062348301988,1633527810000
nodeheadless-browser-service-master,docker,1633528010000,1633526090000,60ddc7da72033d00111f4be1,docker#network#in#packets-no_subject,0.770110597989464,1633528190000
nodeheadless-browser-service-master,docker,1633528010000,1633526090000,60ddc7da72033d00111f4be1,docker#network#in#bytes-no_subject,0.7492063722104393,1633528190000
nodeheadless-browser-service-master,docker,1633528010000,1633526090000,60ddc7da72033d00111f4be1,docker#network#out#bytes-no_subject,0.7891451804782168,1633528190000
nodeheadless-browser-service-master,docker,1633528010000,1633526090000,60ddc7da72033d00111f4be1,docker#network#out#packets-no_subject,0.7930112417284874,1633528190000
nodeheadless-browser-service-master,docker,1633528070000,1633526450000,60ddc7da72033d00111f4be1,docker#memory#rss#total-no_subject,0.7199131591545372,1633528250000
pythonexternal-is-service-master,docker,1633528660000,1633528540000,60ddc7da72033d00111f4be1,docker#network#in#packets-no_subject,0.7110696125140074,1633528840000
packetaipacket-ai-agent-service-master,docker,1633529330000,1633529090000,60ddc7da72033d00111f4be1,docker#network#out#packets-no_subject,0.7075374443575645,1633529510000
packetaipacket-ai-agent-service-master,docker,1633530170000,1633529870000,60ddc7da72033d00111f4be1,docker#network#in#bytes-no_subject,0.7510575474892724,1633530350000
pythonauth-service-master,docker,1633530110000,1633529990000,60ddc7da72033d00111f4be1,docker#memory#rss#total-no_subject,0.7247026024865976,1633530290000
pythonhelpdesk-rabbit-master,docker,1633530720000,1633530420000,60ddc7da72033d00111f4be1,docker#network#in#packets-no_subject,0.7223197997158843,1633530900000
pythondead-letter-rabbit-master,docker,1633530780000,1633530420000,60ddc7da72033d00111f4be1,docker#network#in#packets-no_subject,0.768151566903287,1633531020000
nodeheadless-browser-service-master,docker,1633532930000,1633532870000,60ddc7da72033d00111f4be1,docker#memory#usage#total-no_subject,0.7008649861879439,1633533110000
packetaipacket-ai-agent-service-master,docker,1633537130000,1633537070000,60ddc7da72033d00111f4be1,docker#network#in#bytes-no_subject,0.7298856535035235,1633537310000
pythonsdet-service-master,docker,1633542110000,1633541990000,60ddc7da72033d00111f4be1,docker#memory#usage#total-no_subject,0.7491543261797076,1633542290000
packetaipacket-ai-agent-service-master,docker,1633543730000,1633543490000,60ddc7da72033d00111f4be1,docker#network#out#bytes-no_subject,0.7000582117844364,1633543910000
donation-celery-master,docker,1633543440000,1633543260000,60ddc7da72033d00111f4be1,docker#network#out#bytes-no_subject,0.7430100986913074,1633543980000
dotnet-template-service-master,docker,1633546250000,1633546010000,60ddc7da72033d00111f4be1,docker#cpu#system#pct-no_subject,0.7244987652472593,1633546430000
packetaipacket-ai-agent-service-master,docker,1633558250000,1633558010000,60ddc7da72033d00111f4be1,docker#network#out#bytes-no_subject,0.7264491034073011,1633558430000
packetaipacket-ai-agent-service-master,docker,1633558250000,1633557890000,60ddc7da72033d00111f4be1,docker#network#out#packets-no_subject,0.7785853333396449,1633558430000
packetaipacket-ai-agent-service-master,docker,1633558250000,1633558010000,60ddc7da72033d00111f4be1,docker#network#in#packets-no_subject,0.7446962336511748,1633558430000
pythonpipedrive-rabbit-master,docker,1633559100000,1633559040000,60ddc7da72033d00111f4be1,docker#cpu#user#pct-no_subject,0.7169298245614035,1633559280000
pythondead-letter-rabbit-master,docker,1633567380000,1633567260000,60ddc7da72033d00111f4be1,docker#network#in#packets-no_subject,0.7067269069491354,1633567920000
pythondead-letter-rabbit-master,docker,1633567380000,1633567260000,60ddc7da72033d00111f4be1,docker#network#in#bytes-no_subject,0.7134310265018021,1633567920000
pythondead-letter-rabbit-master,docker,1633567380000,1633567260000,60ddc7da72033d00111f4be1,docker#network#out#bytes-no_subject,0.7236106192935087,1633567920000
packetaipacket-ai-agent-service-master,docker,1633583330000,1633583270000,60ddc7da72033d00111f4be1,docker#network#in#bytes-no_subject,0.7360023913909924,1633583510000
pythondonation-service-master,docker,1633583630000,1633583330000,60ddc7da72033d00111f4be1,docker#network#in#packets-no_subject,0.8136431102939072,1633583810000
pythondonation-service-master,docker,1633583630000,1633583330000,60ddc7da72033d00111f4be1,docker#network#in#bytes-no_subject,0.8120760100513834,1633583810000
pythondonation-service-master,docker,1633583630000,1633583330000,60ddc7da72033d00111f4be1,docker#network#out#packets-no_subject,0.8082359920482619,1633583810000
pythondonation-service-master,docker,1633583630000,1633583330000,60ddc7da72033d00111f4be1,docker#network#out#bytes-no_subject,0.7809891097388825,1633583810000
pythonhelpdesk-service-master,docker,1633585400000,1633585340000,60ddc7da72033d00111f4be1,docker#network#out#packets-no_subject,0.7203611971104231,1633585580000
pythondonation-service-master,docker,1633585430000,1633584890000,60ddc7da72033d00111f4be1,docker#network#in#packets-no_subject,0.7453458246051549,1633585610000
pythondonation-service-master,docker,1633585430000,1633584890000,60ddc7da72033d00111f4be1,docker#network#out#packets-no_subject,0.7426110918371278,1633585610000
pythonauth-service-master,docker,1633586510000,1633586450000,60ddc7da72033d00111f4be1,docker#network#in#packets-no_subject,0.7360493827160495,1633586690000
pythonauth-service-master,docker,1633586510000,1633586450000,60ddc7da72033d00111f4be1,docker#network#out#packets-no_subject,0.7360567246111619,1633586690000
pythonzero-gachis-rabbit-master,docker,1633590570000,1633590330000,60ddc7da72033d00111f4be1,docker#memory#rss#total-no_subject,0.7425778735832625,1633590750000
nodeheadless-browser-service-master,docker,1633590770000,1633590710000,60ddc7da72033d00111f4be1,docker#network#out#packets-no_subject,0.7134577867473931,1633590950000
nodeheadless-browser-service-master,docker,1633590830000,1633590710000,60ddc7da72033d00111f4be1,docker#memory#usage#total-no_subject,0.8066666666666666,1633591010000
nodeheadless-browser-service-master,docker,1633590830000,1633590710000,60ddc7da72033d00111f4be1,docker#memory#rss#total-no_subject,0.7971611071316493,1633591010000
nodeheadless-browser-service-master,docker,1633590830000,1633590770000,60ddc7da72033d00111f4be1,docker#network#out#bytes-no_subject,0.7154483230663929,1633591010000
zero-gachis-celery-master,docker,1633592060000,1633591700000,60ddc7da72033d00111f4be1,docker#network#out#bytes-no_subject,0.8095684969379023,1633592300000
zero-gachis-celery-master,docker,1633592060000,1633591460000,60ddc7da72033d00111f4be1,docker#network#in#bytes-no_subject,0.8644015913545683,1633592300000
zero-gachis-celery-master,docker,1633592300000,1633591460000,60ddc7da72033d00111f4be1,docker#network#in#packets-no_subject,0.7894169380494193,1633592480000
zero-gachis-celery-master,docker,1633592300000,1633591460000,60ddc7da72033d00111f4be1,docker#network#out#packets-no_subject,0.7932568588575992,1633592480000
zero-gachis-cron-master,docker,1633594220000,1633593320000,60ddc7da72033d00111f4be1,docker#memory#rss#total-no_subject,0.7794549862383086,1633594400000
zero-gachis-cron-master,docker,1633594220000,1633593320000,60ddc7da72033d00111f4be1,docker#memory#usage#total-no_subject,0.7960290967802268,1633594400000
zero-gachis-cron-master,docker,1633594220000,1633593500000,60ddc7da72033d00111f4be1,docker#memory#usage#pct-no_subject,0.7164457362264178,1633594400000
zero-gachis-cron-master,docker,1633594940000,1633594520000,60ddc7da72033d00111f4be1,docker#memory#usage#pct-no_subject,0.7824510551483596,1633595120000
zero-gachis-cron-master,docker,1633594940000,1633593500000,60ddc7da72033d00111f4be1,docker#memory#rss#pct-no_subject,0.7047140507199224,1633595120000
dockerde02adac4f0196da,linux61519a10775ac7001184c287,1633594840000,1633594780000,60ddc7da72033d00111f4be1,docker#memory#usage#total-no_subject,0.7171387752232876,1633595020000
javakeycloak-service-master,docker,1633596050000,1633595810000,60ddc7da72033d00111f4be1,docker#network#in#packets-no_subject,0.7103067020306392,1633596710000
javakeycloak-service-master,docker,1633596110000,1633595810000,60ddc7da72033d00111f4be1,docker#memory#rss#total-no_subject,0.895,1633596710000
javakeycloak-service-master,docker,1633596050000,1633595810000,60ddc7da72033d00111f4be1,docker#network#out#packets-no_subject,0.7282997313552143,1633596710000
javakeycloak-service-master,docker,1633596050000,1633595810000,60ddc7da72033d00111f4be1,docker#network#in#bytes-no_subject,0.7134768820804758,1633596710000
traefiktraefik-master,docker,1633598090000,1633598030000,60ddc7da72033d00111f4be1,docker#network#out#bytes-no_subject,0.7140679447033591,1633598270000
pythondead-letter-service-master,docker,1633598720000,1633598480000,60ddc7da72033d00111f4be1,docker#memory#usage#total-no_subject,0.8177319587628866,1633598900000
pythondead-letter-service-master,docker,1633598720000,1633598480000,60ddc7da72033d00111f4be1,docker#memory#rss#total-no_subject,0.7842424242424242,1633598900000
pythonexternal-is-service-master,docker,1633602160000,1633602040000,60ddc7da72033d00111f4be1,docker#network#out#packets-no_subject,0.7947303271441202,1633602340000
pythonexternal-is-service-master,docker,1633602220000,1633602040000,60ddc7da72033d00111f4be1,docker#network#in#packets-no_subject,0.8473556797020484,1633602400000
pythonexternal-is-service-master,docker,1633602220000,1633602040000,60ddc7da72033d00111f4be1,docker#network#out#bytes-no_subject,0.8493305823016964,1633602400000
packetaipacket-ai-agent-service-master,docker,1633602530000,1633602470000,60ddc7da72033d00111f4be1,docker#network#in#bytes-no_subject,0.7329482071713148,1633602710000
pythonexternal-is-service-master,docker,1633605100000,1633604440000,60ddc7da72033d00111f4be1,docker#network#out#packets-no_subject,0.7063333604416094,1633605280000
pythonexternal-is-service-master,docker,1633605040000,1633604440000,60ddc7da72033d00111f4be1,docker#network#in#bytes-no_subject,0.986241134751773,1633605280000
traefiktraefik-master,docker,1633605770000,1633605350000,60ddc7da72033d00111f4be1,docker#network#out#bytes-no_subject,0.7466560493976034,1633605950000
pythonexternal-is-service-master,docker,1633605760000,1633604560000,60ddc7da72033d00111f4be1,docker#network#out#bytes-no_subject,0.7094217322894556,1633605940000
packetaipacket-ai-agent-service-master,docker,1633606730000,1633606130000,60ddc7da72033d00111f4be1,docker#memory#usage#pct-no_subject,0.727240394911401,1633606910000
pythonexternal-is-rabbit-master,docker,1633613100000,1633612800000,60ddc7da72033d00111f4be1,docker#network#out#packets-no_subject,0.9284405020355249,1633613340000
pythonexternal-is-rabbit-master,docker,1633613220000,1633612860000,60ddc7da72033d00111f4be1,docker#network#in#packets-no_subject,0.949168339986948,1633613400000
pythonexternal-is-rabbit-master,docker,1633613280000,1633612740000,60ddc7da72033d00111f4be1,docker#network#out#bytes-no_subject,0.9585292228644829,1633613460000
pythonsales-service-master,docker,1633613520000,1633613460000,60ddc7da72033d00111f4be1,docker#network#out#packets-no_subject,0.7124430641821946,1633613700000
pythonsales-service-master,docker,1633613520000,1633613460000,60ddc7da72033d00111f4be1,docker#network#in#packets-no_subject,0.70825634352635,1633613700000
pythonexternal-is-rabbit-master,docker,1633613340000,1633612740000,60ddc7da72033d00111f4be1,docker#memory#rss#total-no_subject,0.7724148970302739,1633613520000
pythonexternal-is-rabbit-master,docker,1633613340000,1633612740000,60ddc7da72033d00111f4be1,docker#memory#usage#total-no_subject,0.743930619063739,1633613520000
pythonzero-gachis-rabbit-master,docker,1633613730000,1633613490000,60ddc7da72033d00111f4be1,docker#network#out#packets-no_subject,0.7947798866950264,1633613910000
pythonzero-gachis-rabbit-master,docker,1633613730000,1633613490000,60ddc7da72033d00111f4be1,docker#network#in#bytes-no_subject,0.8053850200568897,1633613910000
pythonzero-gachis-rabbit-master,docker,1633613730000,1633613490000,60ddc7da72033d00111f4be1,docker#network#in#packets-no_subject,0.7969957644506195,1633613910000
javakeycloak-service-master,docker,1633616990000,1633616750000,60ddc7da72033d00111f4be1,docker#network#in#packets-no_subject,0.8553878351095111,1633617170000
javakeycloak-service-master,docker,1633616990000,1633616750000,60ddc7da72033d00111f4be1,docker#network#out#bytes-no_subject,0.7972065364193344,1633617170000
javakeycloak-service-master,docker,1633616990000,1633616750000,60ddc7da72033d00111f4be1,docker#network#in#bytes-no_subject,0.8464421651400861,1633617170000
packetaipacket-ai-agent-service-master,docker,1633624130000,1633624070000,60ddc7da72033d00111f4be1,docker#network#in#bytes-no_subject,0.7364011681932828,1633624310000
pythonexternal-is-service-master,docker,1633629460000,1633629340000,60ddc7da72033d00111f4be1,docker#network#in#packets-no_subject,0.7279914331770216,1633629640000
pythonemail-service-master,docker,1633630550000,1633629770000,60ddc7da72033d00111f4be1,docker#memory#rss#pct-no_subject,0.7632524138978102,1633630730000
pythonemail-service-master,docker,1633630550000,1633629770000,60ddc7da72033d00111f4be1,docker#memory#usage#pct-no_subject,0.7242514454034121,1633630730000
external-is-cron-master,docker,1633636600000,1633636420000,60ddc7da72033d00111f4be1,docker#memory#usage#total-no_subject,0.7091860945278387,1633636780000
packetaipacket-ai-agent-service-master,docker,1633644590000,1633644410000,60ddc7da72033d00111f4be1,docker#network#out#bytes-no_subject,0.7014825575505478,1633644770000
pythonauth-service-master,docker,1633659770000,1633659650000,60ddc7da72033d00111f4be1,docker#memory#usage#total-no_subject,0.7921739130434782,1633659950000
pythonauth-service-master,docker,1633659770000,1633659650000,60ddc7da72033d00111f4be1,docker#memory#rss#total-no_subject,0.79993265993266,1633659950000
dead-letter-cron-master,docker,1633666220000,1633665620000,60ddc7da72033d00111f4be1,docker#memory#usage#total-no_subject,0.763520779601413,1633666400000
pythondonation-service-master,docker,1633669970000,1633669850000,60ddc7da72033d00111f4be1,docker#network#in#packets-no_subject,0.715457871157394,1633670150000
pythondonation-service-master,docker,1633669970000,1633669850000,60ddc7da72033d00111f4be1,docker#network#out#packets-no_subject,0.7097801510424252,1633670150000
pythondonation-service-master,docker,1633670030000,1633669850000,60ddc7da72033d00111f4be1,docker#network#in#bytes-no_subject,0.7649981275622776,1633670210000
pythondonation-service-master,docker,1633670030000,1633669850000,60ddc7da72033d00111f4be1,docker#network#out#bytes-no_subject,0.7376765147574673,1633670210000
pythondonation-service-master,docker,1633670810000,1633670390000,60ddc7da72033d00111f4be1,docker#network#in#packets-no_subject,0.7422192134578776,1633670990000
pythondonation-service-master,docker,1633670810000,1633670390000,60ddc7da72033d00111f4be1,docker#network#in#bytes-no_subject,0.7514748462324404,1633670990000
pythondonation-service-master,docker,1633670810000,1633670390000,60ddc7da72033d00111f4be1,docker#network#out#packets-no_subject,0.7432783347118189,1633670990000
pythondonation-service-master,docker,1633670810000,1633670390000,60ddc7da72033d00111f4be1,docker#network#out#bytes-no_subject,0.7186163102929418,1633670990000
dockerde02adac4f0196da,linux61519a10775ac7001184c287,1633674220000,1633674160000,60ddc7da72033d00111f4be1,docker#memory#usage#total-no_subject,0.7119753086419752,1633674400000
traefiktraefik-master,docker,1633674710000,1633674650000,60ddc7da72033d00111f4be1,docker#network#in#bytes-no_subject,0.7268338249754178,1633674890000
pythonsdet-service-master,docker,1633678970000,1633678850000,60ddc7da72033d00111f4be1,docker#memory#rss#total-no_subject,0.7784976525821596,1633679150000
pythonsdet-service-master,docker,1633678970000,1633678850000,60ddc7da72033d00111f4be1,docker#memory#usage#total-no_subject,0.7805228758169935,1633679150000
pythonhelpdesk-service-master,docker,1633680860000,1633680800000,60ddc7da72033d00111f4be1,docker#network#in#packets-no_subject,0.7072171190578503,1633681040000
pythonhelpdesk-service-master,docker,1633680860000,1633680800000,60ddc7da72033d00111f4be1,docker#network#in#bytes-no_subject,0.7027073415532766,1633681040000
pythonhelpdesk-service-master,docker,1633680860000,1633680800000,60ddc7da72033d00111f4be1,docker#network#out#packets-no_subject,0.7209900990099009,1633681040000
nodeheadless-browser-service-master,docker,1633686710000,1633686650000,60ddc7da72033d00111f4be1,docker#memory#usage#total-no_subject,0.7366666666666667,1633686890000
zero-gachis-celery-master,docker,1633686560000,1633686440000,60ddc7da72033d00111f4be1,docker#network#in#bytes-no_subject,0.7228525425245719,1633686740000
pythonpipedrive-rabbit-master,docker,1633687020000,1633686660000,60ddc7da72033d00111f4be1,docker#memory#usage#total-no_subject,0.925,1633687200000
datadog-agent-service-master,docker,1633686950000,1633686650000,60ddc7da72033d00111f4be1,docker#memory#usage#pct-no_subject,0.8084388397091516,1633687190000
external-is-cron-master,docker,1633686760000,1633686640000,60ddc7da72033d00111f4be1,docker#memory#usage#total-no_subject,0.7628252816978468,1633687000000
datadog-agent-service-master,docker,1633687190000,1633686650000,60ddc7da72033d00111f4be1,docker#memory#usage#total-no_subject,0.7987241500068963,1633687370000
javakeycloak-service-master,docker,1633687970000,1633687550000,60ddc7da72033d00111f4be1,docker#memory#usage#total-no_subject,0.714861940890045,1633688150000
pythonpipedrive-rabbit-master,docker,1633687920000,1633687560000,60ddc7da72033d00111f4be1,docker#memory#usage#total-no_subject,0.925,1633688100000
sdet-cron-master,docker,1633687870000,1633687510000,60ddc7da72033d00111f4be1,docker#memory#usage#total-no_subject,0.7592436321980666,1633688050000
nodeheadless-browser-service-master,docker,1633687970000,1633687550000,60ddc7da72033d00111f4be1,docker#network#in#packets-no_subject,0.9567223548130469,1633689470000
nodeheadless-browser-service-master,docker,1633687970000,1633687550000,60ddc7da72033d00111f4be1,docker#diskio#summary#rate-no_subject,0.77712209512374,1633689470000
nodeheadless-browser-service-master,docker,1633687970000,1633687550000,60ddc7da72033d00111f4be1,docker#network#in#bytes-no_subject,0.938214308850089,1633689470000
nodeheadless-browser-service-master,docker,1633687970000,1633687550000,60ddc7da72033d00111f4be1,docker#network#out#bytes-no_subject,0.9486578321440707,1633689470000
nodeheadless-browser-service-master,docker,1633687970000,1633687550000,60ddc7da72033d00111f4be1,docker#network#out#packets-no_subject,0.957323990657324,1633689470000
pythondead-letter-rabbit-master,docker,1633689540000,1633689480000,60ddc7da72033d00111f4be1,docker#network#in#packets-no_subject,0.7150051497231962,1633689720000
pythondead-letter-rabbit-master,docker,1633689540000,1633689480000,60ddc7da72033d00111f4be1,docker#network#out#packets-no_subject,0.7234653465346534,1633689720000
dead-letter-celery-master,docker,1633690110000,1633690050000,60ddc7da72033d00111f4be1,docker#network#out#packets-no_subject,0.715386018114509,1633690290000
packetaipacket-ai-agent-service-master,docker,1633692650000,1633692470000,60ddc7da72033d00111f4be1,docker#network#in#packets-no_subject,0.7542954359782236,1633692830000
packetaipacket-ai-agent-service-master,docker,1633694930000,1633694870000,60ddc7da72033d00111f4be1,docker#network#in#bytes-no_subject,0.7356050955414014,1633695110000
pythonsales-service-master,docker,1633697100000,1633697040000,60ddc7da72033d00111f4be1,docker#network#out#packets-no_subject,0.7081129733085042,1633697280000
pythonsales-service-master,docker,1633697100000,1633697040000,60ddc7da72033d00111f4be1,docker#network#in#bytes-no_subject,0.7016911921518446,1633697280000
pythonsales-service-master,docker,1633697100000,1633697040000,60ddc7da72033d00111f4be1,docker#network#in#packets-no_subject,0.705890767230169,1633697280000
pythonauth-service-master,docker,1633699370000,1633699250000,60ddc7da72033d00111f4be1,docker#memory#rss#total-no_subject,0.7933333333333333,1633699550000
nodeheadless-browser-service-master,docker,1633704590000,1633702190000,60ddc7da72033d00111f4be1,docker#network#out#bytes-no_subject,0.7158806186138703,1633705010000
nodeheadless-browser-service-master,docker,1633704590000,1633702190000,60ddc7da72033d00111f4be1,docker#network#out#packets-no_subject,0.7195698149906241,1633705010000
nginxapi-gateway-service-master,docker,1633709020000,1633708720000,60ddc7da72033d00111f4be1,docker#memory#rss#total-no_subject,0.895,1633709560000
nginxapi-gateway-service-master,docker,1633709020000,1633708720000,60ddc7da72033d00111f4be1,docker#network#in#packets-no_subject,0.7980560600525387,1633709560000
nginxapi-gateway-service-master,docker,1633709020000,1633708720000,60ddc7da72033d00111f4be1,docker#network#in#bytes-no_subject,0.7937526475240985,1633709560000
nginxapi-gateway-service-master,docker,1633709020000,1633708720000,60ddc7da72033d00111f4be1,docker#network#out#packets-no_subject,0.7971486066065769,1633709560000
nginxapi-gateway-service-master,docker,1633709020000,1633708720000,60ddc7da72033d00111f4be1,docker#network#out#bytes-no_subject,0.792873717812653,1633709560000
pythonsdet-service-master,docker,1633718570000,1633718450000,60ddc7da72033d00111f4be1,docker#memory#rss#total-no_subject,0.7585213499127951,1633718750000
pythonsdet-service-master,docker,1633718570000,1633718450000,60ddc7da72033d00111f4be1,docker#memory#usage#total-no_subject,0.7940880503144654,1633718750000
docker49ec5acd02bcc130,linux615c996903a822001277a6a1,1633725040000,1633724920000,60ddc7da72033d00111f4be1,docker#cpu#system#pct-no_subject,0.71,1633725220000
docker49ec5acd02bcc130,linux615c996903a822001277a6a1,1633728520000,1633728400000,60ddc7da72033d00111f4be1,docker#cpu#system#pct-no_subject,0.71,1633728700000
docker49ec5acd02bcc130,linux615c996903a822001277a6a1,1633733020000,1633732900000,60ddc7da72033d00111f4be1,docker#cpu#system#pct-no_subject,0.71,1633733200000
docker49ec5acd02bcc130,linux615c996903a822001277a6a1,1633736740000,1633736620000,60ddc7da72033d00111f4be1,docker#cpu#system#pct-no_subject,0.71,1633736920000
pythonauth-service-master,docker,1633738910000,1633738850000,60ddc7da72033d00111f4be1,docker#memory#rss#total-no_subject,0.7033019934524346,1633739090000
nodeheadless-browser-service-master,docker,1633741430000,1633741130000,60ddc7da72033d00111f4be1,docker#cpu#system#pct-no_subject,0.8084433867872555,1633741610000
traefiktraefik-master,docker,1633741430000,1633741130000,60ddc7da72033d00111f4be1,docker#cpu#system#pct-no_subject,0.7807099762280076,1633741610000
dotnet-template-service-master,docker,1633741430000,1633741130000,60ddc7da72033d00111f4be1,docker#cpu#system#pct-no_subject,0.7771993792630635,1633741610000
docker49ec5acd02bcc130,linux615c996903a822001277a6a1,1633744180000,1633744000000,60ddc7da72033d00111f4be1,docker#network#out#packets-no_subject,0.7849999999999999,1633744360000
docker49ec5acd02bcc130,linux615c996903a822001277a6a1,1633745200000,1633745020000,60ddc7da72033d00111f4be1,docker#network#in#packets-no_subject,0.7849999999999999,1633745380000
packetaipacket-ai-agent-service-master,docker,1633754750000,1633754030000,60ddc7da72033d00111f4be1,docker#memory#rss#pct-no_subject,0.8015900956595491,1633754930000
pythonexternal-is-service-master,docker,1633758940000,1633758820000,60ddc7da72033d00111f4be1,docker#memory#rss#total-no_subject,0.7709523809523811,1633759120000
pythonexternal-is-service-master,docker,1633758940000,1633758820000,60ddc7da72033d00111f4be1,docker#memory#usage#total-no_subject,0.774703196347032,1633759120000
pythonauth-service-master,docker,1633759310000,1633759250000,60ddc7da72033d00111f4be1,docker#network#in#bytes-no_subject,0.7148741559238797,1633759490000
pythonauth-service-master,docker,1633759310000,1633759250000,60ddc7da72033d00111f4be1,docker#network#in#packets-no_subject,0.723030303030303,1633759490000
pythonauth-service-master,docker,1633759310000,1633759250000,60ddc7da72033d00111f4be1,docker#network#out#packets-no_subject,0.7216245487364622,1633759490000
javakeycloak-service-master,docker,1633775030000,1633774970000,60ddc7da72033d00111f4be1,docker#network#in#packets-no_subject,0.7255491661874641,1633775210000
dotnet-template-service-master,docker,1633777790000,1633777730000,60ddc7da72033d00111f4be1,docker#memory#rss#total-no_subject,0.7366666666666667,1633777970000
packetaipacket-ai-agent-service-master,docker,1633788530000,1633788410000,60ddc7da72033d00111f4be1,docker#network#out#bytes-no_subject,0.775480805735339,1633788710000
pythonhelpdesk-rabbit-master,docker,1633789980000,1633789920000,60ddc7da72033d00111f4be1,docker#network#in#bytes-no_subject,0.7151364859669358,1633790160000
pythonhelpdesk-rabbit-master,docker,1633789980000,1633789920000,60ddc7da72033d00111f4be1,docker#network#in#packets-no_subject,0.7080153738644306,1633790160000
pythonhelpdesk-rabbit-master,docker,1633789980000,1633789920000,60ddc7da72033d00111f4be1,docker#network#out#packets-no_subject,0.7154409566517189,1633790160000
dead-letter-celery-master,docker,1633790010000,1633789950000,60ddc7da72033d00111f4be1,docker#network#in#bytes-no_subject,0.7326719928983577,1633790190000
dead-letter-celery-master,docker,1633790010000,1633789950000,60ddc7da72033d00111f4be1,docker#network#out#bytes-no_subject,0.732859120803046,1633790190000
dead-letter-celery-master,docker,1633790010000,1633789950000,60ddc7da72033d00111f4be1,docker#network#in#packets-no_subject,0.7362414965986396,1633790190000
pythondead-letter-rabbit-master,docker,1633789980000,1633789920000,60ddc7da72033d00111f4be1,docker#network#in#packets-no_subject,0.7138964146183996,1633790160000
pythondead-letter-rabbit-master,docker,1633789980000,1633789920000,60ddc7da72033d00111f4be1,docker#network#out#packets-no_subject,0.7352542372881355,1633790160000
pythondead-letter-rabbit-master,docker,1633789980000,1633789920000,60ddc7da72033d00111f4be1,docker#network#in#bytes-no_subject,0.7274074074074074,1633790160000
pythondead-letter-rabbit-master,docker,1633789980000,1633789920000,60ddc7da72033d00111f4be1,docker#network#out#bytes-no_subject,0.7308649789029537,1633790160000
packetaipacket-ai-agent-service-master,docker,1633792130000,1633792070000,60ddc7da72033d00111f4be1,docker#network#in#bytes-no_subject,0.7357381615598886,1633792310000
pythonsdet-service-master,docker,1633794530000,1633794170000,60ddc7da72033d00111f4be1,docker#network#out#packets-no_subject,0.7432328228304121,1633794710000
pythonexternal-is-service-master,docker,1633794940000,1633794820000,60ddc7da72033d00111f4be1,docker#memory#rss#total-no_subject,0.7191434005794067,1633795120000
packetaipacket-ai-agent-service-master,docker,1633811930000,1633811870000,60ddc7da72033d00111f4be1,docker#network#in#bytes-no_subject,0.7353407584195173,1633812110000
packetaipacket-ai-agent-service-master,docker,1633817210000,1633817090000,60ddc7da72033d00111f4be1,docker#network#out#bytes-no_subject,0.7020646800873901,1633817390000
dead-letter-celery-master,docker,1633826610000,1633826490000,60ddc7da72033d00111f4be1,docker#network#in#bytes-no_subject,0.7367024144861727,1633826790000
dead-letter-celery-master,docker,1633826610000,1633826490000,60ddc7da72033d00111f4be1,docker#network#out#packets-no_subject,0.7332781871420663,1633826790000
dead-letter-celery-master,docker,1633826610000,1633826490000,60ddc7da72033d00111f4be1,docker#network#out#bytes-no_subject,0.751698004726259,1633826790000
dead-letter-celery-master,docker,1633826610000,1633826490000,60ddc7da72033d00111f4be1,docker#network#in#packets-no_subject,0.7290311681492857,1633826790000
pythondead-letter-rabbit-master,docker,1633826580000,1633826460000,60ddc7da72033d00111f4be1,docker#network#in#packets-no_subject,0.7012833923342358,1633826760000
pythondead-letter-rabbit-master,docker,1633826580000,1633826460000,60ddc7da72033d00111f4be1,docker#network#out#packets-no_subject,0.7241243766030342,1633826760000
pythondead-letter-rabbit-master,docker,1633826580000,1633826460000,60ddc7da72033d00111f4be1,docker#network#in#bytes-no_subject,0.7094912483307166,1633826760000
pythondead-letter-rabbit-master,docker,1633826580000,1633826460000,60ddc7da72033d00111f4be1,docker#network#out#bytes-no_subject,0.7194079588605732,1633826760000
docker49ec5acd02bcc130,linux615c996903a822001277a6a1,1633831600000,1633831420000,60ddc7da72033d00111f4be1,docker#network#in#packets-no_subject,0.7849999999999999,1633831780000
pythonhelpdesk-service-master,docker,1633834520000,1633834460000,60ddc7da72033d00111f4be1,docker#network#out#packets-no_subject,0.7151039334970845,1633834700000
sdet-cron-master,docker,1633838650000,1633838410000,60ddc7da72033d00111f4be1,docker#network#out#bytes-no_subject,0.7099147394510288,1633838830000
pythondonation-rabbit-master,docker,1633845960000,1633845660000,60ddc7da72033d00111f4be1,docker#network#out#packets-no_subject,0.9292248062015505,1633846140000
pythondonation-rabbit-master,docker,1633845960000,1633845660000,60ddc7da72033d00111f4be1,docker#network#in#packets-no_subject,0.9291507430997877,1633846140000
pythondonation-rabbit-master,docker,1633845960000,1633845660000,60ddc7da72033d00111f4be1,docker#network#out#bytes-no_subject,0.9253271028037383,1633846140000
pythondonation-rabbit-master,docker,1633845960000,1633845660000,60ddc7da72033d00111f4be1,docker#network#in#bytes-no_subject,0.9274457215836526,1633846140000
docker49ec5acd02bcc130,linux615c996903a822001277a6a1,1633847680000,1633847560000,60ddc7da72033d00111f4be1,docker#diskio#summary#rate-no_subject,0.71,1633847860000
dockerde02adac4f0196da,linux61519a10775ac7001184c287,1633859980000,1633859860000,60ddc7da72033d00111f4be1,docker#memory#rss#total-no_subject,0.7362411581802476,1633860160000
packetaipacket-ai-agent-service-master,docker,1633860650000,1633860410000,60ddc7da72033d00111f4be1,docker#network#out#bytes-no_subject,0.8263071261092717,1633860830000
donation-celery-master,docker,1633888920000,1633888860000,60ddc7da72033d00111f4be1,docker#memory#rss#total-no_subject,0.7057982690509211,1633889640000
donation-celery-master,docker,1633889580000,1633888860000,60ddc7da72033d00111f4be1,docker#memory#rss#pct-no_subject,0.7508383402439387,1633889760000
donation-celery-master,docker,1633889640000,1633888920000,60ddc7da72033d00111f4be1,docker#memory#usage#pct-no_subject,0.755250442655305,1633889820000
pythonauth-service-master,docker,1633890170000,1633890110000,60ddc7da72033d00111f4be1,docker#memory#rss#total-no_subject,0.7156456456456457,1633890350000
pythonemail-service-master,docker,1633890410000,1633890350000,60ddc7da72033d00111f4be1,docker#memory#rss#total-no_subject,0.7033532597382286,1633890590000
donation-cron-master,docker,1633910520000,1633910460000,60ddc7da72033d00111f4be1,docker#network#out#packets-no_subject,0.7322710622710623,1633910700000
donation-cron-master,docker,1633910520000,1633910460000,60ddc7da72033d00111f4be1,docker#network#out#bytes-no_subject,0.7252617936754794,1633910700000
pythonsdet-service-master,docker,1633912970000,1633912910000,60ddc7da72033d00111f4be1,docker#memory#usage#total-no_subject,0.7158333333333333,1633913150000
pythonsdet-service-master,docker,1633913030000,1633912910000,60ddc7da72033d00111f4be1,docker#memory#rss#total-no_subject,0.7946184738955823,1633913210000
zero-gachis-celery-master,docker,1633914320000,1633914020000,60ddc7da72033d00111f4be1,docker#network#out#bytes-no_subject,0.8900788856074077,1633914500000
zero-gachis-celery-master,docker,1633914320000,1633914080000,60ddc7da72033d00111f4be1,docker#network#in#bytes-no_subject,0.8796916113567635,1633914500000
zero-gachis-celery-master,docker,1633914380000,1633914080000,60ddc7da72033d00111f4be1,docker#network#in#packets-no_subject,0.9202353021664383,1633914560000
zero-gachis-celery-master,docker,1633914380000,1633914080000,60ddc7da72033d00111f4be1,docker#network#out#packets-no_subject,0.9228763319857686,1633914560000
pythonemail-service-master,docker,1633914290000,1633914050000,60ddc7da72033d00111f4be1,docker#network#out#packets-no_subject,0.7013960434963469,1633914890000
pythonemail-service-master,docker,1633914290000,1633914050000,60ddc7da72033d00111f4be1,docker#network#in#packets-no_subject,0.7042949003721192,1633914890000
pythonemail-service-master,docker,1633914290000,1633914050000,60ddc7da72033d00111f4be1,docker#network#out#bytes-no_subject,0.7060287428797071,1633914890000
pythonemail-service-master,docker,1633914290000,1633914050000,60ddc7da72033d00111f4be1,docker#network#in#bytes-no_subject,0.7009692442033639,1633914890000
pythonemail-service-master,docker,1633914890000,1633914110000,60ddc7da72033d00111f4be1,docker#memory#rss#pct-no_subject,0.7894812247783806,1633915070000
pythonemail-service-master,docker,1633914890000,1633914110000,60ddc7da72033d00111f4be1,docker#memory#usage#pct-no_subject,0.770888764187495,1633915070000
docker49ec5acd02bcc130,linux615c996903a822001277a6a1,1633914940000,1633914100000,60ddc7da72033d00111f4be1,docker#network#out#packets-no_subject,1,1633915120000
packetaipacket-ai-agent-service-master,docker,1633915130000,1633915070000,60ddc7da72033d00111f4be1,docker#network#in#bytes-no_subject,0.7348111332007953,1633915310000
docker49ec5acd02bcc130,linux615c996903a822001277a6a1,1633916200000,1633916080000,60ddc7da72033d00111f4be1,docker#network#out#packets-no_subject,0.71,1633916380000
docker49ec5acd02bcc130,linux615c996903a822001277a6a1,1633918060000,1633917820000,60ddc7da72033d00111f4be1,docker#network#in#packets-no_subject,0.8400000000000001,1633918240000
pythonexternal-is-rabbit-master,docker,1633923180000,1633923000000,60ddc7da72033d00111f4be1,docker#network#out#bytes-no_subject,0.8172056464549247,1633923360000
nginxzero-gachis-service-master,docker,1633926860000,1633926680000,60ddc7da72033d00111f4be1,docker#network#out#packets-no_subject,0.83688024757208,1633927040000
nginxzero-gachis-service-master,docker,1633926860000,1633926680000,60ddc7da72033d00111f4be1,docker#network#in#packets-no_subject,0.8300324652682676,1633927040000
nginxzero-gachis-service-master,docker,1633926860000,1633926680000,60ddc7da72033d00111f4be1,docker#network#out#bytes-no_subject,0.80109595508004,1633927040000
pythonauth-service-master,docker,1633932110000,1633932050000,60ddc7da72033d00111f4be1,docker#network#in#bytes-no_subject,0.7339219274168954,1633932290000
pythonauth-service-master,docker,1633932110000,1633932050000,60ddc7da72033d00111f4be1,docker#network#in#packets-no_subject,0.7339566395663958,1633932290000
pythonauth-service-master,docker,1633932110000,1633932050000,60ddc7da72033d00111f4be1,docker#network#out#packets-no_subject,0.7339760837070255,1633932290000
traefiktraefik-master,docker,1633932350000,1633932290000,60ddc7da72033d00111f4be1,docker#network#out#bytes-no_subject,0.7305128205128205,1633932530000
pythonexternal-is-service-master,docker,1633932340000,1633932280000,60ddc7da72033d00111f4be1,docker#network#out#packets-no_subject,0.7362274923144488,1633932520000
pythonexternal-is-service-master,docker,1633932340000,1633932280000,60ddc7da72033d00111f4be1,docker#network#in#packets-no_subject,0.7362049861495845,1633932520000
pythonexternal-is-service-master,docker,1633932340000,1633932280000,60ddc7da72033d00111f4be1,docker#network#out#bytes-no_subject,0.7357546739626084,1633932520000
pythonexternal-is-service-master,docker,1633932340000,1633932280000,60ddc7da72033d00111f4be1,docker#network#in#bytes-no_subject,0.7347834274952918,1633932520000
pythonhelpdesk-service-master,docker,1633934300000,1633934240000,60ddc7da72033d00111f4be1,docker#network#in#packets-no_subject,0.7162723770677544,1633934480000
pythonhelpdesk-service-master,docker,1633934300000,1633934240000,60ddc7da72033d00111f4be1,docker#network#in#bytes-no_subject,0.7239351851851851,1633934480000
pythonhelpdesk-service-master,docker,1633934300000,1633934240000,60ddc7da72033d00111f4be1,docker#network#out#packets-no_subject,0.7208328192473781,1633934480000
nodeheadless-browser-service-master,docker,1633938530000,1633938470000,60ddc7da72033d00111f4be1,docker#memory#usage#total-no_subject,0.7103508771929824,1633938710000
nodeheadless-browser-service-master,docker,1633938530000,1633938470000,60ddc7da72033d00111f4be1,docker#network#in#packets-no_subject,0.704319526627219,1633938710000
nodeheadless-browser-service-master,docker,1633938530000,1633938470000,60ddc7da72033d00111f4be1,docker#network#out#bytes-no_subject,0.7289068825910933,1633938710000
packetaipacket-ai-agent-service-master,docker,1633942370000,1633941950000,60ddc7da72033d00111f4be1,docker#network#out#bytes-no_subject,0.9465823555062437,1633942610000
packetaipacket-ai-agent-service-master,docker,1633942430000,1633942010000,60ddc7da72033d00111f4be1,docker#network#in#packets-no_subject,0.951872399445215,1633942610000
datadog-agent-service-master,docker,1633942430000,1633941830000,60ddc7da72033d00111f4be1,docker#network#out#bytes-no_subject,0.7367923822232889,1633942610000
pythondead-letter-rabbit-master,docker,1633942740000,1633942680000,60ddc7da72033d00111f4be1,docker#network#out#packets-no_subject,0.7033802156586967,1633942920000
dead-letter-celery-master,docker,1633943370000,1633943310000,60ddc7da72033d00111f4be1,docker#network#out#packets-no_subject,0.7108450704225353,1633943550000
dead-letter-celery-master,docker,1633943370000,1633943310000,60ddc7da72033d00111f4be1,docker#network#in#packets-no_subject,0.7091009329940627,1633943550000
nodeheadless-browser-service-master,docker,1633944050000,1633943990000,60ddc7da72033d00111f4be1,docker#network#in#bytes-no_subject,0.7010432569974555,1633944290000
packetaipacket-ai-agent-service-master,docker,1633944470000,1633944050000,60ddc7da72033d00111f4be1,docker#network#out#packets-no_subject,0.8924092409240925,1633944710000
packetaipacket-ai-agent-service-master,docker,1633944590000,1633944110000,60ddc7da72033d00111f4be1,docker#memory#usage#pct-no_subject,0.7064841898934797,1633944770000
packetaipacket-ai-agent-service-master,docker,1633944710000,1633944110000,60ddc7da72033d00111f4be1,docker#memory#rss#pct-no_subject,0.7747396532393718,1633944890000
pythondead-letter-rabbit-master,docker,1633945740000,1633945680000,60ddc7da72033d00111f4be1,docker#network#in#packets-no_subject,0.703136719748611,1633945920000
nodeheadless-browser-service-master,docker,1633946270000,1633946210000,60ddc7da72033d00111f4be1,docker#network#out#packets-no_subject,0.7290381426202321,1633946450000
nginxzero-gachis-api-master,docker,1633947060000,1633946820000,60ddc7da72033d00111f4be1,docker#memory#rss#pct-no_subject,0.7302454042829014,1633950060000
nginxzero-gachis-api-master,docker,1633947060000,1633946820000,60ddc7da72033d00111f4be1,docker#memory#usage#pct-no_subject,0.8124020363771955,1633950060000
pythonzero-gachis-rabbit-master,docker,1633950870000,1633950690000,60ddc7da72033d00111f4be1,docker#network#out#packets-no_subject,0.8301488965019664,1633951050000
pythonzero-gachis-rabbit-master,docker,1633950870000,1633950690000,60ddc7da72033d00111f4be1,docker#network#in#packets-no_subject,0.8326589483709251,1633951050000
pythonzero-gachis-rabbit-master,docker,1633952850000,1633952490000,60ddc7da72033d00111f4be1,docker#network#in#bytes-no_subject,0.9369891742318188,1633953030000
traefiktraefik-master,docker,1633958390000,1633958330000,60ddc7da72033d00111f4be1,docker#network#in#packets-no_subject,0.7175142624286878,1633958570000
traefiktraefik-master,docker,1633958390000,1633958330000,60ddc7da72033d00111f4be1,docker#network#out#packets-no_subject,0.7268181818181819,1633958570000
traefiktraefik-master,docker,1633958450000,1633958210000,60ddc7da72033d00111f4be1,docker#network#out#bytes-no_subject,0.8118735864542753,1633958630000
pythonsales-service-master,docker,1633962600000,1633962540000,60ddc7da72033d00111f4be1,docker#memory#rss#total-no_subject,0.7219174041297935,1633962780000
pythonsales-service-master,docker,1633962600000,1633962540000,60ddc7da72033d00111f4be1,docker#memory#usage#total-no_subject,0.7073626373626375,1633962780000
traefiktraefik-master,docker,1633972730000,1633972670000,60ddc7da72033d00111f4be1,docker#network#in#bytes-no_subject,0.7258823529411765,1633972910000
pythonpipedrive-rabbit-master,docker,1633993320000,1633993260000,60ddc7da72033d00111f4be1,docker#network#out#bytes-no_subject,0.7089850057670127,1633993500000
external-is-cron-master,docker,1633996900000,1633996840000,60ddc7da72033d00111f4be1,docker#network#in#bytes-no_subject,0.7315305598356446,1633997080000
zero-gachis-cron-master,docker,1634004380000,1634004320000,60ddc7da72033d00111f4be1,docker#network#in#packets-no_subject,0.7264490346284466,1634004560000
zero-gachis-cron-master,docker,1634004560000,1634004440000,60ddc7da72033d00111f4be1,docker#network#out#bytes-no_subject,0.7181836974198164,1634004740000
pythonstock-service-master,docker,1634009520000,1634009400000,60ddc7da72033d00111f4be1,docker#memory#usage#total-no_subject,0.784859813084112,1634009700000
pythonstock-service-master,docker,1634009520000,1634009400000,60ddc7da72033d00111f4be1,docker#memory#rss#total-no_subject,0.7830446194225722,1634009700000
javakeycloak-service-master,docker,1634012210000,1634012150000,60ddc7da72033d00111f4be1,docker#network#in#packets-no_subject,0.7347520582040973,1634012510000
javakeycloak-service-master,docker,1634012210000,1634012150000,60ddc7da72033d00111f4be1,docker#network#out#packets-no_subject,0.7333333333333334,1634012510000
javakeycloak-service-master,docker,1634012210000,1634012150000,60ddc7da72033d00111f4be1,docker#network#in#bytes-no_subject,0.7337063351095323,1634012510000
dockerde02adac4f0196da,linux61519a10775ac7001184c287,1634012200000,1634012140000,60ddc7da72033d00111f4be1,docker#memory#usage#total-no_subject,0.7202732240437159,1634012380000
dockerde02adac4f0196da,linux61519a10775ac7001184c287,1634012260000,1634012140000,60ddc7da72033d00111f4be1,docker#memory#rss#total-no_subject,0.7134032841236939,1634012440000
pythonauth-service-master,docker,1634018510000,1634018450000,60ddc7da72033d00111f4be1,docker#network#in#packets-no_subject,0.7309763402216233,1634018690000
pythonauth-service-master,docker,1634018510000,1634018450000,60ddc7da72033d00111f4be1,docker#network#in#bytes-no_subject,0.7293939393939395,1634018690000
pythonauth-service-master,docker,1634018510000,1634018450000,60ddc7da72033d00111f4be1,docker#network#out#packets-no_subject,0.730427807486631,1634018690000
packetaipacket-ai-agent-service-master,docker,1634023730000,1634023670000,60ddc7da72033d00111f4be1,docker#network#in#bytes-no_subject,0.733619501854796,1634023910000
traefiktraefik-master,docker,1634025350000,1634025290000,60ddc7da72033d00111f4be1,docker#network#in#bytes-no_subject,0.720151490143231,1634025530000
traefiktraefik-master,docker,1634030150000,1634030090000,60ddc7da72033d00111f4be1,docker#network#out#bytes-no_subject,0.731904761904762,1634030330000
traefiktraefik-master,docker,1634030150000,1634030090000,60ddc7da72033d00111f4be1,docker#network#out#packets-no_subject,0.7151002648505486,1634030330000
pythondead-letter-service-master,docker,1634030300000,1634030060000,60ddc7da72033d00111f4be1,docker#network#in#packets-no_subject,0.8914028314028314,1634030480000
pythondead-letter-service-master,docker,1634030300000,1634030060000,60ddc7da72033d00111f4be1,docker#network#out#packets-no_subject,0.892156862745098,1634030480000
pythondead-letter-service-master,docker,1634030300000,1634030060000,60ddc7da72033d00111f4be1,docker#network#out#bytes-no_subject,0.8921554770318022,1634030480000
pythonsales-service-master,docker,1634031840000,1634031780000,60ddc7da72033d00111f4be1,docker#network#out#packets-no_subject,0.7192969396195202,1634032020000
pythonsales-service-master,docker,1634031840000,1634031780000,60ddc7da72033d00111f4be1,docker#network#in#bytes-no_subject,0.7087468030690537,1634032020000
pythonsales-service-master,docker,1634031840000,1634031780000,60ddc7da72033d00111f4be1,docker#network#in#packets-no_subject,0.7169568984188869,1634032020000
packetaipacket-ai-agent-service-master,docker,1634036330000,1634036270000,60ddc7da72033d00111f4be1,docker#network#in#bytes-no_subject,0.7352099059727188,1634036510000
javakeycloak-service-master,docker,1634040650000,1634040590000,60ddc7da72033d00111f4be1,docker#network#in#packets-no_subject,0.7124079408908371,1634040890000
javakeycloak-service-master,docker,1634040650000,1634040590000,60ddc7da72033d00111f4be1,docker#network#out#packets-no_subject,0.7336873466526463,1634040890000
javakeycloak-service-master,docker,1634040650000,1634040590000,60ddc7da72033d00111f4be1,docker#network#in#bytes-no_subject,0.704830180349089,1634040890000
dead-letter-celery-master,docker,1634041230000,1634041170000,60ddc7da72033d00111f4be1,docker#network#out#packets-no_subject,0.7055140186915888,1634041410000
nodeheadless-browser-service-master,docker,1634042990000,1634042930000,60ddc7da72033d00111f4be1,docker#memory#usage#total-no_subject,0.7018840579710144,1634043170000
nodeheadless-browser-service-master,docker,1634042990000,1634042930000,60ddc7da72033d00111f4be1,docker#network#in#packets-no_subject,0.7048645465253239,1634043170000
nodeheadless-browser-service-master,docker,1634042990000,1634042930000,60ddc7da72033d00111f4be1,docker#network#out#bytes-no_subject,0.7081048387096773,1634043170000
nodeheadless-browser-service-master,docker,1634044670000,1634044610000,60ddc7da72033d00111f4be1,docker#network#out#packets-no_subject,0.7313651424784625,1634044850000
nodeheadless-browser-service-master,docker,1634046650000,1634046530000,60ddc7da72033d00111f4be1,docker#memory#rss#total-no_subject,0.778888888888889,1634046830000
nodeheadless-browser-service-master,docker,1634048270000,1634047790000,60ddc7da72033d00111f4be1,docker#diskio#summary#rate-no_subject,0.7552841335410623,1634048450000
nodeheadless-browser-service-master,docker,1634048330000,1634047850000,60ddc7da72033d00111f4be1,docker#diskio#summary#ops-no_subject,0.7493955709576442,1634048510000
nodeheadless-browser-service-master,docker,1634048390000,1634047790000,60ddc7da72033d00111f4be1,docker#network#in#packets-no_subject,0.7532730287265489,1634048570000
nodeheadless-browser-service-master,docker,1634048390000,1634047790000,60ddc7da72033d00111f4be1,docker#network#out#bytes-no_subject,0.7467380079781393,1634048570000
docker49ec5acd02bcc130,linux615c996903a822001277a6a1,1634048680000,1634048560000,60ddc7da72033d00111f4be1,docker#info#containers#running-no_subject,0.71,1634048860000
linux615c996903a822001277a6a1,linux615c996903a822001277a6a1,1634048450000,1634048330000,60ddc7da72033d00111f4be1,system#diskio#iostat#write#per_sec#bytes-nvme0n1p1,0.71,1634048690000
linux615c996903a822001277a6a1,linux615c996903a822001277a6a1,1634048450000,1634048330000,60ddc7da72033d00111f4be1,system#diskio#iostat#write#per_sec#bytes-nvme0n1,0.71,1634048690000
linux615c996903a822001277a6a1,linux615c996903a822001277a6a1,1634048630000,1634048390000,60ddc7da72033d00111f4be1,system#diskio#iostat#read#per_sec#bytes-nvme0n1,0.8400000000000001,1634048810000
linux615c996903a822001277a6a1,linux615c996903a822001277a6a1,1634048630000,1634048390000,60ddc7da72033d00111f4be1,system#diskio#iostat#read#per_sec#bytes-nvme0n1p1,0.8400000000000001,1634048810000
linux615c996903a822001277a6a1,linux615c996903a822001277a6a1,1634048690000,1634048570000,60ddc7da72033d00111f4be1,system#memory#actual#used#pct-no_subject,0.71,1634048870000
dead-letter-celery-master,docker,1634049210000,1634049150000,60ddc7da72033d00111f4be1,docker#network#in#packets-no_subject,0.7358206429780033,1634049390000
dead-letter-celery-master,docker,1634049210000,1634049150000,60ddc7da72033d00111f4be1,docker#network#out#bytes-no_subject,0.7304490500863557,1634049390000
pythondead-letter-rabbit-master,docker,1634049240000,1634049180000,60ddc7da72033d00111f4be1,docker#network#in#packets-no_subject,0.7104256325854372,1634049420000
pythondead-letter-rabbit-master,docker,1634049240000,1634049180000,60ddc7da72033d00111f4be1,docker#network#out#packets-no_subject,0.7352641421224871,1634049420000
pythondead-letter-rabbit-master,docker,1634049240000,1634049180000,60ddc7da72033d00111f4be1,docker#network#in#bytes-no_subject,0.7268946796959828,1634049420000
pythondead-letter-rabbit-master,docker,1634049240000,1634049180000,60ddc7da72033d00111f4be1,docker#network#out#bytes-no_subject,0.7303575184016825,1634049420000
docker49ec5acd02bcc130,linux615c996903a822001277a6a1,1634052940000,1634052820000,60ddc7da72033d00111f4be1,docker#info#containers#running-no_subject,0.71,1634053120000
nginxzero-gachis-service-master,docker,1634058380000,1634057180000,60ddc7da72033d00111f4be1,docker#cpu#system#pct-no_subject,0.7387076759343435,1634058740000
pythonstock-service-master,docker,1634059860000,1634059800000,60ddc7da72033d00111f4be1,docker#memory#rss#total-no_subject,0.72625,1634060040000
pythonstock-service-master,docker,1634059860000,1634059800000,60ddc7da72033d00111f4be1,docker#memory#usage#total-no_subject,0.7199773457920511,1634060040000
donation-cron-master,docker,1634083320000,1634083260000,60ddc7da72033d00111f4be1,docker#network#out#packets-no_subject,0.7315497076023393,1634083500000
donation-cron-master,docker,1634083320000,1634083260000,60ddc7da72033d00111f4be1,docker#network#out#bytes-no_subject,0.7247619047619048,1634083500000
packetaipacket-ai-agent-service-master,docker,1634083730000,1634083670000,60ddc7da72033d00111f4be1,docker#network#in#bytes-no_subject,0.7345485835319036,1634083910000
dead-letter-celery-master,docker,1634085870000,1634085690000,60ddc7da72033d00111f4be1,docker#network#in#bytes-no_subject,0.8557813191677733,1634086050000
dead-letter-celery-master,docker,1634085870000,1634085690000,60ddc7da72033d00111f4be1,docker#network#out#bytes-no_subject,0.7978470082062438,1634086050000
dead-letter-celery-master,docker,1634085870000,1634085690000,60ddc7da72033d00111f4be1,docker#network#in#packets-no_subject,0.7713797810925475,1634086050000
pythondead-letter-rabbit-master,docker,1634085840000,1634085720000,60ddc7da72033d00111f4be1,docker#network#in#bytes-no_subject,0.7046384077775912,1634086020000
pythondead-letter-rabbit-master,docker,1634085840000,1634085720000,60ddc7da72033d00111f4be1,docker#network#out#packets-no_subject,0.7168608414979665,1634086020000
pythondead-letter-rabbit-master,docker,1634085840000,1634085720000,60ddc7da72033d00111f4be1,docker#network#out#bytes-no_subject,0.7143433903548834,1634086020000
nginxapi-gateway-service-master,docker,1634101840000,1634101720000,60ddc7da72033d00111f4be1,docker#memory#rss#total-no_subject,0.71,1634102020000
pythonhelpdesk-service-master,docker,1634104220000,1634104160000,60ddc7da72033d00111f4be1,docker#network#out#packets-no_subject,0.7046272335181761,1634104400000
pythonauth-service-master,docker,1634104910000,1634104850000,60ddc7da72033d00111f4be1,docker#network#in#bytes-no_subject,0.731552346570397,1634105090000
pythonauth-service-master,docker,1634104910000,1634104850000,60ddc7da72033d00111f4be1,docker#network#in#packets-no_subject,0.7327976190476191,1634105090000
pythonauth-service-master,docker,1634104910000,1634104850000,60ddc7da72033d00111f4be1,docker#network#out#packets-no_subject,0.7325368731563421,1634105090000
packetaipacket-ai-agent-service-master,docker,1634110730000,1634110670000,60ddc7da72033d00111f4be1,docker#network#in#bytes-no_subject,0.7326968373693264,1634110910000
pythonstock-service-master,docker,1634110980000,1634110920000,60ddc7da72033d00111f4be1,docker#network#in#bytes-no_subject,0.7018244170096022,1634111220000
traefiktraefik-master,docker,1634111930000,1634111870000,60ddc7da72033d00111f4be1,docker#network#out#bytes-no_subject,0.7186578321440708,1634112110000
nodeheadless-browser-service-master,docker,1634113730000,1634113670000,60ddc7da72033d00111f4be1,docker#memory#usage#total-no_subject,0.7250137675758365,1634113910000
nodeheadless-browser-service-master,docker,1634113730000,1634113670000,60ddc7da72033d00111f4be1,docker#network#in#packets-no_subject,0.708501233742103,1634113910000
nodeheadless-browser-service-master,docker,1634113730000,1634113670000,60ddc7da72033d00111f4be1,docker#network#out#bytes-no_subject,0.7154394693200663,1634113910000
pythonsales-service-master,docker,1634113920000,1634113800000,60ddc7da72033d00111f4be1,docker#network#out#packets-no_subject,0.7583395291201983,1634114160000
pythonsales-service-master,docker,1634113920000,1634113800000,60ddc7da72033d00111f4be1,docker#network#in#packets-no_subject,0.7461556587580969,1634114160000
pythonsales-service-master,docker,1634114160000,1634113800000,60ddc7da72033d00111f4be1,docker#network#out#bytes-no_subject,0.8275344687753448,1634114340000
nodeheadless-browser-service-master,docker,1634114390000,1634114330000,60ddc7da72033d00111f4be1,docker#network#out#packets-no_subject,0.7261160567095285,1634114570000
nodeheadless-browser-service-master,docker,1634115230000,1634115110000,60ddc7da72033d00111f4be1,docker#memory#rss#total-no_subject,0.727810857033996,1634115410000
javakeycloak-service-master,docker,1634116970000,1634116910000,60ddc7da72033d00111f4be1,docker#network#in#bytes-no_subject,0.7335145784081955,1634117150000
javakeycloak-service-master,docker,1634117030000,1634116910000,60ddc7da72033d00111f4be1,docker#network#in#packets-no_subject,0.8030351681957186,1634117210000
javakeycloak-service-master,docker,1634117030000,1634116910000,60ddc7da72033d00111f4be1,docker#network#out#packets-no_subject,0.8026379400945874,1634117210000
zero-gachis-celery-master,docker,1634118080000,1634118020000,60ddc7da72033d00111f4be1,docker#network#in#packets-no_subject,0.7151567325583995,1634118260000
zero-gachis-celery-master,docker,1634118080000,1634118020000,60ddc7da72033d00111f4be1,docker#network#in#bytes-no_subject,0.7299226160987417,1634118260000
zero-gachis-celery-master,docker,1634118080000,1634118020000,60ddc7da72033d00111f4be1,docker#network#out#packets-no_subject,0.7205221062938874,1634118260000
datadog-agent-service-master,docker,1634118230000,1634118050000,60ddc7da72033d00111f4be1,docker#memory#usage#pct-no_subject,0.8182137970633571,1634118410000
linux61519a10775ac7001184c287,linux61519a10775ac7001184c287,1634118190000,1634118070000,60ddc7da72033d00111f4be1,system#memory#actual#used#pct-no_subject,0.71,1634118370000
dead-letter-cron-master,docker,1634118080000,1634117840000,60ddc7da72033d00111f4be1,docker#memory#usage#total-no_subject,0.7042047660903644,1634118680000
linux615c996903a822001277a6a1,linux615c996903a822001277a6a1,1634118710000,1634118590000,60ddc7da72033d00111f4be1,system#memory#actual#used#pct-no_subject,0.71,1634118890000
linux615c996903a822001277a6a1,linux615c996903a822001277a6a1,1634118770000,1634118590000,60ddc7da72033d00111f4be1,system#network#out#bytes-no_subject,0.7849999999999999,1634118950000
linux615c996903a822001277a6a1,linux615c996903a822001277a6a1,1634118770000,1634118590000,60ddc7da72033d00111f4be1,system#network#in#packets-no_subject,0.7849999999999999,1634118950000
linux615c996903a822001277a6a1,linux615c996903a822001277a6a1,1634118770000,1634118590000,60ddc7da72033d00111f4be1,system#network#out#packets-no_subject,0.7849999999999999,1634118950000
pythonzero-gachis-rabbit-master,docker,1634123370000,1634122770000,60ddc7da72033d00111f4be1,docker#cpu#user#pct-no_subject,0.7555392990963942,1634123550000
nginxapi-gateway-service-master,docker,1634125360000,1634124700000,60ddc7da72033d00111f4be1,docker#diskio#summary#ops-no_subject,0.7747504006931489,1634125540000
traefiktraefik-master,docker,1634126270000,1634126210000,60ddc7da72033d00111f4be1,docker#network#in#packets-no_subject,0.7081766381766382,1634129330000
traefiktraefik-master,docker,1634126690000,1634126210000,60ddc7da72033d00111f4be1,docker#network#out#bytes-no_subject,0.8328927164407597,1634129330000
traefiktraefik-master,docker,1634126690000,1634126210000,60ddc7da72033d00111f4be1,docker#network#out#packets-no_subject,0.9452985638699923,1634129330000
docker49ec5acd02bcc130,linux615c996903a822001277a6a1,1634118760000,1634118640000,60ddc7da72033d00111f4be1,docker#diskio#summary#rate-no_subject,0.71,1634129440000
docker49ec5acd02bcc130,linux615c996903a822001277a6a1,1634118760000,1634118640000,60ddc7da72033d00111f4be1,docker#memory#rss#total-no_subject,0.71,1634129440000
docker49ec5acd02bcc130,linux615c996903a822001277a6a1,1634128540000,1634121280000,60ddc7da72033d00111f4be1,docker#cpu#system#pct-no_subject,0.7383996308692353,1634129440000
docker49ec5acd02bcc130,linux615c996903a822001277a6a1,1634119300000,1634118640000,60ddc7da72033d00111f4be1,docker#diskio#summary#ops-no_subject,0.995,1634129440000
docker49ec5acd02bcc130,linux615c996903a822001277a6a1,1634129440000,1634118700000,60ddc7da72033d00111f4be1,docker#info#containers#running-no_subject,1,1634129620000
pythonsales-service-master,docker,1634128920000,1634128020000,60ddc7da72033d00111f4be1,docker#network#in#bytes-no_subject,0.7935615355675466,1634130300000
pythondonation-rabbit-master,docker,1634130300000,1634130240000,60ddc7da72033d00111f4be1,docker#network#out#packets-no_subject,0.7366666666666667,1634130480000
pythondonation-rabbit-master,docker,1634130300000,1634130240000,60ddc7da72033d00111f4be1,docker#network#in#packets-no_subject,0.7366666666666667,1634130480000
pythondonation-rabbit-master,docker,1634130300000,1634130240000,60ddc7da72033d00111f4be1,docker#network#out#bytes-no_subject,0.7327771295215869,1634130480000
pythonexternal-is-rabbit-master,docker,1634129640000,1634122740000,60ddc7da72033d00111f4be1,docker#network#in#packets-no_subject,0.9993245525160419,1634131080000
pythonexternal-is-rabbit-master,docker,1634129700000,1634122740000,60ddc7da72033d00111f4be1,docker#memory#usage#pct-no_subject,0.7134097261843632,1634131080000
pythonexternal-is-rabbit-master,docker,1634129640000,1634122740000,60ddc7da72033d00111f4be1,docker#network#out#packets-no_subject,0.9858728557013118,1634131080000
pythonexternal-is-rabbit-master,docker,1634129700000,1634122740000,60ddc7da72033d00111f4be1,docker#memory#rss#pct-no_subject,0.7115298455297544,1634131080000
pythonexternal-is-rabbit-master,docker,1634129640000,1634122740000,60ddc7da72033d00111f4be1,docker#network#in#bytes-no_subject,0.9986915276414786,1634131080000
pythonexternal-is-rabbit-master,docker,1634130540000,1634122740000,60ddc7da72033d00111f4be1,docker#memory#usage#total-no_subject,0.9442472203223033,1634131080000
pythonexternal-is-rabbit-master,docker,1634130540000,1634122740000,60ddc7da72033d00111f4be1,docker#memory#rss#total-no_subject,0.962465518763323,1634131080000
nginxzero-gachis-service-master,docker,1634129300000,1634127980000,60ddc7da72033d00111f4be1,docker#memory#rss#total-no_subject,0.7169414771101227,1634131460000
linux615c996903a822001277a6a1,linux615c996903a822001277a6a1,1634132810000,1634132570000,60ddc7da72033d00111f4be1,system#diskio#iostat#write#per_sec#bytes-nvme0n1p1,0.8400000000000001,1634132990000
linux615c996903a822001277a6a1,linux615c996903a822001277a6a1,1634132810000,1634132570000,60ddc7da72033d00111f4be1,system#diskio#iostat#write#per_sec#bytes-nvme0n1,0.8400000000000001,1634132990000
docker49ec5acd02bcc130,linux615c996903a822001277a6a1,1634133160000,1634132800000,60ddc7da72033d00111f4be1,docker#memory#usage#pct-no_subject,0.925,1634133400000
nodeheadless-browser-service-master,docker,1634138030000,1634137430000,60ddc7da72033d00111f4be1,docker#network#in#packets-no_subject,0.7550132000531913,1634138210000
nodeheadless-browser-service-master,docker,1634138030000,1634137430000,60ddc7da72033d00111f4be1,docker#network#out#bytes-no_subject,0.7012929251981731,1634138210000
nodeheadless-browser-service-master,docker,1634138030000,1634137430000,60ddc7da72033d00111f4be1,docker#network#out#packets-no_subject,0.7022717479604409,1634138210000
nodeheadless-browser-service-master,docker,1634138150000,1634137430000,60ddc7da72033d00111f4be1,docker#memory#rss#pct-no_subject,0.7299784961524102,1634138330000
pythonhelpdesk-rabbit-master,docker,1634140380000,1634139660000,60ddc7da72033d00111f4be1,docker#network#out#packets-no_subject,0.7545170579454065,1634141040000
nodeheadless-browser-service-master,docker,1634140370000,1634138750000,60ddc7da72033d00111f4be1,docker#cpu#total#pct-no_subject,0.7591989347877979,1634141030000
nodeheadless-browser-service-master,docker,1634140550000,1634139110000,60ddc7da72033d00111f4be1,docker#memory#rss#pct-no_subject,0.8419218765772188,1634141030000
nodeheadless-browser-service-master,docker,1634140550000,1634139110000,60ddc7da72033d00111f4be1,docker#memory#usage#pct-no_subject,0.8307663365093628,1634141030000
nodeheadless-browser-service-master,docker,1634140250000,1634138810000,60ddc7da72033d00111f4be1,docker#network#in#packets-no_subject,0.7142049400414203,1634141030000
nodeheadless-browser-service-master,docker,1634140430000,1634139350000,60ddc7da72033d00111f4be1,docker#diskio#summary#rate-no_subject,0.7612837949940934,1634141030000
nodeheadless-browser-service-master,docker,1634140430000,1634138750000,60ddc7da72033d00111f4be1,docker#cpu#kernel#pct-no_subject,0.7144592890571987,1634141030000
nodeheadless-browser-service-master,docker,1634140250000,1634138810000,60ddc7da72033d00111f4be1,docker#network#in#bytes-no_subject,0.7196830710010181,1634141030000
nodeheadless-browser-service-master,docker,1634140430000,1634138810000,60ddc7da72033d00111f4be1,docker#network#out#bytes-no_subject,0.705498116027197,1634141030000
nodeheadless-browser-service-master,docker,1634140430000,1634138750000,60ddc7da72033d00111f4be1,docker#cpu#user#pct-no_subject,0.7489683561013699,1634141030000
nodeheadless-browser-service-master,docker,1634140130000,1634138810000,60ddc7da72033d00111f4be1,docker#network#out#packets-no_subject,0.704867584595033,1634141030000
nginxzero-gachis-service-master,docker,1634140340000,1634139560000,60ddc7da72033d00111f4be1,docker#network#in#packets-no_subject,0.7120400825174036,1634142320000
docker49ec5acd02bcc130,linux615c996903a822001277a6a1,1634143600000,1634143480000,60ddc7da72033d00111f4be1,docker#info#containers#running-no_subject,0.71,1634143780000
dockerde02adac4f0196da,linux61519a10775ac7001184c287,1634145640000,1634145580000,60ddc7da72033d00111f4be1,docker#diskio#summary#ops-no_subject,0.7126059837646382,1634145820000
packetaipacket-ai-agent-service-master,docker,1634148530000,1634148470000,60ddc7da72033d00111f4be1,docker#network#in#bytes-no_subject,0.7358730158730159,1634148710000
dead-letter-celery-master,docker,1634147130000,1634147070000,60ddc7da72033d00111f4be1,docker#network#out#bytes-no_subject,0.7128400605399609,1634148750000
donation-celery-master,docker,1634148840000,1634148180000,60ddc7da72033d00111f4be1,docker#memory#rss#pct-no_subject,0.7365059339290889,1634151300000
traefiktraefik-master,docker,1634152490000,1634150210000,60ddc7da72033d00111f4be1,docker#cpu#system#pct-no_subject,0.7474191715035897,1634154050000
javakeycloak-service-master,docker,1634155310000,1634154710000,60ddc7da72033d00111f4be1,docker#cpu#system#pct-no_subject,0.732740094702543,1634156390000
nodeheadless-browser-service-master,docker,1634155310000,1634154710000,60ddc7da72033d00111f4be1,docker#cpu#system#pct-no_subject,0.7053282284683409,1634156390000
dead-letter-celery-master,docker,1634155290000,1634154750000,60ddc7da72033d00111f4be1,docker#cpu#system#pct-no_subject,0.7557866978496719,1634156130000
donation-cron-master,docker,1634169840000,1634169780000,60ddc7da72033d00111f4be1,docker#network#out#packets-no_subject,0.7009170203043741,1634171100000
donation-cron-master,docker,1634169840000,1634169780000,60ddc7da72033d00111f4be1,docker#network#in#bytes-no_subject,0.7296675415573054,1634171100000
donation-cron-master,docker,1634169840000,1634169780000,60ddc7da72033d00111f4be1,docker#network#out#bytes-no_subject,0.7211627906976744,1634171100000
external-is-cron-master,docker,1634162500000,1634162440000,60ddc7da72033d00111f4be1,docker#network#in#packets-no_subject,0.7279406631762653,1634174680000
external-is-cron-master,docker,1634162500000,1634162440000,60ddc7da72033d00111f4be1,docker#network#out#packets-no_subject,0.7272139303482588,1634174680000
external-is-cron-master,docker,1634162500000,1634162440000,60ddc7da72033d00111f4be1,docker#network#in#bytes-no_subject,0.73,1634174680000
pythonauth-service-master,docker,1634191310000,1634191250000,60ddc7da72033d00111f4be1,docker#network#in#bytes-no_subject,0.7315844544095665,1634191490000
pythonauth-service-master,docker,1634191310000,1634191250000,60ddc7da72033d00111f4be1,docker#network#in#packets-no_subject,0.7325222024866784,1634191490000
pythonauth-service-master,docker,1634191310000,1634191250000,60ddc7da72033d00111f4be1,docker#network#out#packets-no_subject,0.7325586854460093,1634191490000
pythonsales-service-master,docker,1634193060000,1634193000000,60ddc7da72033d00111f4be1,docker#memory#rss#total-no_subject,0.7170588235294119,1634193240000
pythonsales-service-master,docker,1634193060000,1634193000000,60ddc7da72033d00111f4be1,docker#memory#usage#total-no_subject,0.7057388316151204,1634193240000
pythonhelpdesk-service-master,docker,1634198360000,1634198300000,60ddc7da72033d00111f4be1,docker#network#out#packets-no_subject,0.7094762019529969,1634198540000
pythonpipedrive-service-master,docker,1634200200000,1634200080000,60ddc7da72033d00111f4be1,docker#memory#rss#total-no_subject,0.7269120654396728,1634200440000
pythonpipedrive-service-master,docker,1634200200000,1634200080000,60ddc7da72033d00111f4be1,docker#memory#usage#total-no_subject,0.7440100250626566,1634200440000
traefiktraefik-master,docker,1634202110000,1634202050000,60ddc7da72033d00111f4be1,docker#network#out#bytes-no_subject,0.7176771787046455,1634202290000
nginxzero-gachis-api-master,docker,1634203080000,1634202900000,60ddc7da72033d00111f4be1,docker#cpu#system#pct-no_subject,0.8150390062541443,1634203260000
docker49ec5acd02bcc130,linux615c996903a822001277a6a1,1634208400000,1634208100000,60ddc7da72033d00111f4be1,docker#cpu#system#pct-no_subject,0.7192286921296995,1634208580000
pythonexternal-is-service-master,docker,1634209240000,1634209180000,60ddc7da72033d00111f4be1,docker#network#out#packets-no_subject,0.733167104111986,1634209480000
pythonexternal-is-service-master,docker,1634209240000,1634209180000,60ddc7da72033d00111f4be1,docker#network#in#packets-no_subject,0.7320752984389348,1634209480000
pythonexternal-is-service-master,docker,1634209300000,1634209180000,60ddc7da72033d00111f4be1,docker#network#in#bytes-no_subject,0.7968213783403657,1634209480000
pythonexternal-is-service-master,docker,1634209900000,1634209360000,60ddc7da72033d00111f4be1,docker#memory#usage#pct-no_subject,0.7664157130624208,1634210080000
javakeycloak-service-master,docker,1634216150000,1634216090000,60ddc7da72033d00111f4be1,docker#network#in#bytes-no_subject,0.732335105335696,1634216330000
dockerde02adac4f0196da,linux61519a10775ac7001184c287,1634216500000,1634216380000,60ddc7da72033d00111f4be1,docker#memory#usage#total-no_subject,0.7338300971643147,1634216680000
dockerde02adac4f0196da,linux61519a10775ac7001184c287,1634216500000,1634216380000,60ddc7da72033d00111f4be1,docker#memory#rss#total-no_subject,0.700167233898073,1634216680000
nodeheadless-browser-service-master,docker,1634217830000,1634217770000,60ddc7da72033d00111f4be1,docker#memory#usage#total-no_subject,0.7366666666666667,1634218790000
pythonsales-service-master,docker,1634219700000,1634219460000,60ddc7da72033d00111f4be1,docker#network#in#bytes-no_subject,0.8672186836518047,1634219880000
pythonsales-service-master,docker,1634219700000,1634219460000,60ddc7da72033d00111f4be1,docker#network#in#packets-no_subject,0.8745631067961165,1634219880000
pythonexternal-is-service-master,docker,1634219800000,1634219740000,60ddc7da72033d00111f4be1,docker#memory#rss#total-no_subject,0.7366666666666667,1634219980000
pythonexternal-is-service-master,docker,1634219800000,1634219740000,60ddc7da72033d00111f4be1,docker#memory#usage#total-no_subject,0.7366666666666667,1634219980000
javakeycloak-service-master,docker,1634220230000,1634220110000,60ddc7da72033d00111f4be1,docker#network#in#packets-no_subject,0.8026552053486151,1634222570000
javakeycloak-service-master,docker,1634220230000,1634220110000,60ddc7da72033d00111f4be1,docker#network#out#bytes-no_subject,0.8044361833952912,1634222570000
javakeycloak-service-master,docker,1634220230000,1634220110000,60ddc7da72033d00111f4be1,docker#network#out#packets-no_subject,0.8045658263305322,1634222570000
traefiktraefik-master,docker,1634226350000,1634226290000,60ddc7da72033d00111f4be1,docker#network#in#bytes-no_subject,0.719054142204827,1634226530000
dotnet-template-service-master,docker,1634230550000,1634230490000,60ddc7da72033d00111f4be1,docker#network#out#packets-no_subject,0.7024461343472751,1634230730000
dead-letter-celery-master,docker,1634233530000,1634233470000,60ddc7da72033d00111f4be1,docker#network#in#bytes-no_subject,0.7265031001749652,1634233710000
dead-letter-celery-master,docker,1634233530000,1634233470000,60ddc7da72033d00111f4be1,docker#network#out#packets-no_subject,0.7328000315286438,1634233710000
dead-letter-celery-master,docker,1634233530000,1634233470000,60ddc7da72033d00111f4be1,docker#network#out#bytes-no_subject,0.7277134986225896,1634233710000
dead-letter-celery-master,docker,1634233530000,1634233470000,60ddc7da72033d00111f4be1,docker#network#in#packets-no_subject,0.7225387746368735,1634233710000
pythondead-letter-rabbit-master,docker,1634233500000,1634233440000,60ddc7da72033d00111f4be1,docker#network#out#packets-no_subject,0.7193390905496916,1634233680000
pythondead-letter-rabbit-master,docker,1634233500000,1634233440000,60ddc7da72033d00111f4be1,docker#network#out#bytes-no_subject,0.7022829159757343,1634233680000
packetaipacket-ai-agent-service-master,docker,1634235830000,1634235230000,60ddc7da72033d00111f4be1,docker#memory#rss#pct-no_subject,0.7287976674029092,1634236010000
pythonpipedrive-rabbit-master,docker,1634248860000,1634248800000,60ddc7da72033d00111f4be1,docker#network#out#packets-no_subject,0.7094366197183098,1634249040000
pythonstock-service-master,docker,1634254380000,1634254260000,60ddc7da72033d00111f4be1,docker#memory#rss#total-no_subject,0.7770370370370371,1634254560000
pythonstock-service-master,docker,1634254380000,1634254260000,60ddc7da72033d00111f4be1,docker#memory#usage#total-no_subject,0.7689855072463768,1634254560000
donation-cron-master,docker,1634256120000,1634256060000,60ddc7da72033d00111f4be1,docker#network#out#packets-no_subject,0.7036401357252963,1634256300000
donation-cron-master,docker,1634256120000,1634256060000,60ddc7da72033d00111f4be1,docker#network#in#packets-no_subject,0.7312021857923497,1634256300000
donation-cron-master,docker,1634256120000,1634256060000,60ddc7da72033d00111f4be1,docker#network#out#bytes-no_subject,0.7253147574819402,1634256300000
nginxzero-gachis-service-master,docker,1634261240000,1634261120000,60ddc7da72033d00111f4be1,docker#network#out#packets-no_subject,0.7427407875252247,1634261420000
nginxzero-gachis-service-master,docker,1634261240000,1634261120000,60ddc7da72033d00111f4be1,docker#network#in#packets-no_subject,0.740270370557023,1634261420000
docker49ec5acd02bcc130,linux615c996903a822001277a6a1,1634263600000,1634263480000,60ddc7da72033d00111f4be1,docker#network#in#bytes-no_subject,0.71,1634263780000
pythonexternal-is-rabbit-master,docker,1634268420000,1634268300000,60ddc7da72033d00111f4be1,docker#network#out#packets-no_subject,0.752231182795699,1634268600000
pythondonation-service-master,docker,1634274950000,1634274890000,60ddc7da72033d00111f4be1,docker#network#in#bytes-no_subject,0.7288128969519793,1634275130000
pythondonation-service-master,docker,1634275550000,1634275490000,60ddc7da72033d00111f4be1,docker#network#in#packets-no_subject,0.7016493826279664,1634275730000
pythondonation-service-master,docker,1634275550000,1634275490000,60ddc7da72033d00111f4be1,docker#network#out#packets-no_subject,0.7046469622331691,1634275730000
pythonsales-service-master,docker,1634276760000,1634276640000,60ddc7da72033d00111f4be1,docker#network#out#bytes-no_subject,0.7258699776547028,1634276940000
pythonsales-service-master,docker,1634276760000,1634276700000,60ddc7da72033d00111f4be1,docker#network#out#packets-no_subject,0.7210288065843621,1634276940000
pythonauth-service-master,docker,1634277710000,1634277650000,60ddc7da72033d00111f4be1,docker#network#in#bytes-no_subject,0.7304222420457925,1634277890000
pythonauth-service-master,docker,1634277710000,1634277650000,60ddc7da72033d00111f4be1,docker#network#in#packets-no_subject,0.7325405246094902,1634277890000
pythonauth-service-master,docker,1634277710000,1634277650000,60ddc7da72033d00111f4be1,docker#network#out#packets-no_subject,0.7314081215308209,1634277890000
javakeycloak-service-master,docker,1634284430000,1634284370000,60ddc7da72033d00111f4be1,docker#network#out#bytes-no_subject,0.7317137196631996,1634284610000
traefiktraefik-master,docker,1634284610000,1634284550000,60ddc7da72033d00111f4be1,docker#network#out#bytes-no_subject,0.7275296108291033,1634284790000
traefiktraefik-master,docker,1634285990000,1634285930000,60ddc7da72033d00111f4be1,docker#network#out#packets-no_subject,0.7000490751226879,1634286170000
traefiktraefik-master,docker,1634287370000,1634287310000,60ddc7da72033d00111f4be1,docker#network#in#packets-no_subject,0.7134959349593496,1634287550000
pythonzero-gachis-rabbit-master,docker,1634290230000,1634290170000,60ddc7da72033d00111f4be1,docker#network#out#packets-no_subject,0.7206794564348522,1634290410000
pythonhelpdesk-service-master,docker,1634303060000,1634303000000,60ddc7da72033d00111f4be1,docker#network#out#packets-no_subject,0.7041113841113841,1634303240000
nodeheadless-browser-service-master,docker,1634307890000,1634307830000,60ddc7da72033d00111f4be1,docker#memory#usage#total-no_subject,0.7314173228346457,1634308070000
zero-gachis-celery-master,docker,1634307800000,1634307740000,60ddc7da72033d00111f4be1,docker#network#in#packets-no_subject,0.7104061439289521,1634307980000
zero-gachis-celery-master,docker,1634307800000,1634307740000,60ddc7da72033d00111f4be1,docker#network#out#packets-no_subject,0.7124651666053019,1634307980000
zero-gachis-celery-master,docker,1634307800000,1634307740000,60ddc7da72033d00111f4be1,docker#network#in#bytes-no_subject,0.7108185880592336,1634307980000
datadog-agent-service-master,docker,1634308010000,1634307830000,60ddc7da72033d00111f4be1,docker#memory#usage#total-no_subject,0.7614527972152091,1634308190000
external-is-cron-master,docker,1634307940000,1634307820000,60ddc7da72033d00111f4be1,docker#memory#usage#total-no_subject,0.7689308176100629,1634308360000
linux61519a10775ac7001184c287,linux61519a10775ac7001184c287,1634308030000,1634307850000,60ddc7da72033d00111f4be1,system#diskio#iostat#read#per_sec#bytes-nvme0n1,0.7020886336737558,1634308210000
linux61519a10775ac7001184c287,linux61519a10775ac7001184c287,1634308030000,1634307850000,60ddc7da72033d00111f4be1,system#diskio#iostat#read#per_sec#bytes-nvme0n1p1,0.7020886336737558,1634308210000
dead-letter-celery-master,docker,1634308470000,1634308410000,60ddc7da72033d00111f4be1,docker#network#in#bytes-no_subject,0.7150781470170328,1634308650000
dead-letter-celery-master,docker,1634308470000,1634308410000,60ddc7da72033d00111f4be1,docker#network#in#packets-no_subject,0.7103851830669887,1634308650000
dead-letter-celery-master,docker,1634308470000,1634308410000,60ddc7da72033d00111f4be1,docker#network#out#packets-no_subject,0.7206862537752373,1634308650000
dead-letter-celery-master,docker,1634308470000,1634308410000,60ddc7da72033d00111f4be1,docker#network#out#bytes-no_subject,0.7288310609870599,1634308650000
pythondead-letter-rabbit-master,docker,1634308500000,1634308380000,60ddc7da72033d00111f4be1,docker#network#out#packets-no_subject,0.7733329640534263,1634308680000
pythonpipedrive-service-master,docker,1634309520000,1634308140000,60ddc7da72033d00111f4be1,docker#diskio#summary#ops-no_subject,0.7152600828119292,1634309700000
pythonhelpdesk-rabbit-master,docker,1634309520000,1634308380000,60ddc7da72033d00111f4be1,docker#network#out#packets-no_subject,0.7004470541192721,1634310300000
nginxapi-gateway-service-master,docker,1634310760000,1634309800000,60ddc7da72033d00111f4be1,docker#diskio#summary#ops-no_subject,0.7180474409300243,1634310940000
pythonexternal-is-service-master,docker,1634311420000,1634310880000,60ddc7da72033d00111f4be1,docker#diskio#summary#ops-no_subject,0.7550475855607132,1634311600000
javakeycloak-service-master,docker,1634311130000,1634311010000,60ddc7da72033d00111f4be1,docker#network#in#packets-no_subject,0.8057121038564338,1634312150000
javakeycloak-service-master,docker,1634311130000,1634311010000,60ddc7da72033d00111f4be1,docker#network#out#bytes-no_subject,0.7283262104346765,1634312150000
javakeycloak-service-master,docker,1634311130000,1634311010000,60ddc7da72033d00111f4be1,docker#network#out#packets-no_subject,0.8056167979002625,1634312150000
javakeycloak-service-master,docker,1634311130000,1634311010000,60ddc7da72033d00111f4be1,docker#network#in#bytes-no_subject,0.8058800393313668,1634312150000
pythonauth-service-master,docker,1634315150000,1634315030000,60ddc7da72033d00111f4be1,docker#memory#usage#total-no_subject,0.7912345679012346,1634315330000
docker49ec5acd02bcc130,linux615c996903a822001277a6a1,1634318260000,1634318080000,60ddc7da72033d00111f4be1,docker#network#out#bytes-no_subject,0.7849999999999999,1634318440000
pythondonation-rabbit-master,docker,1634321640000,1634321520000,60ddc7da72033d00111f4be1,docker#network#out#packets-no_subject,0.8024179219775975,1634321820000
pythondonation-rabbit-master,docker,1634321640000,1634321520000,60ddc7da72033d00111f4be1,docker#network#in#packets-no_subject,0.8020135363790186,1634321820000
pythondonation-rabbit-master,docker,1634321640000,1634321520000,60ddc7da72033d00111f4be1,docker#network#out#bytes-no_subject,0.7977415599534342,1634321820000
pythondonation-rabbit-master,docker,1634321640000,1634321520000,60ddc7da72033d00111f4be1,docker#network#in#bytes-no_subject,0.8007142857142857,1634321820000
donation-cron-master,docker,1634342580000,1634342460000,60ddc7da72033d00111f4be1,docker#network#out#bytes-no_subject,0.787089129314786,1634342760000
dead-letter-celery-master,docker,1634345070000,1634344950000,60ddc7da72033d00111f4be1,docker#network#in#bytes-no_subject,0.7270727349855667,1634345250000
dead-letter-celery-master,docker,1634345070000,1634344950000,60ddc7da72033d00111f4be1,docker#network#out#packets-no_subject,0.7184673324208367,1634345250000
dead-letter-celery-master,docker,1634345070000,1634344950000,60ddc7da72033d00111f4be1,docker#network#out#bytes-no_subject,0.7424892853455015,1634345250000
zero-gachis-cron-master,docker,1634349980000,1634349860000,60ddc7da72033d00111f4be1,docker#network#in#packets-no_subject,0.7494987538548847,1634350160000
external-is-cron-master,docker,1634353300000,1634353240000,60ddc7da72033d00111f4be1,docker#network#in#packets-no_subject,0.7204065040650406,1634353480000
external-is-cron-master,docker,1634353300000,1634353240000,60ddc7da72033d00111f4be1,docker#network#in#bytes-no_subject,0.7254019457245263,1634353480000
external-is-cron-master,docker,1634353300000,1634353240000,60ddc7da72033d00111f4be1,docker#network#out#packets-no_subject,0.7257377049180328,1634353480000
pythonauth-service-master,docker,1634364110000,1634364050000,60ddc7da72033d00111f4be1,docker#network#in#bytes-no_subject,0.7180331262939958,1634364290000
pythonauth-service-master,docker,1634364110000,1634364050000,60ddc7da72033d00111f4be1,docker#network#in#packets-no_subject,0.7234740545294636,1634364290000
pythonauth-service-master,docker,1634364110000,1634364050000,60ddc7da72033d00111f4be1,docker#network#out#packets-no_subject,0.7209735541993606,1634364290000
pythonsdet-service-master,docker,1634366690000,1634366630000,60ddc7da72033d00111f4be1,docker#memory#usage#total-no_subject,0.7009523809523811,1634366870000
nodeheadless-browser-service-master,docker,1634367470000,1634367290000,60ddc7da72033d00111f4be1,docker#cpu#system#pct-no_subject,0.7248108571507322,1634367650000
packetaipacket-ai-agent-service-master,docker,1634374730000,1634374670000,60ddc7da72033d00111f4be1,docker#network#in#bytes-no_subject,0.7324372191382501,1634374910000
pythonsales-service-master,docker,1634383920000,1634383860000,60ddc7da72033d00111f4be1,docker#memory#rss#total-no_subject,0.7314173228346457,1634384100000
pythonsales-service-master,docker,1634383920000,1634383860000,60ddc7da72033d00111f4be1,docker#memory#usage#total-no_subject,0.7271428571428572,1634384100000
packetaipacket-ai-agent-service-master,docker,1634387930000,1634387870000,60ddc7da72033d00111f4be1,docker#network#in#bytes-no_subject,0.7358739595719381,1634388110000
pythondead-letter-service-master,docker,1634390300000,1634390240000,60ddc7da72033d00111f4be1,docker#network#in#bytes-no_subject,0.7197107520446838,1634390480000
traefiktraefik-master,docker,1634392670000,1634392610000,60ddc7da72033d00111f4be1,docker#network#in#bytes-no_subject,0.7200488758553275,1634392850000
packetaipacket-ai-agent-service-master,docker,1634393210000,1634393150000,60ddc7da72033d00111f4be1,docker#network#out#packets-no_subject,0.7341944787803873,1634393390000
packetaipacket-ai-agent-service-master,docker,1634393210000,1634393150000,60ddc7da72033d00111f4be1,docker#network#out#bytes-no_subject,0.7346537842190015,1634393390000
packetaipacket-ai-agent-service-master,docker,1634393210000,1634393150000,60ddc7da72033d00111f4be1,docker#network#in#packets-no_subject,0.7329834254143647,1634393390000
traefiktraefik-master,docker,1634393390000,1634393330000,60ddc7da72033d00111f4be1,docker#network#in#packets-no_subject,0.7167722289890378,1634393570000
pythonpipedrive-service-master,docker,1634401860000,1634401740000,60ddc7da72033d00111f4be1,docker#memory#rss#total-no_subject,0.7286939571150097,1634402040000
dead-letter-celery-master,docker,1634406330000,1634406270000,60ddc7da72033d00111f4be1,docker#network#out#bytes-no_subject,0.7072899570000546,1634406510000
donation-cron-master,docker,1634429040000,1634428980000,60ddc7da72033d00111f4be1,docker#network#in#packets-no_subject,0.7239509536784742,1634429220000
donation-cron-master,docker,1634429040000,1634428860000,60ddc7da72033d00111f4be1,docker#network#out#bytes-no_subject,0.8360905349794239,1634429220000
pythonstock-service-master,docker,1634445180000,1634445120000,60ddc7da72033d00111f4be1,docker#memory#rss#total-no_subject,0.7090804597701149,1634445360000
packetaipacket-ai-agent-service-master,docker,1634447330000,1634447270000,60ddc7da72033d00111f4be1,docker#network#in#bytes-no_subject,0.7346856840993133,1634447510000
dotnet-template-service-master,docker,1634447330000,1634447270000,60ddc7da72033d00111f4be1,docker#network#in#bytes-no_subject,0.70875786163522,1634447510000
dockerde02adac4f0196da,linux61519a10775ac7001184c287,1634448520000,1634448400000,60ddc7da72033d00111f4be1,docker#memory#usage#total-no_subject,0.7077310801042991,1634448700000
pythondonation-rabbit-master,docker,1634450820000,1634450520000,60ddc7da72033d00111f4be1,docker#network#out#packets-no_subject,0.928070987654321,1634451000000
pythondonation-rabbit-master,docker,1634450820000,1634450520000,60ddc7da72033d00111f4be1,docker#network#in#packets-no_subject,0.9278876214617661,1634451000000
pythondonation-rabbit-master,docker,1634450820000,1634450520000,60ddc7da72033d00111f4be1,docker#network#out#bytes-no_subject,0.924186046511628,1634451000000
pythondonation-rabbit-master,docker,1634450820000,1634450520000,60ddc7da72033d00111f4be1,docker#network#in#bytes-no_subject,0.927027600849257,1634451000000
dotnet-template-service-master,docker,1634462330000,1634461970000,60ddc7da72033d00111f4be1,docker#cpu#kernel#pct-no_subject,0.7293811859649956,1634462510000
packetaipacket-ai-agent-service-master,docker,1634465330000,1634465270000,60ddc7da72033d00111f4be1,docker#network#in#bytes-no_subject,0.7357425742574257,1634465510000
javakeycloak-service-master,docker,1634479730000,1634479490000,60ddc7da72033d00111f4be1,docker#cpu#system#pct-no_subject,0.7599095128777166,1634479910000
dotnet-template-service-master,docker,1634479730000,1634479490000,60ddc7da72033d00111f4be1,docker#cpu#system#pct-no_subject,0.7349048690333214,1634479910000
pythonpipedrive-rabbit-master,docker,1634480340000,1634480280000,60ddc7da72033d00111f4be1,docker#network#out#bytes-no_subject,0.7190924805531548,1634480520000
pythonpipedrive-rabbit-master,docker,1634480340000,1634480280000,60ddc7da72033d00111f4be1,docker#network#out#packets-no_subject,0.7201248439450687,1634480520000
pythonauth-service-master,docker,1634492390000,1634492330000,60ddc7da72033d00111f4be1,docker#cpu#system#pct-no_subject,0.7008616826340667,1634492570000
pythondead-letter-service-master,docker,1634497040000,1634496980000,60ddc7da72033d00111f4be1,docker#network#out#packets-no_subject,0.7240842820051926,1634497220000
pythondead-letter-service-master,docker,1634497040000,1634496980000,60ddc7da72033d00111f4be1,docker#network#in#packets-no_subject,0.7235862219315458,1634497220000
pythondead-letter-service-master,docker,1634497040000,1634496980000,60ddc7da72033d00111f4be1,docker#network#out#bytes-no_subject,0.7260878243512975,1634497220000
pythondead-letter-service-master,docker,1634497040000,1634496980000,60ddc7da72033d00111f4be1,docker#network#in#bytes-no_subject,0.7354582074521652,1634497220000
traefiktraefik-master,docker,1634512970000,1634512910000,60ddc7da72033d00111f4be1,docker#network#in#bytes-no_subject,0.71453125,1634513150000
donation-cron-master,docker,1634515320000,1634515260000,60ddc7da72033d00111f4be1,docker#network#out#bytes-no_subject,0.7253672316384181,1634515500000
zero-gachis-celery-master,docker,1634519060000,1634518880000,60ddc7da72033d00111f4be1,docker#network#in#packets-no_subject,0.8347273242624639,1634519240000
zero-gachis-celery-master,docker,1634519060000,1634518880000,60ddc7da72033d00111f4be1,docker#network#out#packets-no_subject,0.8367700915139253,1634519240000
zero-gachis-celery-master,docker,1634519060000,1634518880000,60ddc7da72033d00111f4be1,docker#network#in#bytes-no_subject,0.837778101002924,1634519240000
linux61519a10775ac7001184c287,linux61519a10775ac7001184c287,1634519050000,1634518870000,60ddc7da72033d00111f4be1,system#cpu#total#pct-no_subject,0.7849999999999999,1634519230000
packetaipacket-ai-agent-service-master,docker,1634522930000,1634522870000,60ddc7da72033d00111f4be1,docker#network#in#bytes-no_subject,0.7362707838479811,1634523110000
docker49ec5acd02bcc130,linux615c996903a822001277a6a1,1634523100000,1634522560000,60ddc7da72033d00111f4be1,docker#cpu#kernel#pct-no_subject,0.985,1634523280000
pythonpipedrive-service-master,docker,1634527200000,1634527080000,60ddc7da72033d00111f4be1,docker#network#in#packets-no_subject,0.7994290309609973,1634527560000
packetaipacket-ai-agent-service-master,docker,1634527310000,1634527190000,60ddc7da72033d00111f4be1,docker#network#out#packets-no_subject,0.7330041152263375,1634527910000
packetaipacket-ai-agent-service-master,docker,1634527310000,1634527130000,60ddc7da72033d00111f4be1,docker#network#in#packets-no_subject,0.8120824004187098,1634527910000
dotnet-template-service-master,docker,1634527670000,1634527250000,60ddc7da72033d00111f4be1,docker#diskio#summary#ops-no_subject,0.8419497016070753,1634527850000
sdet-celery-master,docker,1634527720000,1634527300000,60ddc7da72033d00111f4be1,docker#diskio#summary#ops-no_subject,0.7823297753136081,1634527900000
zero-gachis-cron-master,docker,1634527700000,1634527280000,60ddc7da72033d00111f4be1,docker#memory#usage#pct-no_subject,0.8093791611221169,1634528000000
pythondonation-rabbit-master,docker,1634527680000,1634527140000,60ddc7da72033d00111f4be1,docker#cpu#system#pct-no_subject,0.7594891374914904,1634527920000
pythondonation-rabbit-master,docker,1634527740000,1634527080000,60ddc7da72033d00111f4be1,docker#memory#usage#total-no_subject,0.8363424931351595,1634527920000
external-is-cron-master,docker,1634527540000,1634527120000,60ddc7da72033d00111f4be1,docker#cpu#system#pct-no_subject,0.8361161258144411,1634527960000
donation-cron-master,docker,1634527620000,1634527200000,60ddc7da72033d00111f4be1,docker#memory#usage#total-no_subject,0.71591930779109,1634527800000
nginxzero-gachis-service-master,docker,1634527460000,1634527100000,60ddc7da72033d00111f4be1,docker#memory#rss#pct-no_subject,0.8138226400607532,1634527700000
nginxzero-gachis-service-master,docker,1634527700000,1634527160000,60ddc7da72033d00111f4be1,docker#memory#rss#total-no_subject,0.8225256376926405,1634527940000
pythonzero-gachis-rabbit-master,docker,1634527650000,1634527230000,60ddc7da72033d00111f4be1,docker#cpu#system#pct-no_subject,0.7187941312517911,1634527950000
pythondead-letter-service-master,docker,1634527940000,1634527460000,60ddc7da72033d00111f4be1,docker#diskio#summary#ops-no_subject,0.7864263083392364,1634528120000
pythonhelpdesk-service-master,docker,1634527880000,1634527520000,60ddc7da72033d00111f4be1,docker#diskio#summary#ops-no_subject,0.7997498599374087,1634528060000
javakeycloak-service-master,docker,1634527670000,1634527070000,60ddc7da72033d00111f4be1,docker#cpu#system#pct-no_subject,0.7073814293884993,1634528030000
javakeycloak-service-master,docker,1634528030000,1634527730000,60ddc7da72033d00111f4be1,docker#diskio#summary#ops-no_subject,0.7749986055922523,1634528210000
packetaipacket-ai-agent-service-master,docker,1634527910000,1634527430000,60ddc7da72033d00111f4be1,docker#diskio#summary#ops-no_subject,0.8642535331659137,1634528270000
pythonsdet-service-master,docker,1634527850000,1634527370000,60ddc7da72033d00111f4be1,docker#diskio#summary#ops-no_subject,0.7816215729502402,1634528030000
pythonemail-service-master,docker,1634528030000,1634527610000,60ddc7da72033d00111f4be1,docker#diskio#summary#ops-no_subject,0.7894135131471357,1634528210000
nginxapi-gateway-service-master,docker,1634527780000,1634527120000,60ddc7da72033d00111f4be1,docker#memory#rss#total-no_subject,0.7015905891964721,1634528080000
nginxapi-gateway-service-master,docker,1634527780000,1634527060000,60ddc7da72033d00111f4be1,docker#memory#usage#total-no_subject,0.7928554172509421,1634528080000
nginxapi-gateway-service-master,docker,1634527960000,1634527240000,60ddc7da72033d00111f4be1,docker#memory#usage#pct-no_subject,0.7109578377754179,1634528200000
pythonexternal-is-rabbit-master,docker,1634527740000,1634527440000,60ddc7da72033d00111f4be1,docker#memory#rss#total-no_subject,0.831111833382204,1634528040000
pythonexternal-is-rabbit-master,docker,1634527860000,1634527140000,60ddc7da72033d00111f4be1,docker#cpu#system#pct-no_subject,0.8030411880663925,1634528040000
pythonexternal-is-rabbit-master,docker,1634527740000,1634527440000,60ddc7da72033d00111f4be1,docker#memory#usage#total-no_subject,0.8270191297188028,1634528040000
pythonexternal-is-rabbit-master,docker,1634528040000,1634527620000,60ddc7da72033d00111f4be1,docker#diskio#summary#ops-no_subject,0.7423407211454324,1634528220000
traefiktraefik-master,docker,1634527970000,1634527550000,60ddc7da72033d00111f4be1,docker#diskio#summary#ops-no_subject,0.8274247242967521,1634528150000
zero-gachis-cron-master,docker,1634528000000,1634527160000,60ddc7da72033d00111f4be1,docker#memory#rss#total-no_subject,0.8533737761329342,1634528180000
pythondonation-rabbit-master,docker,1634527920000,1634527200000,60ddc7da72033d00111f4be1,docker#memory#rss#total-no_subject,0.7767128517384858,1634528220000
zero-gachis-celery-master,docker,1634527940000,1634527700000,60ddc7da72033d00111f4be1,docker#diskio#summary#ops-no_subject,0.7874575928173321,1634528120000
sdet-cron-master,docker,1634527930000,1634527330000,60ddc7da72033d00111f4be1,docker#diskio#summary#ops-no_subject,0.8173567668948801,1634528110000
nginxzero-gachis-service-master,docker,1634527940000,1634527760000,60ddc7da72033d00111f4be1,docker#memory#rss#pct-no_subject,0.7218760109697895,1634528120000
nginxzero-gachis-service-master,docker,1634527820000,1634527160000,60ddc7da72033d00111f4be1,docker#memory#usage#total-no_subject,0.8387723407156579,1634528120000
nginxzero-gachis-service-master,docker,1634528120000,1634527340000,60ddc7da72033d00111f4be1,docker#memory#usage#pct-no_subject,0.917617769837665,1634528300000
pythonzero-gachis-rabbit-master,docker,1634527890000,1634527350000,60ddc7da72033d00111f4be1,docker#diskio#summary#ops-no_subject,0.7261473108835719,1634528070000
pythonzero-gachis-rabbit-master,docker,1634527950000,1634527290000,60ddc7da72033d00111f4be1,docker#memory#rss#total-no_subject,0.8435910294523407,1634528130000
pythonzero-gachis-rabbit-master,docker,1634527950000,1634527110000,60ddc7da72033d00111f4be1,docker#memory#usage#total-no_subject,0.8399501234994746,1634528130000
nginxzero-gachis-api-master,docker,1634527560000,1634527200000,60ddc7da72033d00111f4be1,docker#memory#usage#total-no_subject,0.925,1634528220000
nginxzero-gachis-api-master,docker,1634527680000,1634527140000,60ddc7da72033d00111f4be1,docker#cpu#system#pct-no_subject,0.7450253499925633,1634528220000
nginxzero-gachis-api-master,docker,1634528100000,1634527320000,60ddc7da72033d00111f4be1,docker#diskio#summary#ops-no_subject,0.8372221507086811,1634528280000
linux61519a10775ac7001184c287,linux61519a10775ac7001184c287,1634527630000,1634526910000,60ddc7da72033d00111f4be1,system#diskio#iostat#read#per_sec#bytes-nvme0n1p1,0.8483474399968821,1634528110000
linux61519a10775ac7001184c287,linux61519a10775ac7001184c287,1634527630000,1634526910000,60ddc7da72033d00111f4be1,system#diskio#iostat#read#per_sec#bytes-nvme0n1,0.8483474399968821,1634528110000
packetaipacket-ai-agent-service-master,docker,1634528270000,1634528030000,60ddc7da72033d00111f4be1,docker#network#in#bytes-no_subject,0.80862603902099,1634528450000
nginxapi-gateway-service-master,docker,1634528200000,1634527720000,60ddc7da72033d00111f4be1,docker#diskio#summary#ops-no_subject,0.7872089581357952,1634528380000
pythonhelpdesk-rabbit-master,docker,1634528340000,1634527260000,60ddc7da72033d00111f4be1,docker#memory#usage#total-no_subject,0.7648382525512151,1634528520000
nginxzero-gachis-api-master,docker,1634528220000,1634527860000,60ddc7da72033d00111f4be1,docker#memory#usage#pct-no_subject,0.9156586553409398,1634528400000
pythonzero-gachis-rabbit-master,docker,1634528670000,1634528370000,60ddc7da72033d00111f4be1,docker#memory#rss#pct-no_subject,0.8355434453124849,1634528850000
pythonzero-gachis-rabbit-master,docker,1634528670000,1634528370000,60ddc7da72033d00111f4be1,docker#memory#usage#pct-no_subject,0.8091952648236681,1634528850000
pythondonation-rabbit-master,docker,1634528820000,1634528280000,60ddc7da72033d00111f4be1,docker#memory#rss#total-no_subject,0.8327974640485932,1634529000000
nginxzero-gachis-service-master,docker,1634529380000,1634528900000,60ddc7da72033d00111f4be1,docker#memory#rss#pct-no_subject,0.8398048624145859,1634529560000
linux61519a10775ac7001184c287,linux61519a10775ac7001184c287,1634529430000,1634526970000,60ddc7da72033d00111f4be1,system#cpu#total#pct-no_subject,1,1634529610000
linux61519a10775ac7001184c287,linux61519a10775ac7001184c287,1634531170000,1634529730000,60ddc7da72033d00111f4be1,system#cpu#total#pct-no_subject,1,1634531350000
external-is-cron-master,docker,1634536610000,1634536550000,60ddc7da72033d00111f4be1,docker#network#in#bytes-no_subject,0.721840490797546,1634536790000
external-is-cron-master,docker,1634536610000,1634536550000,60ddc7da72033d00111f4be1,docker#network#in#packets-no_subject,0.717536231884058,1634536790000
external-is-cron-master,docker,1634536610000,1634536550000,60ddc7da72033d00111f4be1,docker#network#out#packets-no_subject,0.7188095238095237,1634536790000
dockerde02adac4f0196da,linux61519a10775ac7001184c287,1634527540000,1634527120000,60ddc7da72033d00111f4be1,docker#cpu#system#pct-no_subject,0.7098578678063473,1634537390000
dockerde02adac4f0196da,linux61519a10775ac7001184c287,1634527720000,1634527120000,60ddc7da72033d00111f4be1,docker#diskio#summary#ops-no_subject,0.90899044998392,1634537390000
dockerde02adac4f0196da,linux61519a10775ac7001184c287,1634527300000,1634527000000,60ddc7da72033d00111f4be1,docker#memory#usage#total-no_subject,0.7538838538208239,1634537390000
datadog-agent-service-master,docker,1634527790000,1634527430000,60ddc7da72033d00111f4be1,docker#diskio#summary#ops-no_subject,0.7870237843016469,1634537460000
datadog-agent-service-master,docker,1634537460000,1634526950000,60ddc7da72033d00111f4be1,docker#healthcheck#failingstreak-no_subject,1,1634537640000
dockerde02adac4f0196da,linux61519a10775ac7001184c287,1634537390000,1634526940000,60ddc7da72033d00111f4be1,docker#healthcheck#failingstreak-no_subject,1,1634537570000
packetaipacket-ai-agent-service-master,docker,1634551380000,1634551320000,60ddc7da72033d00111f4be1,docker#network#in#bytes-no_subject,0.7240084388185654,1634551560000
dead-letter-celery-master,docker,1634551660000,1634551600000,60ddc7da72033d00111f4be1,docker#network#in#packets-no_subject,0.717822445561139,1634551840000
dead-letter-celery-master,docker,1634551660000,1634551600000,60ddc7da72033d00111f4be1,docker#network#out#packets-no_subject,0.7016397228637414,1634551840000
dead-letter-celery-master,docker,1634551660000,1634551600000,60ddc7da72033d00111f4be1,docker#network#in#bytes-no_subject,0.7133904259991217,1634551840000
pythondead-letter-service-master,docker,1634551840000,1634551780000,60ddc7da72033d00111f4be1,docker#memory#rss#pct-no_subject,0.7355309483248155,1634552020000
pythonsales-service-master,docker,1634552110000,1634551810000,60ddc7da72033d00111f4be1,docker#network#in#packets-no_subject,0.7675187808542606,1634552290000
pythonsales-service-master,docker,1634552110000,1634551810000,60ddc7da72033d00111f4be1,docker#network#out#packets-no_subject,0.7712210612579389,1634552290000
pythonsales-service-master,docker,1634552110000,1634551810000,60ddc7da72033d00111f4be1,docker#network#in#bytes-no_subject,0.7770637938318546,1634552290000
pythonhelpdesk-service-master,docker,1634551840000,1634551780000,60ddc7da72033d00111f4be1,docker#memory#rss#pct-no_subject,0.7123962134429189,1634552020000
pythonhelpdesk-service-master,docker,1634552020000,1634551780000,60ddc7da72033d00111f4be1,docker#network#in#bytes-no_subject,0.797515231364569,1634552200000
pythonhelpdesk-service-master,docker,1634552020000,1634551780000,60ddc7da72033d00111f4be1,docker#network#out#packets-no_subject,0.8294510576101128,1634552200000
pythonhelpdesk-service-master,docker,1634552020000,1634551780000,60ddc7da72033d00111f4be1,docker#network#in#packets-no_subject,0.8284927969973976,1634552200000
pythonexternal-is-rabbit-master,docker,1634552110000,1634551750000,60ddc7da72033d00111f4be1,docker#cpu#system#pct-no_subject,0.7045340973684712,1634552290000
datadog-agent-service-master,docker,1634551920000,1634551680000,60ddc7da72033d00111f4be1,docker#network#out#bytes-no_subject,0.7067926013380559,1634552100000
pythonexternal-is-service-master,docker,1634551850000,1634551790000,60ddc7da72033d00111f4be1,docker#network#in#bytes-no_subject,0.7081886087768442,1634552030000
pythonexternal-is-service-master,docker,1634551850000,1634551790000,60ddc7da72033d00111f4be1,docker#network#in#packets-no_subject,0.7023260073260073,1634552030000
nginxapi-gateway-service-master,docker,1634552210000,1634551730000,60ddc7da72033d00111f4be1,docker#cpu#system#pct-no_subject,0.7304756436784768,1634552390000
pythonexternal-is-service-master,docker,1634552330000,1634552090000,60ddc7da72033d00111f4be1,docker#diskio#summary#ops-no_subject,0.7418767174519251,1634552510000
pythondonation-rabbit-master,docker,1634552230000,1634551810000,60ddc7da72033d00111f4be1,docker#cpu#system#pct-no_subject,0.7034864038682763,1634552410000
pythondead-letter-rabbit-master,docker,1634552240000,1634551820000,60ddc7da72033d00111f4be1,docker#cpu#system#pct-no_subject,0.7399563466133667,1634552420000
pythondonation-service-master,docker,1634552230000,1634551750000,60ddc7da72033d00111f4be1,docker#cpu#system#pct-no_subject,0.702719810763443,1634552410000
pythondonation-service-master,docker,1634552650000,1634551750000,60ddc7da72033d00111f4be1,docker#network#out#bytes-no_subject,0.8626785747479192,1634552830000
pythondonation-service-master,docker,1634552710000,1634551750000,60ddc7da72033d00111f4be1,docker#network#in#packets-no_subject,0.8695292942440004,1634552890000
pythondonation-service-master,docker,1634552710000,1634551750000,60ddc7da72033d00111f4be1,docker#network#out#packets-no_subject,0.866026277972912,1634552890000
nginxzero-gachis-service-master,docker,1634551840000,1634551540000,60ddc7da72033d00111f4be1,docker#memory#rss#pct-no_subject,0.7640248878577546,1634552800000
nginxzero-gachis-service-master,docker,1634552200000,1634551780000,60ddc7da72033d00111f4be1,docker#cpu#system#pct-no_subject,0.7416986134586719,1634552800000
nginxzero-gachis-service-master,docker,1634551840000,1634551540000,60ddc7da72033d00111f4be1,docker#memory#usage#pct-no_subject,0.7326496812874516,1634552800000
pythonzero-gachis-rabbit-master,docker,1634552740000,1634552440000,60ddc7da72033d00111f4be1,docker#diskio#summary#ops-no_subject,0.8065125907719438,1634552920000
packetaipacket-ai-agent-service-master,docker,1634552220000,1634551800000,60ddc7da72033d00111f4be1,docker#cpu#system#pct-no_subject,0.7365123946980884,1634553120000
pythondonation-service-master,docker,1634553010000,1634551750000,60ddc7da72033d00111f4be1,docker#network#in#bytes-no_subject,0.878488421349087,1634553190000
nginxzero-gachis-service-master,docker,1634552800000,1634551780000,60ddc7da72033d00111f4be1,docker#diskio#summary#ops-no_subject,0.8755567983420187,1634552980000
pythonsales-service-master,docker,1634553190000,1634553130000,60ddc7da72033d00111f4be1,docker#memory#usage#pct-no_subject,0.7043946583594972,1634553370000
nodeheadless-browser-service-master,docker,1634552400000,1634551800000,60ddc7da72033d00111f4be1,docker#network#in#bytes-no_subject,0.9449462365591398,1634553480000
nodeheadless-browser-service-master,docker,1634552400000,1634551800000,60ddc7da72033d00111f4be1,docker#network#out#bytes-no_subject,0.9513798754506718,1634553480000
nodeheadless-browser-service-master,docker,1634552400000,1634551800000,60ddc7da72033d00111f4be1,docker#network#out#packets-no_subject,0.9564774951076321,1634553480000
nodeheadless-browser-service-master,docker,1634552280000,1634551800000,60ddc7da72033d00111f4be1,docker#memory#usage#total-no_subject,0.9063541666666667,1634553480000
nodeheadless-browser-service-master,docker,1634552280000,1634551800000,60ddc7da72033d00111f4be1,docker#memory#rss#total-no_subject,0.9061538461538462,1634553480000
nodeheadless-browser-service-master,docker,1634552400000,1634551800000,60ddc7da72033d00111f4be1,docker#network#in#packets-no_subject,0.9459870179457809,1634553480000
dead-letter-celery-master,docker,1634552380000,1634551720000,60ddc7da72033d00111f4be1,docker#memory#rss#total-no_subject,0.995,1634553340000
dead-letter-celery-master,docker,1634552380000,1634551720000,60ddc7da72033d00111f4be1,docker#memory#usage#total-no_subject,0.995,1634553340000
pythonauth-service-master,docker,1634553490000,1634551750000,60ddc7da72033d00111f4be1,docker#diskio#summary#ops-no_subject,0.8010007214336067,1634553670000
nodeheadless-browser-service-master,docker,1634553480000,1634551740000,60ddc7da72033d00111f4be1,docker#diskio#summary#ops-no_subject,0.8966492210727762,1634553660000
dotnet-template-service-master,docker,1634553540000,1634551800000,60ddc7da72033d00111f4be1,docker#diskio#summary#ops-no_subject,0.7348201894363164,1634553720000
traefiktraefik-master,docker,1634553420000,1634553360000,60ddc7da72033d00111f4be1,docker#memory#usage#total-no_subject,0.7144444444444445,1634553600000
dead-letter-celery-master,docker,1634553640000,1634551900000,60ddc7da72033d00111f4be1,docker#diskio#summary#ops-no_subject,0.7328522360802981,1634553820000
dead-letter-cron-master,docker,1634553640000,1634551900000,60ddc7da72033d00111f4be1,docker#diskio#summary#ops-no_subject,0.830300494289672,1634553820000
donation-cron-master,docker,1634553500000,1634551760000,60ddc7da72033d00111f4be1,docker#network#in#bytes-no_subject,0.8283137299339859,1634553740000
donation-cron-master,docker,1634553560000,1634551760000,60ddc7da72033d00111f4be1,docker#diskio#summary#ops-no_subject,0.8205320227694042,1634553740000
donation-cron-master,docker,1634552780000,1634551760000,60ddc7da72033d00111f4be1,docker#network#out#packets-no_subject,0.847968073064033,1634553740000
donation-cron-master,docker,1634553080000,1634551760000,60ddc7da72033d00111f4be1,docker#network#in#packets-no_subject,0.8478697304139372,1634553740000
donation-cron-master,docker,1634553680000,1634553260000,60ddc7da72033d00111f4be1,docker#cpu#system#pct-no_subject,0.7229809422478302,1634553860000
pythonexternal-is-service-master,docker,1634570510000,1634569370000,60ddc7da72033d00111f4be1,docker#network#in#bytes-no_subject,0.8792502907449751,1634570690000
pythonexternal-is-service-master,docker,1634570510000,1634569370000,60ddc7da72033d00111f4be1,docker#network#out#packets-no_subject,0.8850049415803126,1634570690000
pythonexternal-is-service-master,docker,1634570450000,1634569370000,60ddc7da72033d00111f4be1,docker#network#in#packets-no_subject,0.8759449127067086,1634570690000
pythonexternal-is-service-master,docker,1634570990000,1634569310000,60ddc7da72033d00111f4be1,docker#network#out#bytes-no_subject,0.8744112299487569,1634571170000
traefiktraefik-master,docker,1634574480000,1634574180000,60ddc7da72033d00111f4be1,docker#network#in#bytes-no_subject,0.7288874997136808,1634574660000
traefiktraefik-master,docker,1634574600000,1634574120000,60ddc7da72033d00111f4be1,docker#network#out#bytes-no_subject,0.8084596322599564,1634574780000
traefiktraefik-master,docker,1634574600000,1634574180000,60ddc7da72033d00111f4be1,docker#network#out#packets-no_subject,0.7873867151210452,1634574780000
pythondonation-service-master,docker,1634574610000,1634574190000,60ddc7da72033d00111f4be1,docker#network#in#bytes-no_subject,0.7125710470396284,1634574910000
pythonemail-service-master,docker,1634575200000,1634574120000,60ddc7da72033d00111f4be1,docker#memory#rss#pct-no_subject,0.8088056434303071,1634575380000
pythonemail-service-master,docker,1634575200000,1634574120000,60ddc7da72033d00111f4be1,docker#memory#usage#pct-no_subject,0.747743730970187,1634575380000
docker49ec5acd02bcc130,linux615c996903a822001277a6a1,1634577520000,1634577340000,60ddc7da72033d00111f4be1,docker#cpu#kernel#pct-no_subject,0.7849999999999999,1634577700000
docker49ec5acd02bcc130,linux615c996903a822001277a6a1,1634577580000,1634577280000,60ddc7da72033d00111f4be1,docker#network#out#bytes-no_subject,0.7370459892047715,1634577760000
javakeycloak-service-master,docker,1634585880000,1634585760000,60ddc7da72033d00111f4be1,docker#network#in#bytes-no_subject,0.7107504184924114,1634586060000
javakeycloak-service-master,docker,1634585880000,1634585760000,60ddc7da72033d00111f4be1,docker#network#in#packets-no_subject,0.7022089965337309,1634586060000
zero-gachis-cron-master,docker,1634609560000,1634608840000,60ddc7da72033d00111f4be1,docker#network#out#bytes-no_subject,0.7107231056070379,1634609740000
zero-gachis-cron-master,docker,1634611300000,1634610760000,60ddc7da72033d00111f4be1,docker#network#in#bytes-no_subject,0.7013153405352464,1634611480000
pythonexternal-is-rabbit-master,docker,1634611990000,1634611570000,60ddc7da72033d00111f4be1,docker#network#out#bytes-no_subject,0.8677110341153855,1634612290000
pythonexternal-is-rabbit-master,docker,1634611990000,1634611570000,60ddc7da72033d00111f4be1,docker#network#in#packets-no_subject,0.8915033606918729,1634612290000
pythonexternal-is-rabbit-master,docker,1634611990000,1634611570000,60ddc7da72033d00111f4be1,docker#network#out#packets-no_subject,0.8916861208920263,1634612290000
pythonexternal-is-rabbit-master,docker,1634612290000,1634611570000,60ddc7da72033d00111f4be1,docker#network#in#bytes-no_subject,0.9280734006855895,1634612470000
pythonzero-gachis-rabbit-master,docker,1634612440000,1634611600000,60ddc7da72033d00111f4be1,docker#network#out#packets-no_subject,0.8382441370444775,1634612620000
pythonzero-gachis-rabbit-master,docker,1634612440000,1634611540000,60ddc7da72033d00111f4be1,docker#network#in#bytes-no_subject,0.8448509267139275,1634612620000
pythonzero-gachis-rabbit-master,docker,1634612440000,1634611600000,60ddc7da72033d00111f4be1,docker#network#in#packets-no_subject,0.8431626959485986,1634612620000
pythonzero-gachis-rabbit-master,docker,1634612440000,1634611540000,60ddc7da72033d00111f4be1,docker#network#out#bytes-no_subject,0.8126692467657933,1634612620000
pythondonation-service-master,docker,1634620210000,1634619850000,60ddc7da72033d00111f4be1,docker#network#in#packets-no_subject,0.8229652086726752,1634620390000
pythondonation-service-master,docker,1634620210000,1634619850000,60ddc7da72033d00111f4be1,docker#network#in#bytes-no_subject,0.8009681904015408,1634620390000
pythondonation-service-master,docker,1634620210000,1634619850000,60ddc7da72033d00111f4be1,docker#network#out#packets-no_subject,0.8288815302719438,1634620390000
pythondonation-service-master,docker,1634620210000,1634619850000,60ddc7da72033d00111f4be1,docker#network#out#bytes-no_subject,0.7652242034496849,1634620390000
pythondonation-service-master,docker,1634620750000,1634620450000,60ddc7da72033d00111f4be1,docker#network#in#packets-no_subject,0.7304062351428744,1634620930000
pythondonation-service-master,docker,1634620750000,1634620450000,60ddc7da72033d00111f4be1,docker#network#out#packets-no_subject,0.7286423213670972,1634620930000
dead-letter-celery-master,docker,1634623000000,1634622880000,60ddc7da72033d00111f4be1,docker#network#in#bytes-no_subject,0.7383637600399374,1634623180000
dead-letter-celery-master,docker,1634623000000,1634622880000,60ddc7da72033d00111f4be1,docker#network#out#bytes-no_subject,0.7540460578529906,1634623180000
dead-letter-celery-master,docker,1634623000000,1634622880000,60ddc7da72033d00111f4be1,docker#network#in#packets-no_subject,0.7446926908806177,1634623180000
pythondead-letter-rabbit-master,docker,1634622980000,1634622860000,60ddc7da72033d00111f4be1,docker#network#in#packets-no_subject,0.7145829013387499,1634623160000
pythondead-letter-rabbit-master,docker,1634622980000,1634622860000,60ddc7da72033d00111f4be1,docker#network#out#packets-no_subject,0.7390879185739506,1634623160000
pythondead-letter-rabbit-master,docker,1634622980000,1634622860000,60ddc7da72033d00111f4be1,docker#network#in#bytes-no_subject,0.710919541415801,1634623160000
pythondead-letter-rabbit-master,docker,1634622980000,1634622860000,60ddc7da72033d00111f4be1,docker#network#out#bytes-no_subject,0.7204048895514944,1634623160000
nginxzero-gachis-service-master,docker,1634625220000,1634624920000,60ddc7da72033d00111f4be1,docker#network#out#bytes-no_subject,0.7469823511215029,1634625400000
pythondonation-rabbit-master,docker,1634625250000,1634625010000,60ddc7da72033d00111f4be1,docker#network#in#packets-no_subject,0.741120861832055,1634625430000
pythonzero-gachis-rabbit-master,docker,1634627260000,1634626840000,60ddc7da72033d00111f4be1,docker#network#in#bytes-no_subject,0.7061319361429335,1634627440000
pythonzero-gachis-rabbit-master,docker,1634627260000,1634626840000,60ddc7da72033d00111f4be1,docker#network#in#packets-no_subject,0.7008264885075471,1634627440000
pythonhelpdesk-rabbit-master,docker,1634627730000,1634627430000,60ddc7da72033d00111f4be1,docker#network#out#bytes-no_subject,0.7429232270734065,1634627910000
pythonhelpdesk-rabbit-master,docker,1634627730000,1634627430000,60ddc7da72033d00111f4be1,docker#network#out#packets-no_subject,0.7513058671308416,1634627910000
external-is-celery-master,docker,1634631940000,1634631760000,60ddc7da72033d00111f4be1,docker#network#out#packets-no_subject,0.7209357146891854,1634632120000
external-is-celery-master,docker,1634631940000,1634631760000,60ddc7da72033d00111f4be1,docker#network#in#packets-no_subject,0.7215663212975524,1634632120000
docker49ec5acd02bcc130,linux615c996903a822001277a6a1,1634633140000,1634633020000,60ddc7da72033d00111f4be1,docker#memory#rss#pct-no_subject,0.71,1634633320000
docker49ec5acd02bcc130,linux615c996903a822001277a6a1,1634633320000,1634633020000,60ddc7da72033d00111f4be1,docker#memory#usage#pct-no_subject,0.895,1634633500000
pythonsales-service-master,docker,1634634130000,1634634010000,60ddc7da72033d00111f4be1,docker#network#in#packets-no_subject,0.7817314595510725,1634634310000
pythonsales-service-master,docker,1634634130000,1634633950000,60ddc7da72033d00111f4be1,docker#network#out#bytes-no_subject,0.843158245113082,1634634310000
pythonsales-service-master,docker,1634634130000,1634634010000,60ddc7da72033d00111f4be1,docker#network#out#packets-no_subject,0.8003543066585217,1634634310000
pythonsales-service-master,docker,1634634130000,1634634010000,60ddc7da72033d00111f4be1,docker#network#in#bytes-no_subject,0.7834383531022873,1634634310000
traefiktraefik-master,docker,1634634120000,1634634060000,60ddc7da72033d00111f4be1,docker#network#out#bytes-no_subject,0.7236085094603405,1634634300000
traefiktraefik-master,docker,1634634120000,1634634060000,60ddc7da72033d00111f4be1,docker#network#out#packets-no_subject,0.7071401846425539,1634634300000
pythonexternal-is-service-master,docker,1634634110000,1634634050000,60ddc7da72033d00111f4be1,docker#network#out#bytes-no_subject,0.7333507061512883,1634634290000
packetaipacket-ai-agent-service-master,docker,1634640780000,1634640600000,60ddc7da72033d00111f4be1,docker#memory#rss#total-no_subject,0.7147653544657425,1634640960000
pythonpipedrive-rabbit-master,docker,1634643310000,1634643190000,60ddc7da72033d00111f4be1,docker#network#in#packets-no_subject,0.7274787411038544,1634643490000
packetaipacket-ai-agent-service-master,docker,1634643480000,1634643240000,60ddc7da72033d00111f4be1,docker#network#in#bytes-no_subject,0.8835875148162783,1634643660000
pythonpipedrive-rabbit-master,docker,1634643670000,1634643550000,60ddc7da72033d00111f4be1,docker#network#in#bytes-no_subject,0.7347171556597561,1634643850000
pythonzero-gachis-rabbit-master,docker,1634652170000,1634651570000,60ddc7da72033d00111f4be1,docker#memory#usage#pct-no_subject,0.7571464428414864,1634652350000
nodeheadless-browser-service-master,docker,1634652620000,1634652560000,60ddc7da72033d00111f4be1,docker#network#in#bytes-no_subject,0.7279336550314639,1634652800000
nodeheadless-browser-service-master,docker,1634652620000,1634652560000,60ddc7da72033d00111f4be1,docker#network#in#packets-no_subject,0.7351445966514459,1634652800000
nodeheadless-browser-service-master,docker,1634652620000,1634652560000,60ddc7da72033d00111f4be1,docker#network#out#bytes-no_subject,0.735359477124183,1634652800000
nodeheadless-browser-service-master,docker,1634652620000,1634652560000,60ddc7da72033d00111f4be1,docker#network#out#packets-no_subject,0.735040650406504,1634652800000
packetaipacket-ai-agent-service-master,docker,1634655490000,1634655430000,60ddc7da72033d00111f4be1,docker#network#in#bytes-no_subject,0.7358767772511848,1634655670000
pythonhelpdesk-rabbit-master,docker,1634655460000,1634655220000,60ddc7da72033d00111f4be1,docker#network#out#packets-no_subject,0.7024429875831765,1634655640000
javakeycloak-service-master,docker,1634656990000,1634656870000,60ddc7da72033d00111f4be1,docker#network#out#packets-no_subject,0.805291387313048,1634657470000
javakeycloak-service-master,docker,1634657470000,1634656870000,60ddc7da72033d00111f4be1,docker#network#in#bytes-no_subject,0.9902361595044522,1634657650000